<?xml version="1.0" encoding="UTF-8"?>
<gpx creator="StravaGPX" version="1.1" xmlns="http://www.topografix.com/GPX/1/1" xmlns:xsi="http://www.w3.org/2001/XMLSchema-instance" xsi:schemaLocation="http://www.topografix.com/GPX/1/1 http://www.topografix.com/GPX/1/1/gpx.xsd">
 <metadata>
  <time>2025-09-12T07:44:07Z</time>
 </metadata>
 <trk>
  <name>Etappe #2 - Tour de Luxe 🇱🇺</name>
  <type>cycling</type>
  <trkseg>
   <trkpt lat="50.7719430" lon="6.0924580">
    <ele>174.7</ele>
    <time>2025-09-12T07:44:07Z</time>
   </trkpt>
   <trkpt lat="50.7719150" lon="6.0923870">
    <ele>174.8</ele>
    <time>2025-09-12T07:44:09Z</time>
   </trkpt>
   <trkpt lat="50.7718420" lon="6.0923410">
    <ele>174.8</ele>
    <time>2025-09-12T07:44:12Z</time>
   </trkpt>
   <trkpt lat="50.7717120" lon="6.0924100">
    <ele>174.9</ele>
    <time>2025-09-12T07:44:17Z</time>
   </trkpt>
   <trkpt lat="50.7715720" lon="6.0925000">
    <ele>174.9</ele>
    <time>2025-09-12T07:44:24Z</time>
   </trkpt>
   <trkpt lat="50.7715650" lon="6.0925120">
    <ele>175.0</ele>
    <time>2025-09-12T07:44:25Z</time>
   </trkpt>
   <trkpt lat="50.7715630" lon="6.0926340">
    <ele>174.8</ele>
    <time>2025-09-12T07:44:32Z</time>
   </trkpt>
   <trkpt lat="50.7715520" lon="6.0926810">
    <ele>174.8</ele>
    <time>2025-09-12T07:44:34Z</time>
   </trkpt>
   <trkpt lat="50.7715430" lon="6.0926980">
    <ele>174.7</ele>
    <time>2025-09-12T07:44:35Z</time>
   </trkpt>
   <trkpt lat="50.7715180" lon="6.0927660">
    <ele>174.6</ele>
    <time>2025-09-12T07:44:39Z</time>
   </trkpt>
   <trkpt lat="50.7714730" lon="6.0930000">
    <ele>174.3</ele>
    <time>2025-09-12T07:44:44Z</time>
   </trkpt>
   <trkpt lat="50.7713920" lon="6.0933680">
    <ele>173.9</ele>
    <time>2025-09-12T07:44:51Z</time>
   </trkpt>
   <trkpt lat="50.7713250" lon="6.0937610">
    <ele>173.5</ele>
    <time>2025-09-12T07:44:58Z</time>
   </trkpt>
   <trkpt lat="50.7712570" lon="6.0941410">
    <ele>173.2</ele>
    <time>2025-09-12T07:45:05Z</time>
   </trkpt>
   <trkpt lat="50.7711510" lon="6.0945460">
    <ele>172.8</ele>
    <time>2025-09-12T07:45:12Z</time>
   </trkpt>
   <trkpt lat="50.7710690" lon="6.0949400">
    <ele>172.4</ele>
    <time>2025-09-12T07:45:18Z</time>
   </trkpt>
   <trkpt lat="50.7710550" lon="6.0950070">
    <ele>172.4</ele>
    <time>2025-09-12T07:45:19Z</time>
   </trkpt>
   <trkpt lat="50.7710300" lon="6.0952720">
    <ele>172.3</ele>
    <time>2025-09-12T07:45:24Z</time>
   </trkpt>
   <trkpt lat="50.7710280" lon="6.0953020">
    <ele>172.3</ele>
    <time>2025-09-12T07:45:26Z</time>
   </trkpt>
   <trkpt lat="50.7710050" lon="6.0953590">
    <ele>172.2</ele>
    <time>2025-09-12T07:45:55Z</time>
   </trkpt>
   <trkpt lat="50.7709910" lon="6.0953870">
    <ele>172.2</ele>
    <time>2025-09-12T07:45:56Z</time>
   </trkpt>
   <trkpt lat="50.7708700" lon="6.0956000">
    <ele>172.1</ele>
    <time>2025-09-12T07:46:02Z</time>
   </trkpt>
   <trkpt lat="50.7707440" lon="6.0959210">
    <ele>172.0</ele>
    <time>2025-09-12T07:46:08Z</time>
   </trkpt>
   <trkpt lat="50.7705780" lon="6.0963800">
    <ele>171.4</ele>
    <time>2025-09-12T07:46:15Z</time>
   </trkpt>
   <trkpt lat="50.7704890" lon="6.0966570">
    <ele>171.0</ele>
    <time>2025-09-12T07:46:19Z</time>
   </trkpt>
   <trkpt lat="50.7704260" lon="6.0968060">
    <ele>170.7</ele>
    <time>2025-09-12T07:46:21Z</time>
   </trkpt>
   <trkpt lat="50.7703180" lon="6.0974010">
    <ele>169.8</ele>
    <time>2025-09-12T07:46:27Z</time>
   </trkpt>
   <trkpt lat="50.7702750" lon="6.0975870">
    <ele>169.5</ele>
    <time>2025-09-12T07:46:29Z</time>
   </trkpt>
   <trkpt lat="50.7702000" lon="6.0978560">
    <ele>169.1</ele>
    <time>2025-09-12T07:46:32Z</time>
   </trkpt>
   <trkpt lat="50.7700460" lon="6.0984270">
    <ele>168.2</ele>
    <time>2025-09-12T07:46:38Z</time>
   </trkpt>
   <trkpt lat="50.7698320" lon="6.0990960">
    <ele>167.1</ele>
    <time>2025-09-12T07:46:45Z</time>
   </trkpt>
   <trkpt lat="50.7695830" lon="6.0997610">
    <ele>166.4</ele>
    <time>2025-09-12T07:46:52Z</time>
   </trkpt>
   <trkpt lat="50.7695100" lon="6.0999720">
    <ele>166.2</ele>
    <time>2025-09-12T07:46:55Z</time>
   </trkpt>
   <trkpt lat="50.7695000" lon="6.1000920">
    <ele>166.2</ele>
    <time>2025-09-12T07:46:58Z</time>
   </trkpt>
   <trkpt lat="50.7695040" lon="6.1001020">
    <ele>166.1</ele>
    <time>2025-09-12T07:46:59Z</time>
   </trkpt>
   <trkpt lat="50.7694980" lon="6.1001780">
    <ele>166.1</ele>
    <time>2025-09-12T07:47:41Z</time>
   </trkpt>
   <trkpt lat="50.7694810" lon="6.1002410">
    <ele>166.1</ele>
    <time>2025-09-12T07:47:43Z</time>
   </trkpt>
   <trkpt lat="50.7693940" lon="6.1004580">
    <ele>166.0</ele>
    <time>2025-09-12T07:47:48Z</time>
   </trkpt>
   <trkpt lat="50.7692520" lon="6.1007360">
    <ele>165.9</ele>
    <time>2025-09-12T07:47:53Z</time>
   </trkpt>
   <trkpt lat="50.7690750" lon="6.1010370">
    <ele>166.0</ele>
    <time>2025-09-12T07:47:58Z</time>
   </trkpt>
   <trkpt lat="50.7690420" lon="6.1011000">
    <ele>166.0</ele>
    <time>2025-09-12T07:47:59Z</time>
   </trkpt>
   <trkpt lat="50.7687930" lon="6.1015160">
    <ele>166.1</ele>
    <time>2025-09-12T07:48:06Z</time>
   </trkpt>
   <trkpt lat="50.7685810" lon="6.1018060">
    <ele>166.5</ele>
    <time>2025-09-12T07:48:12Z</time>
   </trkpt>
   <trkpt lat="50.7684250" lon="6.1020180">
    <ele>166.9</ele>
    <time>2025-09-12T07:48:18Z</time>
   </trkpt>
   <trkpt lat="50.7683690" lon="6.1020760">
    <ele>167.0</ele>
    <time>2025-09-12T07:48:21Z</time>
   </trkpt>
   <trkpt lat="50.7683160" lon="6.1021600">
    <ele>167.1</ele>
    <time>2025-09-12T07:48:24Z</time>
   </trkpt>
   <trkpt lat="50.7683210" lon="6.1022090">
    <ele>167.1</ele>
    <time>2025-09-12T07:48:25Z</time>
   </trkpt>
   <trkpt lat="50.7683330" lon="6.1024960">
    <ele>167.1</ele>
    <time>2025-09-12T07:48:30Z</time>
   </trkpt>
   <trkpt lat="50.7683460" lon="6.1027870">
    <ele>167.2</ele>
    <time>2025-09-12T07:48:35Z</time>
   </trkpt>
   <trkpt lat="50.7683510" lon="6.1028540">
    <ele>167.2</ele>
    <time>2025-09-12T07:48:36Z</time>
   </trkpt>
   <trkpt lat="50.7683720" lon="6.1029900">
    <ele>167.2</ele>
    <time>2025-09-12T07:48:38Z</time>
   </trkpt>
   <trkpt lat="50.7683940" lon="6.1031310">
    <ele>167.2</ele>
    <time>2025-09-12T07:48:40Z</time>
   </trkpt>
   <trkpt lat="50.7684020" lon="6.1032010">
    <ele>167.2</ele>
    <time>2025-09-12T07:48:41Z</time>
   </trkpt>
   <trkpt lat="50.7684050" lon="6.1033380">
    <ele>167.2</ele>
    <time>2025-09-12T07:48:43Z</time>
   </trkpt>
   <trkpt lat="50.7684150" lon="6.1034180">
    <ele>167.2</ele>
    <time>2025-09-12T07:48:44Z</time>
   </trkpt>
   <trkpt lat="50.7684620" lon="6.1037690">
    <ele>167.3</ele>
    <time>2025-09-12T07:48:49Z</time>
   </trkpt>
   <trkpt lat="50.7684840" lon="6.1040500">
    <ele>167.4</ele>
    <time>2025-09-12T07:48:55Z</time>
   </trkpt>
   <trkpt lat="50.7684490" lon="6.1040760">
    <ele>167.5</ele>
    <time>2025-09-12T07:48:57Z</time>
   </trkpt>
   <trkpt lat="50.7684170" lon="6.1040900">
    <ele>167.5</ele>
    <time>2025-09-12T07:48:59Z</time>
   </trkpt>
   <trkpt lat="50.7683300" lon="6.1041010">
    <ele>167.8</ele>
    <time>2025-09-12T07:49:03Z</time>
   </trkpt>
   <trkpt lat="50.7682010" lon="6.1041160">
    <ele>168.1</ele>
    <time>2025-09-12T07:49:08Z</time>
   </trkpt>
   <trkpt lat="50.7681040" lon="6.1041350">
    <ele>168.3</ele>
    <time>2025-09-12T07:49:12Z</time>
   </trkpt>
   <trkpt lat="50.7679710" lon="6.1041780">
    <ele>168.5</ele>
    <time>2025-09-12T07:49:17Z</time>
   </trkpt>
   <trkpt lat="50.7678230" lon="6.1042120">
    <ele>168.8</ele>
    <time>2025-09-12T07:49:22Z</time>
   </trkpt>
   <trkpt lat="50.7677150" lon="6.1042710">
    <ele>169.0</ele>
    <time>2025-09-12T07:49:26Z</time>
   </trkpt>
   <trkpt lat="50.7675930" lon="6.1042310">
    <ele>169.2</ele>
    <time>2025-09-12T07:49:30Z</time>
   </trkpt>
   <trkpt lat="50.7674080" lon="6.1041690">
    <ele>169.4</ele>
    <time>2025-09-12T07:49:35Z</time>
   </trkpt>
   <trkpt lat="50.7672320" lon="6.1042020">
    <ele>169.6</ele>
    <time>2025-09-12T07:49:40Z</time>
   </trkpt>
   <trkpt lat="50.7670310" lon="6.1042280">
    <ele>170.4</ele>
    <time>2025-09-12T07:49:45Z</time>
   </trkpt>
   <trkpt lat="50.7668380" lon="6.1042040">
    <ele>171.4</ele>
    <time>2025-09-12T07:49:51Z</time>
   </trkpt>
   <trkpt lat="50.7666150" lon="6.1041870">
    <ele>172.6</ele>
    <time>2025-09-12T07:49:58Z</time>
   </trkpt>
   <trkpt lat="50.7663750" lon="6.1042470">
    <ele>173.2</ele>
    <time>2025-09-12T07:50:05Z</time>
   </trkpt>
   <trkpt lat="50.7661570" lon="6.1044850">
    <ele>173.9</ele>
    <time>2025-09-12T07:50:12Z</time>
   </trkpt>
   <trkpt lat="50.7660260" lon="6.1047940">
    <ele>174.7</ele>
    <time>2025-09-12T07:50:18Z</time>
   </trkpt>
   <trkpt lat="50.7659430" lon="6.1051140">
    <ele>175.8</ele>
    <time>2025-09-12T07:50:24Z</time>
   </trkpt>
   <trkpt lat="50.7659040" lon="6.1054040">
    <ele>176.7</ele>
    <time>2025-09-12T07:50:30Z</time>
   </trkpt>
   <trkpt lat="50.7658760" lon="6.1056590">
    <ele>177.1</ele>
    <time>2025-09-12T07:50:35Z</time>
   </trkpt>
   <trkpt lat="50.7658550" lon="6.1061140">
    <ele>177.3</ele>
    <time>2025-09-12T07:50:41Z</time>
   </trkpt>
   <trkpt lat="50.7658430" lon="6.1062620">
    <ele>177.3</ele>
    <time>2025-09-12T07:50:43Z</time>
   </trkpt>
   <trkpt lat="50.7658460" lon="6.1064230">
    <ele>177.4</ele>
    <time>2025-09-12T07:50:45Z</time>
   </trkpt>
   <trkpt lat="50.7658520" lon="6.1065070">
    <ele>177.4</ele>
    <time>2025-09-12T07:50:46Z</time>
   </trkpt>
   <trkpt lat="50.7658860" lon="6.1070300">
    <ele>177.4</ele>
    <time>2025-09-12T07:50:53Z</time>
   </trkpt>
   <trkpt lat="50.7658740" lon="6.1072260">
    <ele>177.5</ele>
    <time>2025-09-12T07:50:58Z</time>
   </trkpt>
   <trkpt lat="50.7658790" lon="6.1073820">
    <ele>177.6</ele>
    <time>2025-09-12T07:51:03Z</time>
   </trkpt>
   <trkpt lat="50.7658990" lon="6.1074660">
    <ele>177.6</ele>
    <time>2025-09-12T07:51:05Z</time>
   </trkpt>
   <trkpt lat="50.7658970" lon="6.1075320">
    <ele>177.6</ele>
    <time>2025-09-12T07:51:07Z</time>
   </trkpt>
   <trkpt lat="50.7659110" lon="6.1076400">
    <ele>177.6</ele>
    <time>2025-09-12T07:51:09Z</time>
   </trkpt>
   <trkpt lat="50.7659310" lon="6.1077050">
    <ele>177.6</ele>
    <time>2025-09-12T07:51:10Z</time>
   </trkpt>
   <trkpt lat="50.7659470" lon="6.1077590">
    <ele>177.6</ele>
    <time>2025-09-12T07:51:11Z</time>
   </trkpt>
   <trkpt lat="50.7659670" lon="6.1078710">
    <ele>177.6</ele>
    <time>2025-09-12T07:51:13Z</time>
   </trkpt>
   <trkpt lat="50.7660280" lon="6.1081610">
    <ele>177.7</ele>
    <time>2025-09-12T07:51:18Z</time>
   </trkpt>
   <trkpt lat="50.7660890" lon="6.1083710">
    <ele>177.8</ele>
    <time>2025-09-12T07:51:21Z</time>
   </trkpt>
   <trkpt lat="50.7662420" lon="6.1088070">
    <ele>177.9</ele>
    <time>2025-09-12T07:51:26Z</time>
   </trkpt>
   <trkpt lat="50.7662710" lon="6.1088760">
    <ele>178.0</ele>
    <time>2025-09-12T07:51:27Z</time>
   </trkpt>
   <trkpt lat="50.7663790" lon="6.1091210">
    <ele>178.2</ele>
    <time>2025-09-12T07:51:31Z</time>
   </trkpt>
   <trkpt lat="50.7664250" lon="6.1093100">
    <ele>178.3</ele>
    <time>2025-09-12T07:51:35Z</time>
   </trkpt>
   <trkpt lat="50.7664640" lon="6.1094710">
    <ele>178.3</ele>
    <time>2025-09-12T07:51:37Z</time>
   </trkpt>
   <trkpt lat="50.7664900" lon="6.1095680">
    <ele>178.4</ele>
    <time>2025-09-12T07:51:38Z</time>
   </trkpt>
   <trkpt lat="50.7665650" lon="6.1098220">
    <ele>178.7</ele>
    <time>2025-09-12T07:51:41Z</time>
   </trkpt>
   <trkpt lat="50.7666370" lon="6.1100080">
    <ele>178.9</ele>
    <time>2025-09-12T07:51:44Z</time>
   </trkpt>
   <trkpt lat="50.7666720" lon="6.1100610">
    <ele>179.0</ele>
    <time>2025-09-12T07:51:45Z</time>
   </trkpt>
   <trkpt lat="50.7667100" lon="6.1101170">
    <ele>179.1</ele>
    <time>2025-09-12T07:51:46Z</time>
   </trkpt>
   <trkpt lat="50.7667720" lon="6.1102240">
    <ele>179.2</ele>
    <time>2025-09-12T07:51:48Z</time>
   </trkpt>
   <trkpt lat="50.7668350" lon="6.1103640">
    <ele>179.4</ele>
    <time>2025-09-12T07:51:51Z</time>
   </trkpt>
   <trkpt lat="50.7668540" lon="6.1104270">
    <ele>179.4</ele>
    <time>2025-09-12T07:51:52Z</time>
   </trkpt>
   <trkpt lat="50.7668850" lon="6.1104820">
    <ele>179.5</ele>
    <time>2025-09-12T07:51:53Z</time>
   </trkpt>
   <trkpt lat="50.7670230" lon="6.1107070">
    <ele>179.7</ele>
    <time>2025-09-12T07:51:57Z</time>
   </trkpt>
   <trkpt lat="50.7672190" lon="6.1110350">
    <ele>180.0</ele>
    <time>2025-09-12T07:52:03Z</time>
   </trkpt>
   <trkpt lat="50.7674220" lon="6.1113850">
    <ele>180.4</ele>
    <time>2025-09-12T07:52:10Z</time>
   </trkpt>
   <trkpt lat="50.7675570" lon="6.1115860">
    <ele>180.6</ele>
    <time>2025-09-12T07:52:15Z</time>
   </trkpt>
   <trkpt lat="50.7676560" lon="6.1117750">
    <ele>180.7</ele>
    <time>2025-09-12T07:52:19Z</time>
   </trkpt>
   <trkpt lat="50.7678540" lon="6.1120860">
    <ele>181.0</ele>
    <time>2025-09-12T07:52:26Z</time>
   </trkpt>
   <trkpt lat="50.7679690" lon="6.1122720">
    <ele>181.2</ele>
    <time>2025-09-12T07:52:30Z</time>
   </trkpt>
   <trkpt lat="50.7680020" lon="6.1123180">
    <ele>181.3</ele>
    <time>2025-09-12T07:52:31Z</time>
   </trkpt>
   <trkpt lat="50.7681440" lon="6.1125390">
    <ele>181.5</ele>
    <time>2025-09-12T07:52:36Z</time>
   </trkpt>
   <trkpt lat="50.7682840" lon="6.1128130">
    <ele>181.8</ele>
    <time>2025-09-12T07:52:41Z</time>
   </trkpt>
   <trkpt lat="50.7683450" lon="6.1129120">
    <ele>181.9</ele>
    <time>2025-09-12T07:52:43Z</time>
   </trkpt>
   <trkpt lat="50.7685330" lon="6.1131760">
    <ele>182.1</ele>
    <time>2025-09-12T07:52:49Z</time>
   </trkpt>
   <trkpt lat="50.7686680" lon="6.1133990">
    <ele>182.4</ele>
    <time>2025-09-12T07:52:54Z</time>
   </trkpt>
   <trkpt lat="50.7687840" lon="6.1135850">
    <ele>182.6</ele>
    <time>2025-09-12T07:52:58Z</time>
   </trkpt>
   <trkpt lat="50.7688120" lon="6.1136300">
    <ele>182.7</ele>
    <time>2025-09-12T07:52:59Z</time>
   </trkpt>
   <trkpt lat="50.7688990" lon="6.1137610">
    <ele>182.9</ele>
    <time>2025-09-12T07:53:03Z</time>
   </trkpt>
   <trkpt lat="50.7689790" lon="6.1138940">
    <ele>183.0</ele>
    <time>2025-09-12T07:53:08Z</time>
   </trkpt>
   <trkpt lat="50.7691510" lon="6.1141410">
    <ele>183.4</ele>
    <time>2025-09-12T07:53:14Z</time>
   </trkpt>
   <trkpt lat="50.7692630" lon="6.1143020">
    <ele>183.6</ele>
    <time>2025-09-12T07:53:19Z</time>
   </trkpt>
   <trkpt lat="50.7693690" lon="6.1144780">
    <ele>183.9</ele>
    <time>2025-09-12T07:53:25Z</time>
   </trkpt>
   <trkpt lat="50.7693920" lon="6.1145200">
    <ele>183.9</ele>
    <time>2025-09-12T07:53:27Z</time>
   </trkpt>
   <trkpt lat="50.7694440" lon="6.1146590">
    <ele>183.9</ele>
    <time>2025-09-12T07:53:51Z</time>
   </trkpt>
   <trkpt lat="50.7694680" lon="6.1146840">
    <ele>183.8</ele>
    <time>2025-09-12T07:53:52Z</time>
   </trkpt>
   <trkpt lat="50.7694880" lon="6.1147100">
    <ele>183.7</ele>
    <time>2025-09-12T07:53:53Z</time>
   </trkpt>
   <trkpt lat="50.7695070" lon="6.1147850">
    <ele>183.4</ele>
    <time>2025-09-12T07:53:55Z</time>
   </trkpt>
   <trkpt lat="50.7695920" lon="6.1149260">
    <ele>181.8</ele>
    <time>2025-09-12T07:53:58Z</time>
   </trkpt>
   <trkpt lat="50.7696650" lon="6.1150050">
    <ele>180.5</ele>
    <time>2025-09-12T07:54:02Z</time>
   </trkpt>
   <trkpt lat="50.7696730" lon="6.1149470">
    <ele>179.5</ele>
    <time>2025-09-12T07:54:04Z</time>
   </trkpt>
   <trkpt lat="50.7696890" lon="6.1148810">
    <ele>178.6</ele>
    <time>2025-09-12T07:54:06Z</time>
   </trkpt>
   <trkpt lat="50.7697230" lon="6.1148500">
    <ele>178.0</ele>
    <time>2025-09-12T07:54:08Z</time>
   </trkpt>
   <trkpt lat="50.7697380" lon="6.1148470">
    <ele>177.8</ele>
    <time>2025-09-12T07:54:09Z</time>
   </trkpt>
   <trkpt lat="50.7698250" lon="6.1148960">
    <ele>176.5</ele>
    <time>2025-09-12T07:54:13Z</time>
   </trkpt>
   <trkpt lat="50.7698900" lon="6.1149920">
    <ele>176.5</ele>
    <time>2025-09-12T07:54:17Z</time>
   </trkpt>
   <trkpt lat="50.7699770" lon="6.1151230">
    <ele>176.8</ele>
    <time>2025-09-12T07:54:24Z</time>
   </trkpt>
   <trkpt lat="50.7699950" lon="6.1151360">
    <ele>176.9</ele>
    <time>2025-09-12T07:54:38Z</time>
   </trkpt>
   <trkpt lat="50.7700540" lon="6.1152050">
    <ele>177.1</ele>
    <time>2025-09-12T07:54:41Z</time>
   </trkpt>
   <trkpt lat="50.7702180" lon="6.1154440">
    <ele>177.8</ele>
    <time>2025-09-12T07:54:47Z</time>
   </trkpt>
   <trkpt lat="50.7704160" lon="6.1157530">
    <ele>178.6</ele>
    <time>2025-09-12T07:54:54Z</time>
   </trkpt>
   <trkpt lat="50.7706400" lon="6.1160760">
    <ele>178.9</ele>
    <time>2025-09-12T07:55:02Z</time>
   </trkpt>
   <trkpt lat="50.7706660" lon="6.1161190">
    <ele>178.9</ele>
    <time>2025-09-12T07:55:03Z</time>
   </trkpt>
   <trkpt lat="50.7706630" lon="6.1161990">
    <ele>178.9</ele>
    <time>2025-09-12T07:55:05Z</time>
   </trkpt>
   <trkpt lat="50.7705830" lon="6.1164010">
    <ele>179.4</ele>
    <time>2025-09-12T07:55:10Z</time>
   </trkpt>
   <trkpt lat="50.7705650" lon="6.1164400">
    <ele>179.5</ele>
    <time>2025-09-12T07:55:11Z</time>
   </trkpt>
   <trkpt lat="50.7705120" lon="6.1165470">
    <ele>180.0</ele>
    <time>2025-09-12T07:55:14Z</time>
   </trkpt>
   <trkpt lat="50.7704830" lon="6.1166250">
    <ele>180.1</ele>
    <time>2025-09-12T07:55:16Z</time>
   </trkpt>
   <trkpt lat="50.7704780" lon="6.1166430">
    <ele>180.1</ele>
    <time>2025-09-12T07:55:17Z</time>
   </trkpt>
   <trkpt lat="50.7703760" lon="6.1168670">
    <ele>180.9</ele>
    <time>2025-09-12T07:55:22Z</time>
   </trkpt>
   <trkpt lat="50.7702680" lon="6.1170980">
    <ele>181.8</ele>
    <time>2025-09-12T07:55:28Z</time>
   </trkpt>
   <trkpt lat="50.7702630" lon="6.1171350">
    <ele>181.8</ele>
    <time>2025-09-12T07:55:29Z</time>
   </trkpt>
   <trkpt lat="50.7702720" lon="6.1171970">
    <ele>181.8</ele>
    <time>2025-09-12T07:55:31Z</time>
   </trkpt>
   <trkpt lat="50.7702930" lon="6.1172290">
    <ele>181.7</ele>
    <time>2025-09-12T07:55:32Z</time>
   </trkpt>
   <trkpt lat="50.7703660" lon="6.1173210">
    <ele>181.6</ele>
    <time>2025-09-12T07:55:35Z</time>
   </trkpt>
   <trkpt lat="50.7704540" lon="6.1173760">
    <ele>181.4</ele>
    <time>2025-09-12T07:55:38Z</time>
   </trkpt>
   <trkpt lat="50.7704930" lon="6.1174090">
    <ele>181.4</ele>
    <time>2025-09-12T07:55:40Z</time>
   </trkpt>
   <trkpt lat="50.7705070" lon="6.1174270">
    <ele>181.3</ele>
    <time>2025-09-12T07:55:41Z</time>
   </trkpt>
   <trkpt lat="50.7705210" lon="6.1174210">
    <ele>181.3</ele>
    <time>2025-09-12T07:55:43Z</time>
   </trkpt>
   <trkpt lat="50.7705370" lon="6.1174930">
    <ele>181.2</ele>
    <time>2025-09-12T07:55:53Z</time>
   </trkpt>
   <trkpt lat="50.7705550" lon="6.1175300">
    <ele>181.1</ele>
    <time>2025-09-12T07:55:54Z</time>
   </trkpt>
   <trkpt lat="50.7706100" lon="6.1176540">
    <ele>180.9</ele>
    <time>2025-09-12T07:55:55Z</time>
   </trkpt>
   <trkpt lat="50.7706650" lon="6.1177780">
    <ele>180.8</ele>
    <time>2025-09-12T07:55:56Z</time>
   </trkpt>
   <trkpt lat="50.7711340" lon="6.1185950">
    <ele>182.7</ele>
    <time>2025-09-12T07:56:01Z</time>
   </trkpt>
   <trkpt lat="50.7711800" lon="6.1187820">
    <ele>183.4</ele>
    <time>2025-09-12T07:56:02Z</time>
   </trkpt>
   <trkpt lat="50.7712930" lon="6.1191300">
    <ele>184.6</ele>
    <time>2025-09-12T07:56:07Z</time>
   </trkpt>
   <trkpt lat="50.7714350" lon="6.1195200">
    <ele>185.7</ele>
    <time>2025-09-12T07:56:14Z</time>
   </trkpt>
   <trkpt lat="50.7715500" lon="6.1197810">
    <ele>186.0</ele>
    <time>2025-09-12T07:56:19Z</time>
   </trkpt>
   <trkpt lat="50.7715730" lon="6.1198380">
    <ele>186.1</ele>
    <time>2025-09-12T07:56:20Z</time>
   </trkpt>
   <trkpt lat="50.7716300" lon="6.1199660">
    <ele>186.1</ele>
    <time>2025-09-12T07:56:22Z</time>
   </trkpt>
   <trkpt lat="50.7716530" lon="6.1200250">
    <ele>186.2</ele>
    <time>2025-09-12T07:56:23Z</time>
   </trkpt>
   <trkpt lat="50.7717700" lon="6.1203100">
    <ele>186.3</ele>
    <time>2025-09-12T07:56:27Z</time>
   </trkpt>
   <trkpt lat="50.7718000" lon="6.1203900">
    <ele>186.3</ele>
    <time>2025-09-12T07:56:28Z</time>
   </trkpt>
   <trkpt lat="50.7720050" lon="6.1210140">
    <ele>186.4</ele>
    <time>2025-09-12T07:56:36Z</time>
   </trkpt>
   <trkpt lat="50.7721520" lon="6.1214090">
    <ele>186.4</ele>
    <time>2025-09-12T07:56:42Z</time>
   </trkpt>
   <trkpt lat="50.7721890" lon="6.1215500">
    <ele>186.4</ele>
    <time>2025-09-12T07:56:44Z</time>
   </trkpt>
   <trkpt lat="50.7723350" lon="6.1221180">
    <ele>186.5</ele>
    <time>2025-09-12T07:56:51Z</time>
   </trkpt>
   <trkpt lat="50.7724140" lon="6.1225030">
    <ele>186.7</ele>
    <time>2025-09-12T07:56:57Z</time>
   </trkpt>
   <trkpt lat="50.7724410" lon="6.1228290">
    <ele>186.5</ele>
    <time>2025-09-12T07:57:02Z</time>
   </trkpt>
   <trkpt lat="50.7724940" lon="6.1232980">
    <ele>186.4</ele>
    <time>2025-09-12T07:57:08Z</time>
   </trkpt>
   <trkpt lat="50.7725400" lon="6.1236940">
    <ele>186.6</ele>
    <time>2025-09-12T07:57:13Z</time>
   </trkpt>
   <trkpt lat="50.7725750" lon="6.1239450">
    <ele>186.8</ele>
    <time>2025-09-12T07:57:16Z</time>
   </trkpt>
   <trkpt lat="50.7726160" lon="6.1241130">
    <ele>187.0</ele>
    <time>2025-09-12T07:57:18Z</time>
   </trkpt>
   <trkpt lat="50.7726970" lon="6.1244100">
    <ele>187.4</ele>
    <time>2025-09-12T07:57:22Z</time>
   </trkpt>
   <trkpt lat="50.7727130" lon="6.1244930">
    <ele>187.5</ele>
    <time>2025-09-12T07:57:23Z</time>
   </trkpt>
   <trkpt lat="50.7727520" lon="6.1249850">
    <ele>188.0</ele>
    <time>2025-09-12T07:57:29Z</time>
   </trkpt>
   <trkpt lat="50.7727920" lon="6.1255310">
    <ele>188.8</ele>
    <time>2025-09-12T07:57:36Z</time>
   </trkpt>
   <trkpt lat="50.7728400" lon="6.1261690">
    <ele>189.4</ele>
    <time>2025-09-12T07:57:44Z</time>
   </trkpt>
   <trkpt lat="50.7728730" lon="6.1267640">
    <ele>189.9</ele>
    <time>2025-09-12T07:57:51Z</time>
   </trkpt>
   <trkpt lat="50.7728580" lon="6.1272500">
    <ele>190.2</ele>
    <time>2025-09-12T07:57:57Z</time>
   </trkpt>
   <trkpt lat="50.7728420" lon="6.1275810">
    <ele>190.5</ele>
    <time>2025-09-12T07:58:01Z</time>
   </trkpt>
   <trkpt lat="50.7727970" lon="6.1282540">
    <ele>191.2</ele>
    <time>2025-09-12T07:58:09Z</time>
   </trkpt>
   <trkpt lat="50.7727500" lon="6.1286290">
    <ele>191.7</ele>
    <time>2025-09-12T07:58:14Z</time>
   </trkpt>
   <trkpt lat="50.7727230" lon="6.1287600">
    <ele>192.0</ele>
    <time>2025-09-12T07:58:16Z</time>
   </trkpt>
   <trkpt lat="50.7726720" lon="6.1290020">
    <ele>192.4</ele>
    <time>2025-09-12T07:58:21Z</time>
   </trkpt>
   <trkpt lat="50.7726600" lon="6.1290370">
    <ele>192.5</ele>
    <time>2025-09-12T07:58:24Z</time>
   </trkpt>
   <trkpt lat="50.7726490" lon="6.1290720">
    <ele>192.5</ele>
    <time>2025-09-12T07:59:04Z</time>
   </trkpt>
   <trkpt lat="50.7726100" lon="6.1292850">
    <ele>192.6</ele>
    <time>2025-09-12T07:59:09Z</time>
   </trkpt>
   <trkpt lat="50.7725570" lon="6.1296460">
    <ele>192.7</ele>
    <time>2025-09-12T07:59:15Z</time>
   </trkpt>
   <trkpt lat="50.7724350" lon="6.1301910">
    <ele>193.2</ele>
    <time>2025-09-12T07:59:23Z</time>
   </trkpt>
   <trkpt lat="50.7723030" lon="6.1309450">
    <ele>193.6</ele>
    <time>2025-09-12T07:59:33Z</time>
   </trkpt>
   <trkpt lat="50.7722070" lon="6.1314230">
    <ele>193.9</ele>
    <time>2025-09-12T07:59:39Z</time>
   </trkpt>
   <trkpt lat="50.7721450" lon="6.1319250">
    <ele>194.2</ele>
    <time>2025-09-12T07:59:45Z</time>
   </trkpt>
   <trkpt lat="50.7721250" lon="6.1320040">
    <ele>194.2</ele>
    <time>2025-09-12T07:59:46Z</time>
   </trkpt>
   <trkpt lat="50.7721080" lon="6.1320860">
    <ele>194.3</ele>
    <time>2025-09-12T07:59:47Z</time>
   </trkpt>
   <trkpt lat="50.7720390" lon="6.1324850">
    <ele>194.6</ele>
    <time>2025-09-12T07:59:52Z</time>
   </trkpt>
   <trkpt lat="50.7719750" lon="6.1328930">
    <ele>195.0</ele>
    <time>2025-09-12T07:59:57Z</time>
   </trkpt>
   <trkpt lat="50.7719580" lon="6.1329740">
    <ele>195.1</ele>
    <time>2025-09-12T07:59:58Z</time>
   </trkpt>
   <trkpt lat="50.7719120" lon="6.1332310">
    <ele>195.4</ele>
    <time>2025-09-12T08:00:01Z</time>
   </trkpt>
   <trkpt lat="50.7718820" lon="6.1333940">
    <ele>195.5</ele>
    <time>2025-09-12T08:00:03Z</time>
   </trkpt>
   <trkpt lat="50.7718210" lon="6.1337140">
    <ele>195.8</ele>
    <time>2025-09-12T08:00:07Z</time>
   </trkpt>
   <trkpt lat="50.7717980" lon="6.1338910">
    <ele>196.0</ele>
    <time>2025-09-12T08:00:09Z</time>
   </trkpt>
   <trkpt lat="50.7717360" lon="6.1343940">
    <ele>196.7</ele>
    <time>2025-09-12T08:00:15Z</time>
   </trkpt>
   <trkpt lat="50.7717260" lon="6.1344710">
    <ele>196.8</ele>
    <time>2025-09-12T08:00:16Z</time>
   </trkpt>
   <trkpt lat="50.7716780" lon="6.1347820">
    <ele>197.2</ele>
    <time>2025-09-12T08:00:20Z</time>
   </trkpt>
   <trkpt lat="50.7716690" lon="6.1348720">
    <ele>197.3</ele>
    <time>2025-09-12T08:00:21Z</time>
   </trkpt>
   <trkpt lat="50.7715940" lon="6.1353440">
    <ele>198.0</ele>
    <time>2025-09-12T08:00:27Z</time>
   </trkpt>
   <trkpt lat="50.7715700" lon="6.1354820">
    <ele>198.1</ele>
    <time>2025-09-12T08:00:29Z</time>
   </trkpt>
   <trkpt lat="50.7715190" lon="6.1357220">
    <ele>198.2</ele>
    <time>2025-09-12T08:00:32Z</time>
   </trkpt>
   <trkpt lat="50.7714730" lon="6.1359650">
    <ele>198.3</ele>
    <time>2025-09-12T08:00:35Z</time>
   </trkpt>
   <trkpt lat="50.7714390" lon="6.1361150">
    <ele>198.4</ele>
    <time>2025-09-12T08:00:37Z</time>
   </trkpt>
   <trkpt lat="50.7714270" lon="6.1362030">
    <ele>198.5</ele>
    <time>2025-09-12T08:00:38Z</time>
   </trkpt>
   <trkpt lat="50.7713740" lon="6.1365020">
    <ele>198.9</ele>
    <time>2025-09-12T08:00:42Z</time>
   </trkpt>
   <trkpt lat="50.7713220" lon="6.1368330">
    <ele>199.3</ele>
    <time>2025-09-12T08:00:46Z</time>
   </trkpt>
   <trkpt lat="50.7712960" lon="6.1369890">
    <ele>199.4</ele>
    <time>2025-09-12T08:00:48Z</time>
   </trkpt>
   <trkpt lat="50.7712550" lon="6.1372300">
    <ele>199.6</ele>
    <time>2025-09-12T08:00:51Z</time>
   </trkpt>
   <trkpt lat="50.7711900" lon="6.1377370">
    <ele>200.0</ele>
    <time>2025-09-12T08:00:57Z</time>
   </trkpt>
   <trkpt lat="50.7711310" lon="6.1381550">
    <ele>200.2</ele>
    <time>2025-09-12T08:01:02Z</time>
   </trkpt>
   <trkpt lat="50.7710950" lon="6.1382960">
    <ele>200.3</ele>
    <time>2025-09-12T08:01:04Z</time>
   </trkpt>
   <trkpt lat="50.7710530" lon="6.1384300">
    <ele>200.4</ele>
    <time>2025-09-12T08:01:06Z</time>
   </trkpt>
   <trkpt lat="50.7709800" lon="6.1387050">
    <ele>200.6</ele>
    <time>2025-09-12T08:01:10Z</time>
   </trkpt>
   <trkpt lat="50.7709160" lon="6.1389040">
    <ele>200.7</ele>
    <time>2025-09-12T08:01:13Z</time>
   </trkpt>
   <trkpt lat="50.7709040" lon="6.1391920">
    <ele>200.7</ele>
    <time>2025-09-12T08:01:16Z</time>
   </trkpt>
   <trkpt lat="50.7708960" lon="6.1392710">
    <ele>200.6</ele>
    <time>2025-09-12T08:01:17Z</time>
   </trkpt>
   <trkpt lat="50.7708510" lon="6.1395070">
    <ele>200.5</ele>
    <time>2025-09-12T08:01:20Z</time>
   </trkpt>
   <trkpt lat="50.7707990" lon="6.1398500">
    <ele>199.6</ele>
    <time>2025-09-12T08:01:24Z</time>
   </trkpt>
   <trkpt lat="50.7707920" lon="6.1399390">
    <ele>199.3</ele>
    <time>2025-09-12T08:01:25Z</time>
   </trkpt>
   <trkpt lat="50.7707820" lon="6.1400260">
    <ele>199.1</ele>
    <time>2025-09-12T08:01:26Z</time>
   </trkpt>
   <trkpt lat="50.7707560" lon="6.1401970">
    <ele>198.8</ele>
    <time>2025-09-12T08:01:28Z</time>
   </trkpt>
   <trkpt lat="50.7707420" lon="6.1402830">
    <ele>198.7</ele>
    <time>2025-09-12T08:01:29Z</time>
   </trkpt>
   <trkpt lat="50.7706570" lon="6.1409240">
    <ele>199.0</ele>
    <time>2025-09-12T08:01:36Z</time>
   </trkpt>
   <trkpt lat="50.7706550" lon="6.1412710">
    <ele>200.4</ele>
    <time>2025-09-12T08:01:41Z</time>
   </trkpt>
   <trkpt lat="50.7706370" lon="6.1413990">
    <ele>200.9</ele>
    <time>2025-09-12T08:01:43Z</time>
   </trkpt>
   <trkpt lat="50.7706060" lon="6.1415190">
    <ele>201.3</ele>
    <time>2025-09-12T08:01:45Z</time>
   </trkpt>
   <trkpt lat="50.7705760" lon="6.1416690">
    <ele>201.6</ele>
    <time>2025-09-12T08:01:47Z</time>
   </trkpt>
   <trkpt lat="50.7705420" lon="6.1418050">
    <ele>201.8</ele>
    <time>2025-09-12T08:01:49Z</time>
   </trkpt>
   <trkpt lat="50.7705240" lon="6.1418740">
    <ele>202.0</ele>
    <time>2025-09-12T08:01:50Z</time>
   </trkpt>
   <trkpt lat="50.7705080" lon="6.1419480">
    <ele>202.1</ele>
    <time>2025-09-12T08:01:51Z</time>
   </trkpt>
   <trkpt lat="50.7704890" lon="6.1421060">
    <ele>202.3</ele>
    <time>2025-09-12T08:01:53Z</time>
   </trkpt>
   <trkpt lat="50.7704770" lon="6.1421850">
    <ele>202.4</ele>
    <time>2025-09-12T08:01:54Z</time>
   </trkpt>
   <trkpt lat="50.7704530" lon="6.1423390">
    <ele>202.6</ele>
    <time>2025-09-12T08:01:56Z</time>
   </trkpt>
   <trkpt lat="50.7704320" lon="6.1425010">
    <ele>202.7</ele>
    <time>2025-09-12T08:01:58Z</time>
   </trkpt>
   <trkpt lat="50.7704260" lon="6.1425850">
    <ele>202.8</ele>
    <time>2025-09-12T08:01:59Z</time>
   </trkpt>
   <trkpt lat="50.7704090" lon="6.1427740">
    <ele>203.1</ele>
    <time>2025-09-12T08:02:01Z</time>
   </trkpt>
   <trkpt lat="50.7703770" lon="6.1429350">
    <ele>203.5</ele>
    <time>2025-09-12T08:02:03Z</time>
   </trkpt>
   <trkpt lat="50.7703710" lon="6.1430240">
    <ele>203.7</ele>
    <time>2025-09-12T08:02:04Z</time>
   </trkpt>
   <trkpt lat="50.7703520" lon="6.1432500">
    <ele>204.0</ele>
    <time>2025-09-12T08:02:07Z</time>
   </trkpt>
   <trkpt lat="50.7703480" lon="6.1433340">
    <ele>204.1</ele>
    <time>2025-09-12T08:02:08Z</time>
   </trkpt>
   <trkpt lat="50.7703210" lon="6.1436680">
    <ele>204.4</ele>
    <time>2025-09-12T08:02:12Z</time>
   </trkpt>
   <trkpt lat="50.7703100" lon="6.1437470">
    <ele>204.5</ele>
    <time>2025-09-12T08:02:13Z</time>
   </trkpt>
   <trkpt lat="50.7702910" lon="6.1438990">
    <ele>204.6</ele>
    <time>2025-09-12T08:02:15Z</time>
   </trkpt>
   <trkpt lat="50.7702680" lon="6.1440220">
    <ele>204.7</ele>
    <time>2025-09-12T08:02:17Z</time>
   </trkpt>
   <trkpt lat="50.7702640" lon="6.1440930">
    <ele>204.8</ele>
    <time>2025-09-12T08:02:18Z</time>
   </trkpt>
   <trkpt lat="50.7702680" lon="6.1443680">
    <ele>204.8</ele>
    <time>2025-09-12T08:02:21Z</time>
   </trkpt>
   <trkpt lat="50.7702650" lon="6.1445450">
    <ele>204.8</ele>
    <time>2025-09-12T08:02:23Z</time>
   </trkpt>
   <trkpt lat="50.7702560" lon="6.1447990">
    <ele>204.7</ele>
    <time>2025-09-12T08:02:26Z</time>
   </trkpt>
   <trkpt lat="50.7702600" lon="6.1452390">
    <ele>204.8</ele>
    <time>2025-09-12T08:02:31Z</time>
   </trkpt>
   <trkpt lat="50.7702670" lon="6.1453290">
    <ele>204.8</ele>
    <time>2025-09-12T08:02:32Z</time>
   </trkpt>
   <trkpt lat="50.7702800" lon="6.1456990">
    <ele>205.1</ele>
    <time>2025-09-12T08:02:36Z</time>
   </trkpt>
   <trkpt lat="50.7702760" lon="6.1458790">
    <ele>205.2</ele>
    <time>2025-09-12T08:02:38Z</time>
   </trkpt>
   <trkpt lat="50.7702720" lon="6.1461490">
    <ele>205.4</ele>
    <time>2025-09-12T08:02:41Z</time>
   </trkpt>
   <trkpt lat="50.7702880" lon="6.1463350">
    <ele>205.5</ele>
    <time>2025-09-12T08:02:43Z</time>
   </trkpt>
   <trkpt lat="50.7703200" lon="6.1466240">
    <ele>205.6</ele>
    <time>2025-09-12T08:02:46Z</time>
   </trkpt>
   <trkpt lat="50.7703170" lon="6.1468300">
    <ele>205.7</ele>
    <time>2025-09-12T08:02:48Z</time>
   </trkpt>
   <trkpt lat="50.7702800" lon="6.1473880">
    <ele>206.1</ele>
    <time>2025-09-12T08:02:54Z</time>
   </trkpt>
   <trkpt lat="50.7702710" lon="6.1474610">
    <ele>206.1</ele>
    <time>2025-09-12T08:02:55Z</time>
   </trkpt>
   <trkpt lat="50.7702510" lon="6.1477060">
    <ele>206.4</ele>
    <time>2025-09-12T08:02:58Z</time>
   </trkpt>
   <trkpt lat="50.7702470" lon="6.1477840">
    <ele>206.5</ele>
    <time>2025-09-12T08:02:59Z</time>
   </trkpt>
   <trkpt lat="50.7702030" lon="6.1481090">
    <ele>206.8</ele>
    <time>2025-09-12T08:03:03Z</time>
   </trkpt>
   <trkpt lat="50.7701870" lon="6.1481820">
    <ele>206.9</ele>
    <time>2025-09-12T08:03:04Z</time>
   </trkpt>
   <trkpt lat="50.7701450" lon="6.1484430">
    <ele>207.2</ele>
    <time>2025-09-12T08:03:07Z</time>
   </trkpt>
   <trkpt lat="50.7701190" lon="6.1486050">
    <ele>207.4</ele>
    <time>2025-09-12T08:03:09Z</time>
   </trkpt>
   <trkpt lat="50.7700570" lon="6.1489300">
    <ele>207.7</ele>
    <time>2025-09-12T08:03:13Z</time>
   </trkpt>
   <trkpt lat="50.7700030" lon="6.1490770">
    <ele>207.9</ele>
    <time>2025-09-12T08:03:15Z</time>
   </trkpt>
   <trkpt lat="50.7699460" lon="6.1492140">
    <ele>208.2</ele>
    <time>2025-09-12T08:03:17Z</time>
   </trkpt>
   <trkpt lat="50.7699200" lon="6.1493860">
    <ele>208.4</ele>
    <time>2025-09-12T08:03:19Z</time>
   </trkpt>
   <trkpt lat="50.7698500" lon="6.1498600">
    <ele>209.2</ele>
    <time>2025-09-12T08:03:25Z</time>
   </trkpt>
   <trkpt lat="50.7698170" lon="6.1500140">
    <ele>209.4</ele>
    <time>2025-09-12T08:03:27Z</time>
   </trkpt>
   <trkpt lat="50.7697840" lon="6.1502430">
    <ele>209.7</ele>
    <time>2025-09-12T08:03:30Z</time>
   </trkpt>
   <trkpt lat="50.7697530" lon="6.1503810">
    <ele>209.9</ele>
    <time>2025-09-12T08:03:32Z</time>
   </trkpt>
   <trkpt lat="50.7697110" lon="6.1505120">
    <ele>210.1</ele>
    <time>2025-09-12T08:03:34Z</time>
   </trkpt>
   <trkpt lat="50.7696720" lon="6.1506630">
    <ele>210.3</ele>
    <time>2025-09-12T08:03:36Z</time>
   </trkpt>
   <trkpt lat="50.7696380" lon="6.1508200">
    <ele>210.6</ele>
    <time>2025-09-12T08:03:38Z</time>
   </trkpt>
   <trkpt lat="50.7696200" lon="6.1508900">
    <ele>210.7</ele>
    <time>2025-09-12T08:03:39Z</time>
   </trkpt>
   <trkpt lat="50.7695570" lon="6.1511290">
    <ele>211.1</ele>
    <time>2025-09-12T08:03:43Z</time>
   </trkpt>
   <trkpt lat="50.7695660" lon="6.1513340">
    <ele>211.3</ele>
    <time>2025-09-12T08:03:47Z</time>
   </trkpt>
   <trkpt lat="50.7695250" lon="6.1515440">
    <ele>211.3</ele>
    <time>2025-09-12T08:03:51Z</time>
   </trkpt>
   <trkpt lat="50.7695010" lon="6.1516050">
    <ele>211.4</ele>
    <time>2025-09-12T08:03:52Z</time>
   </trkpt>
   <trkpt lat="50.7694470" lon="6.1517250">
    <ele>211.4</ele>
    <time>2025-09-12T08:03:54Z</time>
   </trkpt>
   <trkpt lat="50.7694150" lon="6.1519230">
    <ele>211.5</ele>
    <time>2025-09-12T08:03:57Z</time>
   </trkpt>
   <trkpt lat="50.7693440" lon="6.1521830">
    <ele>211.3</ele>
    <time>2025-09-12T08:04:01Z</time>
   </trkpt>
   <trkpt lat="50.7693270" lon="6.1522520">
    <ele>211.2</ele>
    <time>2025-09-12T08:04:02Z</time>
   </trkpt>
   <trkpt lat="50.7692920" lon="6.1524210">
    <ele>210.9</ele>
    <time>2025-09-12T08:04:04Z</time>
   </trkpt>
   <trkpt lat="50.7692090" lon="6.1529970">
    <ele>210.6</ele>
    <time>2025-09-12T08:04:10Z</time>
   </trkpt>
   <trkpt lat="50.7691730" lon="6.1533000">
    <ele>211.1</ele>
    <time>2025-09-12T08:04:14Z</time>
   </trkpt>
   <trkpt lat="50.7691500" lon="6.1534410">
    <ele>211.4</ele>
    <time>2025-09-12T08:04:16Z</time>
   </trkpt>
   <trkpt lat="50.7691380" lon="6.1536300">
    <ele>211.5</ele>
    <time>2025-09-12T08:04:18Z</time>
   </trkpt>
   <trkpt lat="50.7691320" lon="6.1537200">
    <ele>211.6</ele>
    <time>2025-09-12T08:04:19Z</time>
   </trkpt>
   <trkpt lat="50.7691210" lon="6.1538790">
    <ele>211.7</ele>
    <time>2025-09-12T08:04:21Z</time>
   </trkpt>
   <trkpt lat="50.7691180" lon="6.1539600">
    <ele>211.7</ele>
    <time>2025-09-12T08:04:22Z</time>
   </trkpt>
   <trkpt lat="50.7691080" lon="6.1541340">
    <ele>212.0</ele>
    <time>2025-09-12T08:04:24Z</time>
   </trkpt>
   <trkpt lat="50.7691020" lon="6.1542140">
    <ele>212.1</ele>
    <time>2025-09-12T08:04:25Z</time>
   </trkpt>
   <trkpt lat="50.7690860" lon="6.1545030">
    <ele>212.6</ele>
    <time>2025-09-12T08:04:29Z</time>
   </trkpt>
   <trkpt lat="50.7690770" lon="6.1546280">
    <ele>212.8</ele>
    <time>2025-09-12T08:04:31Z</time>
   </trkpt>
   <trkpt lat="50.7690770" lon="6.1547520">
    <ele>213.0</ele>
    <time>2025-09-12T08:04:33Z</time>
   </trkpt>
   <trkpt lat="50.7690780" lon="6.1548240">
    <ele>213.1</ele>
    <time>2025-09-12T08:04:34Z</time>
   </trkpt>
   <trkpt lat="50.7690770" lon="6.1549940">
    <ele>213.3</ele>
    <time>2025-09-12T08:04:36Z</time>
   </trkpt>
   <trkpt lat="50.7690760" lon="6.1550750">
    <ele>213.4</ele>
    <time>2025-09-12T08:04:37Z</time>
   </trkpt>
   <trkpt lat="50.7690790" lon="6.1553190">
    <ele>213.7</ele>
    <time>2025-09-12T08:04:40Z</time>
   </trkpt>
   <trkpt lat="50.7690790" lon="6.1554250">
    <ele>213.8</ele>
    <time>2025-09-12T08:04:41Z</time>
   </trkpt>
   <trkpt lat="50.7690910" lon="6.1557120">
    <ele>214.1</ele>
    <time>2025-09-12T08:04:44Z</time>
   </trkpt>
   <trkpt lat="50.7690980" lon="6.1557900">
    <ele>214.2</ele>
    <time>2025-09-12T08:04:45Z</time>
   </trkpt>
   <trkpt lat="50.7691070" lon="6.1561310">
    <ele>214.6</ele>
    <time>2025-09-12T08:04:49Z</time>
   </trkpt>
   <trkpt lat="50.7691320" lon="6.1566250">
    <ele>215.4</ele>
    <time>2025-09-12T08:04:55Z</time>
   </trkpt>
   <trkpt lat="50.7691320" lon="6.1568810">
    <ele>215.7</ele>
    <time>2025-09-12T08:04:58Z</time>
   </trkpt>
   <trkpt lat="50.7691310" lon="6.1569670">
    <ele>215.8</ele>
    <time>2025-09-12T08:04:59Z</time>
   </trkpt>
   <trkpt lat="50.7691320" lon="6.1571430">
    <ele>216.0</ele>
    <time>2025-09-12T08:05:01Z</time>
   </trkpt>
   <trkpt lat="50.7691310" lon="6.1573360">
    <ele>216.2</ele>
    <time>2025-09-12T08:05:03Z</time>
   </trkpt>
   <trkpt lat="50.7691320" lon="6.1577740">
    <ele>216.7</ele>
    <time>2025-09-12T08:05:08Z</time>
   </trkpt>
   <trkpt lat="50.7691270" lon="6.1582390">
    <ele>217.3</ele>
    <time>2025-09-12T08:05:13Z</time>
   </trkpt>
   <trkpt lat="50.7691350" lon="6.1583420">
    <ele>217.4</ele>
    <time>2025-09-12T08:05:14Z</time>
   </trkpt>
   <trkpt lat="50.7691370" lon="6.1584350">
    <ele>217.5</ele>
    <time>2025-09-12T08:05:15Z</time>
   </trkpt>
   <trkpt lat="50.7691240" lon="6.1586680">
    <ele>217.7</ele>
    <time>2025-09-12T08:05:18Z</time>
   </trkpt>
   <trkpt lat="50.7691250" lon="6.1587430">
    <ele>217.8</ele>
    <time>2025-09-12T08:05:19Z</time>
   </trkpt>
   <trkpt lat="50.7691190" lon="6.1589710">
    <ele>218.1</ele>
    <time>2025-09-12T08:05:22Z</time>
   </trkpt>
   <trkpt lat="50.7691110" lon="6.1591810">
    <ele>218.4</ele>
    <time>2025-09-12T08:05:25Z</time>
   </trkpt>
   <trkpt lat="50.7691050" lon="6.1592670">
    <ele>218.5</ele>
    <time>2025-09-12T08:05:26Z</time>
   </trkpt>
   <trkpt lat="50.7690980" lon="6.1594550">
    <ele>218.7</ele>
    <time>2025-09-12T08:05:28Z</time>
   </trkpt>
   <trkpt lat="50.7690870" lon="6.1595290">
    <ele>218.8</ele>
    <time>2025-09-12T08:05:29Z</time>
   </trkpt>
   <trkpt lat="50.7690750" lon="6.1597010">
    <ele>219.1</ele>
    <time>2025-09-12T08:05:31Z</time>
   </trkpt>
   <trkpt lat="50.7690670" lon="6.1598680">
    <ele>219.3</ele>
    <time>2025-09-12T08:05:33Z</time>
   </trkpt>
   <trkpt lat="50.7690630" lon="6.1599520">
    <ele>219.4</ele>
    <time>2025-09-12T08:05:34Z</time>
   </trkpt>
   <trkpt lat="50.7690310" lon="6.1601940">
    <ele>219.8</ele>
    <time>2025-09-12T08:05:37Z</time>
   </trkpt>
   <trkpt lat="50.7690160" lon="6.1602890">
    <ele>220.0</ele>
    <time>2025-09-12T08:05:38Z</time>
   </trkpt>
   <trkpt lat="50.7689950" lon="6.1604670">
    <ele>220.3</ele>
    <time>2025-09-12T08:05:40Z</time>
   </trkpt>
   <trkpt lat="50.7689500" lon="6.1606870">
    <ele>220.6</ele>
    <time>2025-09-12T08:05:43Z</time>
   </trkpt>
   <trkpt lat="50.7689280" lon="6.1607540">
    <ele>220.7</ele>
    <time>2025-09-12T08:05:44Z</time>
   </trkpt>
   <trkpt lat="50.7688840" lon="6.1610940">
    <ele>221.2</ele>
    <time>2025-09-12T08:05:47Z</time>
   </trkpt>
   <trkpt lat="50.7688660" lon="6.1611910">
    <ele>221.3</ele>
    <time>2025-09-12T08:05:48Z</time>
   </trkpt>
   <trkpt lat="50.7688120" lon="6.1614460">
    <ele>221.7</ele>
    <time>2025-09-12T08:05:51Z</time>
   </trkpt>
   <trkpt lat="50.7687660" lon="6.1616500">
    <ele>222.0</ele>
    <time>2025-09-12T08:05:54Z</time>
   </trkpt>
   <trkpt lat="50.7687490" lon="6.1617390">
    <ele>222.1</ele>
    <time>2025-09-12T08:05:55Z</time>
   </trkpt>
   <trkpt lat="50.7686170" lon="6.1622100">
    <ele>222.5</ele>
    <time>2025-09-12T08:06:01Z</time>
   </trkpt>
   <trkpt lat="50.7684730" lon="6.1626890">
    <ele>223.0</ele>
    <time>2025-09-12T08:06:07Z</time>
   </trkpt>
   <trkpt lat="50.7683670" lon="6.1629730">
    <ele>223.4</ele>
    <time>2025-09-12T08:06:11Z</time>
   </trkpt>
   <trkpt lat="50.7683150" lon="6.1631100">
    <ele>223.6</ele>
    <time>2025-09-12T08:06:13Z</time>
   </trkpt>
   <trkpt lat="50.7681890" lon="6.1633960">
    <ele>223.9</ele>
    <time>2025-09-12T08:06:17Z</time>
   </trkpt>
   <trkpt lat="50.7681280" lon="6.1635250">
    <ele>223.9</ele>
    <time>2025-09-12T08:06:19Z</time>
   </trkpt>
   <trkpt lat="50.7680570" lon="6.1636660">
    <ele>223.8</ele>
    <time>2025-09-12T08:06:21Z</time>
   </trkpt>
   <trkpt lat="50.7679460" lon="6.1638430">
    <ele>223.8</ele>
    <time>2025-09-12T08:06:24Z</time>
   </trkpt>
   <trkpt lat="50.7678870" lon="6.1639770">
    <ele>223.8</ele>
    <time>2025-09-12T08:06:26Z</time>
   </trkpt>
   <trkpt lat="50.7678560" lon="6.1640390">
    <ele>223.9</ele>
    <time>2025-09-12T08:06:27Z</time>
   </trkpt>
   <trkpt lat="50.7677100" lon="6.1643040">
    <ele>223.9</ele>
    <time>2025-09-12T08:06:31Z</time>
   </trkpt>
   <trkpt lat="50.7676750" lon="6.1643730">
    <ele>223.9</ele>
    <time>2025-09-12T08:06:32Z</time>
   </trkpt>
   <trkpt lat="50.7676260" lon="6.1645580">
    <ele>223.9</ele>
    <time>2025-09-12T08:06:34Z</time>
   </trkpt>
   <trkpt lat="50.7675600" lon="6.1647130">
    <ele>223.8</ele>
    <time>2025-09-12T08:06:36Z</time>
   </trkpt>
   <trkpt lat="50.7674400" lon="6.1648860">
    <ele>224.0</ele>
    <time>2025-09-12T08:06:39Z</time>
   </trkpt>
   <trkpt lat="50.7672300" lon="6.1651550">
    <ele>224.2</ele>
    <time>2025-09-12T08:06:44Z</time>
   </trkpt>
   <trkpt lat="50.7669420" lon="6.1655070">
    <ele>224.1</ele>
    <time>2025-09-12T08:06:50Z</time>
   </trkpt>
   <trkpt lat="50.7668550" lon="6.1656290">
    <ele>224.2</ele>
    <time>2025-09-12T08:06:52Z</time>
   </trkpt>
   <trkpt lat="50.7667700" lon="6.1657290">
    <ele>224.4</ele>
    <time>2025-09-12T08:06:54Z</time>
   </trkpt>
   <trkpt lat="50.7667290" lon="6.1657660">
    <ele>224.5</ele>
    <time>2025-09-12T08:06:55Z</time>
   </trkpt>
   <trkpt lat="50.7666020" lon="6.1658850">
    <ele>224.9</ele>
    <time>2025-09-12T08:06:58Z</time>
   </trkpt>
   <trkpt lat="50.7665090" lon="6.1659650">
    <ele>225.1</ele>
    <time>2025-09-12T08:07:00Z</time>
   </trkpt>
   <trkpt lat="50.7662420" lon="6.1662200">
    <ele>225.7</ele>
    <time>2025-09-12T08:07:06Z</time>
   </trkpt>
   <trkpt lat="50.7661950" lon="6.1662590">
    <ele>225.8</ele>
    <time>2025-09-12T08:07:07Z</time>
   </trkpt>
   <trkpt lat="50.7660590" lon="6.1663420">
    <ele>226.1</ele>
    <time>2025-09-12T08:07:10Z</time>
   </trkpt>
   <trkpt lat="50.7659120" lon="6.1664130">
    <ele>226.4</ele>
    <time>2025-09-12T08:07:13Z</time>
   </trkpt>
   <trkpt lat="50.7658140" lon="6.1664760">
    <ele>226.6</ele>
    <time>2025-09-12T08:07:15Z</time>
   </trkpt>
   <trkpt lat="50.7657180" lon="6.1665350">
    <ele>226.7</ele>
    <time>2025-09-12T08:07:17Z</time>
   </trkpt>
   <trkpt lat="50.7656270" lon="6.1666280">
    <ele>226.9</ele>
    <time>2025-09-12T08:07:19Z</time>
   </trkpt>
   <trkpt lat="50.7655180" lon="6.1667050">
    <ele>227.0</ele>
    <time>2025-09-12T08:07:21Z</time>
   </trkpt>
   <trkpt lat="50.7654110" lon="6.1667480">
    <ele>227.1</ele>
    <time>2025-09-12T08:07:23Z</time>
   </trkpt>
   <trkpt lat="50.7653580" lon="6.1667740">
    <ele>227.2</ele>
    <time>2025-09-12T08:07:24Z</time>
   </trkpt>
   <trkpt lat="50.7650900" lon="6.1669060">
    <ele>227.8</ele>
    <time>2025-09-12T08:07:29Z</time>
   </trkpt>
   <trkpt lat="50.7650380" lon="6.1669250">
    <ele>227.8</ele>
    <time>2025-09-12T08:07:30Z</time>
   </trkpt>
   <trkpt lat="50.7649850" lon="6.1669350">
    <ele>227.9</ele>
    <time>2025-09-12T08:07:31Z</time>
   </trkpt>
   <trkpt lat="50.7647670" lon="6.1669790">
    <ele>228.2</ele>
    <time>2025-09-12T08:07:35Z</time>
   </trkpt>
   <trkpt lat="50.7644800" lon="6.1670540">
    <ele>228.4</ele>
    <time>2025-09-12T08:07:40Z</time>
   </trkpt>
   <trkpt lat="50.7644260" lon="6.1670530">
    <ele>228.4</ele>
    <time>2025-09-12T08:07:41Z</time>
   </trkpt>
   <trkpt lat="50.7640810" lon="6.1670220">
    <ele>228.8</ele>
    <time>2025-09-12T08:07:47Z</time>
   </trkpt>
   <trkpt lat="50.7636600" lon="6.1669000">
    <ele>229.4</ele>
    <time>2025-09-12T08:07:55Z</time>
   </trkpt>
   <trkpt lat="50.7635700" lon="6.1668650">
    <ele>229.6</ele>
    <time>2025-09-12T08:07:57Z</time>
   </trkpt>
   <trkpt lat="50.7634810" lon="6.1668150">
    <ele>230.0</ele>
    <time>2025-09-12T08:07:59Z</time>
   </trkpt>
   <trkpt lat="50.7634440" lon="6.1667860">
    <ele>230.1</ele>
    <time>2025-09-12T08:08:00Z</time>
   </trkpt>
   <trkpt lat="50.7634100" lon="6.1667590">
    <ele>230.2</ele>
    <time>2025-09-12T08:08:01Z</time>
   </trkpt>
   <trkpt lat="50.7632840" lon="6.1666680">
    <ele>230.6</ele>
    <time>2025-09-12T08:08:04Z</time>
   </trkpt>
   <trkpt lat="50.7631200" lon="6.1665060">
    <ele>230.9</ele>
    <time>2025-09-12T08:08:08Z</time>
   </trkpt>
   <trkpt lat="50.7630430" lon="6.1664250">
    <ele>231.1</ele>
    <time>2025-09-12T08:08:10Z</time>
   </trkpt>
   <trkpt lat="50.7629040" lon="6.1662840">
    <ele>231.3</ele>
    <time>2025-09-12T08:08:13Z</time>
   </trkpt>
   <trkpt lat="50.7628620" lon="6.1662310">
    <ele>231.4</ele>
    <time>2025-09-12T08:08:14Z</time>
   </trkpt>
   <trkpt lat="50.7626930" lon="6.1660530">
    <ele>231.7</ele>
    <time>2025-09-12T08:08:18Z</time>
   </trkpt>
   <trkpt lat="50.7624900" lon="6.1658230">
    <ele>232.1</ele>
    <time>2025-09-12T08:08:23Z</time>
   </trkpt>
   <trkpt lat="50.7624490" lon="6.1657830">
    <ele>232.2</ele>
    <time>2025-09-12T08:08:24Z</time>
   </trkpt>
   <trkpt lat="50.7623140" lon="6.1656520">
    <ele>232.5</ele>
    <time>2025-09-12T08:08:27Z</time>
   </trkpt>
   <trkpt lat="50.7621580" lon="6.1654930">
    <ele>232.7</ele>
    <time>2025-09-12T08:08:31Z</time>
   </trkpt>
   <trkpt lat="50.7619600" lon="6.1652790">
    <ele>233.0</ele>
    <time>2025-09-12T08:08:36Z</time>
   </trkpt>
   <trkpt lat="50.7617030" lon="6.1649690">
    <ele>233.6</ele>
    <time>2025-09-12T08:08:42Z</time>
   </trkpt>
   <trkpt lat="50.7614270" lon="6.1646280">
    <ele>234.1</ele>
    <time>2025-09-12T08:08:49Z</time>
   </trkpt>
   <trkpt lat="50.7611690" lon="6.1643050">
    <ele>234.6</ele>
    <time>2025-09-12T08:08:55Z</time>
   </trkpt>
   <trkpt lat="50.7609680" lon="6.1640050">
    <ele>234.8</ele>
    <time>2025-09-12T08:09:00Z</time>
   </trkpt>
   <trkpt lat="50.7607610" lon="6.1635920">
    <ele>234.9</ele>
    <time>2025-09-12T08:09:06Z</time>
   </trkpt>
   <trkpt lat="50.7605920" lon="6.1632290">
    <ele>235.1</ele>
    <time>2025-09-12T08:09:11Z</time>
   </trkpt>
   <trkpt lat="50.7604580" lon="6.1628820">
    <ele>235.4</ele>
    <time>2025-09-12T08:09:16Z</time>
   </trkpt>
   <trkpt lat="50.7603190" lon="6.1625440">
    <ele>235.8</ele>
    <time>2025-09-12T08:09:21Z</time>
   </trkpt>
   <trkpt lat="50.7602210" lon="6.1623270">
    <ele>236.4</ele>
    <time>2025-09-12T08:09:26Z</time>
   </trkpt>
   <trkpt lat="50.7602170" lon="6.1623140">
    <ele>236.4</ele>
    <time>2025-09-12T08:09:28Z</time>
   </trkpt>
   <trkpt lat="50.7601900" lon="6.1622440">
    <ele>236.6</ele>
    <time>2025-09-12T08:09:31Z</time>
   </trkpt>
   <trkpt lat="50.7601780" lon="6.1622130">
    <ele>236.6</ele>
    <time>2025-09-12T08:09:32Z</time>
   </trkpt>
   <trkpt lat="50.7600790" lon="6.1620370">
    <ele>236.7</ele>
    <time>2025-09-12T08:09:37Z</time>
   </trkpt>
   <trkpt lat="50.7599360" lon="6.1617800">
    <ele>236.3</ele>
    <time>2025-09-12T08:09:42Z</time>
   </trkpt>
   <trkpt lat="50.7597790" lon="6.1614000">
    <ele>236.4</ele>
    <time>2025-09-12T08:09:48Z</time>
   </trkpt>
   <trkpt lat="50.7597230" lon="6.1612710">
    <ele>236.5</ele>
    <time>2025-09-12T08:09:50Z</time>
   </trkpt>
   <trkpt lat="50.7596080" lon="6.1610030">
    <ele>236.7</ele>
    <time>2025-09-12T08:09:54Z</time>
   </trkpt>
   <trkpt lat="50.7595770" lon="6.1609390">
    <ele>236.8</ele>
    <time>2025-09-12T08:09:55Z</time>
   </trkpt>
   <trkpt lat="50.7594600" lon="6.1606840">
    <ele>237.0</ele>
    <time>2025-09-12T08:09:59Z</time>
   </trkpt>
   <trkpt lat="50.7592650" lon="6.1602860">
    <ele>237.4</ele>
    <time>2025-09-12T08:10:05Z</time>
   </trkpt>
   <trkpt lat="50.7590970" lon="6.1599700">
    <ele>237.6</ele>
    <time>2025-09-12T08:10:10Z</time>
   </trkpt>
   <trkpt lat="50.7589080" lon="6.1596640">
    <ele>237.9</ele>
    <time>2025-09-12T08:10:15Z</time>
   </trkpt>
   <trkpt lat="50.7586720" lon="6.1592960">
    <ele>238.4</ele>
    <time>2025-09-12T08:10:21Z</time>
   </trkpt>
   <trkpt lat="50.7583910" lon="6.1588980">
    <ele>238.9</ele>
    <time>2025-09-12T08:10:28Z</time>
   </trkpt>
   <trkpt lat="50.7583470" lon="6.1588480">
    <ele>239.0</ele>
    <time>2025-09-12T08:10:29Z</time>
   </trkpt>
   <trkpt lat="50.7582200" lon="6.1587060">
    <ele>239.2</ele>
    <time>2025-09-12T08:10:32Z</time>
   </trkpt>
   <trkpt lat="50.7578870" lon="6.1583670">
    <ele>239.8</ele>
    <time>2025-09-12T08:10:39Z</time>
   </trkpt>
   <trkpt lat="50.7575900" lon="6.1581520">
    <ele>240.4</ele>
    <time>2025-09-12T08:10:45Z</time>
   </trkpt>
   <trkpt lat="50.7572700" lon="6.1580280">
    <ele>241.0</ele>
    <time>2025-09-12T08:10:51Z</time>
   </trkpt>
   <trkpt lat="50.7572150" lon="6.1580080">
    <ele>241.1</ele>
    <time>2025-09-12T08:10:52Z</time>
   </trkpt>
   <trkpt lat="50.7570500" lon="6.1579390">
    <ele>241.5</ele>
    <time>2025-09-12T08:10:55Z</time>
   </trkpt>
   <trkpt lat="50.7569960" lon="6.1579160">
    <ele>241.6</ele>
    <time>2025-09-12T08:10:56Z</time>
   </trkpt>
   <trkpt lat="50.7566200" lon="6.1577760">
    <ele>242.4</ele>
    <time>2025-09-12T08:11:03Z</time>
   </trkpt>
   <trkpt lat="50.7564090" lon="6.1577770">
    <ele>242.9</ele>
    <time>2025-09-12T08:11:07Z</time>
   </trkpt>
   <trkpt lat="50.7563630" lon="6.1577870">
    <ele>243.0</ele>
    <time>2025-09-12T08:11:08Z</time>
   </trkpt>
   <trkpt lat="50.7562820" lon="6.1578220">
    <ele>243.1</ele>
    <time>2025-09-12T08:11:10Z</time>
   </trkpt>
   <trkpt lat="50.7561970" lon="6.1578350">
    <ele>243.2</ele>
    <time>2025-09-12T08:11:12Z</time>
   </trkpt>
   <trkpt lat="50.7561480" lon="6.1578190">
    <ele>243.3</ele>
    <time>2025-09-12T08:11:13Z</time>
   </trkpt>
   <trkpt lat="50.7558280" lon="6.1578770">
    <ele>243.2</ele>
    <time>2025-09-12T08:11:19Z</time>
   </trkpt>
   <trkpt lat="50.7554560" lon="6.1579540">
    <ele>243.7</ele>
    <time>2025-09-12T08:11:26Z</time>
   </trkpt>
   <trkpt lat="50.7551150" lon="6.1580750">
    <ele>244.4</ele>
    <time>2025-09-12T08:11:33Z</time>
   </trkpt>
   <trkpt lat="50.7549100" lon="6.1581100">
    <ele>244.7</ele>
    <time>2025-09-12T08:11:37Z</time>
   </trkpt>
   <trkpt lat="50.7548180" lon="6.1581300">
    <ele>244.9</ele>
    <time>2025-09-12T08:11:39Z</time>
   </trkpt>
   <trkpt lat="50.7547450" lon="6.1582050">
    <ele>245.1</ele>
    <time>2025-09-12T08:11:41Z</time>
   </trkpt>
   <trkpt lat="50.7547170" lon="6.1582550">
    <ele>245.1</ele>
    <time>2025-09-12T08:11:42Z</time>
   </trkpt>
   <trkpt lat="50.7546830" lon="6.1582950">
    <ele>245.2</ele>
    <time>2025-09-12T08:11:43Z</time>
   </trkpt>
   <trkpt lat="50.7545980" lon="6.1583410">
    <ele>245.2</ele>
    <time>2025-09-12T08:11:45Z</time>
   </trkpt>
   <trkpt lat="50.7544480" lon="6.1584030">
    <ele>245.2</ele>
    <time>2025-09-12T08:11:48Z</time>
   </trkpt>
   <trkpt lat="50.7543940" lon="6.1584220">
    <ele>245.2</ele>
    <time>2025-09-12T08:11:49Z</time>
   </trkpt>
   <trkpt lat="50.7542860" lon="6.1584650">
    <ele>245.2</ele>
    <time>2025-09-12T08:11:51Z</time>
   </trkpt>
   <trkpt lat="50.7541160" lon="6.1585460">
    <ele>245.3</ele>
    <time>2025-09-12T08:11:54Z</time>
   </trkpt>
   <trkpt lat="50.7539430" lon="6.1586310">
    <ele>245.4</ele>
    <time>2025-09-12T08:11:57Z</time>
   </trkpt>
   <trkpt lat="50.7537740" lon="6.1586730">
    <ele>245.4</ele>
    <time>2025-09-12T08:12:00Z</time>
   </trkpt>
   <trkpt lat="50.7533780" lon="6.1588060">
    <ele>245.5</ele>
    <time>2025-09-12T08:12:07Z</time>
   </trkpt>
   <trkpt lat="50.7533210" lon="6.1588320">
    <ele>245.5</ele>
    <time>2025-09-12T08:12:08Z</time>
   </trkpt>
   <trkpt lat="50.7531010" lon="6.1588940">
    <ele>245.7</ele>
    <time>2025-09-12T08:12:12Z</time>
   </trkpt>
   <trkpt lat="50.7530480" lon="6.1588970">
    <ele>245.8</ele>
    <time>2025-09-12T08:12:13Z</time>
   </trkpt>
   <trkpt lat="50.7528250" lon="6.1588770">
    <ele>245.9</ele>
    <time>2025-09-12T08:12:17Z</time>
   </trkpt>
   <trkpt lat="50.7524800" lon="6.1588380">
    <ele>245.9</ele>
    <time>2025-09-12T08:12:23Z</time>
   </trkpt>
   <trkpt lat="50.7522010" lon="6.1588040">
    <ele>246.1</ele>
    <time>2025-09-12T08:12:29Z</time>
   </trkpt>
   <trkpt lat="50.7520330" lon="6.1587070">
    <ele>246.2</ele>
    <time>2025-09-12T08:12:35Z</time>
   </trkpt>
   <trkpt lat="50.7518590" lon="6.1586710">
    <ele>246.2</ele>
    <time>2025-09-12T08:12:40Z</time>
   </trkpt>
   <trkpt lat="50.7516220" lon="6.1586020">
    <ele>246.1</ele>
    <time>2025-09-12T08:12:45Z</time>
   </trkpt>
   <trkpt lat="50.7514240" lon="6.1585270">
    <ele>246.3</ele>
    <time>2025-09-12T08:12:49Z</time>
   </trkpt>
   <trkpt lat="50.7513300" lon="6.1584660">
    <ele>246.5</ele>
    <time>2025-09-12T08:12:51Z</time>
   </trkpt>
   <trkpt lat="50.7508430" lon="6.1580970">
    <ele>247.2</ele>
    <time>2025-09-12T08:13:01Z</time>
   </trkpt>
   <trkpt lat="50.7505930" lon="6.1578470">
    <ele>247.6</ele>
    <time>2025-09-12T08:13:07Z</time>
   </trkpt>
   <trkpt lat="50.7505140" lon="6.1576630">
    <ele>247.8</ele>
    <time>2025-09-12T08:13:10Z</time>
   </trkpt>
   <trkpt lat="50.7504850" lon="6.1576040">
    <ele>247.8</ele>
    <time>2025-09-12T08:13:11Z</time>
   </trkpt>
   <trkpt lat="50.7504530" lon="6.1575470">
    <ele>247.8</ele>
    <time>2025-09-12T08:13:12Z</time>
   </trkpt>
   <trkpt lat="50.7503390" lon="6.1573790">
    <ele>247.9</ele>
    <time>2025-09-12T08:13:15Z</time>
   </trkpt>
   <trkpt lat="50.7502970" lon="6.1573310">
    <ele>247.9</ele>
    <time>2025-09-12T08:13:16Z</time>
   </trkpt>
   <trkpt lat="50.7499970" lon="6.1569230">
    <ele>248.6</ele>
    <time>2025-09-12T08:13:24Z</time>
   </trkpt>
   <trkpt lat="50.7497280" lon="6.1565630">
    <ele>249.3</ele>
    <time>2025-09-12T08:13:31Z</time>
   </trkpt>
   <trkpt lat="50.7496020" lon="6.1564290">
    <ele>249.6</ele>
    <time>2025-09-12T08:13:34Z</time>
   </trkpt>
   <trkpt lat="50.7495150" lon="6.1563750">
    <ele>249.9</ele>
    <time>2025-09-12T08:13:36Z</time>
   </trkpt>
   <trkpt lat="50.7494410" lon="6.1563310">
    <ele>250.0</ele>
    <time>2025-09-12T08:13:38Z</time>
   </trkpt>
   <trkpt lat="50.7493960" lon="6.1562660">
    <ele>250.2</ele>
    <time>2025-09-12T08:13:40Z</time>
   </trkpt>
   <trkpt lat="50.7493900" lon="6.1562530">
    <ele>250.2</ele>
    <time>2025-09-12T08:13:42Z</time>
   </trkpt>
   <trkpt lat="50.7493760" lon="6.1562130">
    <ele>250.2</ele>
    <time>2025-09-12T08:13:46Z</time>
   </trkpt>
   <trkpt lat="50.7492990" lon="6.1560630">
    <ele>250.3</ele>
    <time>2025-09-12T08:13:51Z</time>
   </trkpt>
   <trkpt lat="50.7492430" lon="6.1559560">
    <ele>250.4</ele>
    <time>2025-09-12T08:13:53Z</time>
   </trkpt>
   <trkpt lat="50.7491590" lon="6.1558480">
    <ele>250.4</ele>
    <time>2025-09-12T08:13:55Z</time>
   </trkpt>
   <trkpt lat="50.7490710" lon="6.1557430">
    <ele>250.5</ele>
    <time>2025-09-12T08:13:57Z</time>
   </trkpt>
   <trkpt lat="50.7489490" lon="6.1555790">
    <ele>250.7</ele>
    <time>2025-09-12T08:14:00Z</time>
   </trkpt>
   <trkpt lat="50.7489080" lon="6.1555260">
    <ele>250.7</ele>
    <time>2025-09-12T08:14:01Z</time>
   </trkpt>
   <trkpt lat="50.7486390" lon="6.1551550">
    <ele>251.2</ele>
    <time>2025-09-12T08:14:08Z</time>
   </trkpt>
   <trkpt lat="50.7483280" lon="6.1547280">
    <ele>251.8</ele>
    <time>2025-09-12T08:14:16Z</time>
   </trkpt>
   <trkpt lat="50.7480090" lon="6.1543060">
    <ele>252.5</ele>
    <time>2025-09-12T08:14:24Z</time>
   </trkpt>
   <trkpt lat="50.7478090" lon="6.1540290">
    <ele>252.9</ele>
    <time>2025-09-12T08:14:29Z</time>
   </trkpt>
   <trkpt lat="50.7476020" lon="6.1537400">
    <ele>253.2</ele>
    <time>2025-09-12T08:14:34Z</time>
   </trkpt>
   <trkpt lat="50.7475620" lon="6.1536880">
    <ele>253.3</ele>
    <time>2025-09-12T08:14:35Z</time>
   </trkpt>
   <trkpt lat="50.7473690" lon="6.1534270">
    <ele>253.6</ele>
    <time>2025-09-12T08:14:40Z</time>
   </trkpt>
   <trkpt lat="50.7470660" lon="6.1530530">
    <ele>254.0</ele>
    <time>2025-09-12T08:14:48Z</time>
   </trkpt>
   <trkpt lat="50.7468170" lon="6.1527740">
    <ele>254.2</ele>
    <time>2025-09-12T08:14:54Z</time>
   </trkpt>
   <trkpt lat="50.7464530" lon="6.1524250">
    <ele>254.3</ele>
    <time>2025-09-12T08:15:02Z</time>
   </trkpt>
   <trkpt lat="50.7461520" lon="6.1522030">
    <ele>254.4</ele>
    <time>2025-09-12T08:15:08Z</time>
   </trkpt>
   <trkpt lat="50.7458320" lon="6.1520150">
    <ele>254.5</ele>
    <time>2025-09-12T08:15:14Z</time>
   </trkpt>
   <trkpt lat="50.7454500" lon="6.1518250">
    <ele>254.5</ele>
    <time>2025-09-12T08:15:21Z</time>
   </trkpt>
   <trkpt lat="50.7450260" lon="6.1515930">
    <ele>254.4</ele>
    <time>2025-09-12T08:15:29Z</time>
   </trkpt>
   <trkpt lat="50.7445950" lon="6.1513490">
    <ele>254.3</ele>
    <time>2025-09-12T08:15:37Z</time>
   </trkpt>
   <trkpt lat="50.7443050" lon="6.1512180">
    <ele>254.3</ele>
    <time>2025-09-12T08:15:43Z</time>
   </trkpt>
   <trkpt lat="50.7441670" lon="6.1511870">
    <ele>254.3</ele>
    <time>2025-09-12T08:15:48Z</time>
   </trkpt>
   <trkpt lat="50.7439690" lon="6.1510960">
    <ele>254.1</ele>
    <time>2025-09-12T08:15:53Z</time>
   </trkpt>
   <trkpt lat="50.7437940" lon="6.1510430">
    <ele>254.0</ele>
    <time>2025-09-12T08:15:57Z</time>
   </trkpt>
   <trkpt lat="50.7437520" lon="6.1510300">
    <ele>254.0</ele>
    <time>2025-09-12T08:15:58Z</time>
   </trkpt>
   <trkpt lat="50.7436550" lon="6.1510000">
    <ele>253.9</ele>
    <time>2025-09-12T08:16:00Z</time>
   </trkpt>
   <trkpt lat="50.7435060" lon="6.1509670">
    <ele>253.9</ele>
    <time>2025-09-12T08:16:03Z</time>
   </trkpt>
   <trkpt lat="50.7432930" lon="6.1509430">
    <ele>253.8</ele>
    <time>2025-09-12T08:16:07Z</time>
   </trkpt>
   <trkpt lat="50.7432410" lon="6.1509500">
    <ele>253.8</ele>
    <time>2025-09-12T08:16:08Z</time>
   </trkpt>
   <trkpt lat="50.7429100" lon="6.1509670">
    <ele>254.0</ele>
    <time>2025-09-12T08:16:14Z</time>
   </trkpt>
   <trkpt lat="50.7428580" lon="6.1509790">
    <ele>254.0</ele>
    <time>2025-09-12T08:16:15Z</time>
   </trkpt>
   <trkpt lat="50.7426970" lon="6.1510230">
    <ele>254.1</ele>
    <time>2025-09-12T08:16:18Z</time>
   </trkpt>
   <trkpt lat="50.7426430" lon="6.1510410">
    <ele>254.1</ele>
    <time>2025-09-12T08:16:19Z</time>
   </trkpt>
   <trkpt lat="50.7424280" lon="6.1511420">
    <ele>254.2</ele>
    <time>2025-09-12T08:16:23Z</time>
   </trkpt>
   <trkpt lat="50.7422710" lon="6.1512540">
    <ele>254.2</ele>
    <time>2025-09-12T08:16:26Z</time>
   </trkpt>
   <trkpt lat="50.7421670" lon="6.1513540">
    <ele>254.2</ele>
    <time>2025-09-12T08:16:28Z</time>
   </trkpt>
   <trkpt lat="50.7418480" lon="6.1516450">
    <ele>254.3</ele>
    <time>2025-09-12T08:16:34Z</time>
   </trkpt>
   <trkpt lat="50.7417570" lon="6.1517590">
    <ele>254.3</ele>
    <time>2025-09-12T08:16:36Z</time>
   </trkpt>
   <trkpt lat="50.7415270" lon="6.1520120">
    <ele>254.3</ele>
    <time>2025-09-12T08:16:41Z</time>
   </trkpt>
   <trkpt lat="50.7412640" lon="6.1524210">
    <ele>254.3</ele>
    <time>2025-09-12T08:16:47Z</time>
   </trkpt>
   <trkpt lat="50.7410350" lon="6.1528730">
    <ele>254.5</ele>
    <time>2025-09-12T08:16:53Z</time>
   </trkpt>
   <trkpt lat="50.7410030" lon="6.1529450">
    <ele>254.5</ele>
    <time>2025-09-12T08:16:54Z</time>
   </trkpt>
   <trkpt lat="50.7409170" lon="6.1531800">
    <ele>254.4</ele>
    <time>2025-09-12T08:16:57Z</time>
   </trkpt>
   <trkpt lat="50.7408880" lon="6.1532630">
    <ele>254.4</ele>
    <time>2025-09-12T08:16:58Z</time>
   </trkpt>
   <trkpt lat="50.7407830" lon="6.1536180">
    <ele>254.4</ele>
    <time>2025-09-12T08:17:02Z</time>
   </trkpt>
   <trkpt lat="50.7407110" lon="6.1539850">
    <ele>254.4</ele>
    <time>2025-09-12T08:17:06Z</time>
   </trkpt>
   <trkpt lat="50.7406460" lon="6.1544500">
    <ele>254.4</ele>
    <time>2025-09-12T08:17:11Z</time>
   </trkpt>
   <trkpt lat="50.7406100" lon="6.1549770">
    <ele>254.5</ele>
    <time>2025-09-12T08:17:17Z</time>
   </trkpt>
   <trkpt lat="50.7405910" lon="6.1554190">
    <ele>254.5</ele>
    <time>2025-09-12T08:17:22Z</time>
   </trkpt>
   <trkpt lat="50.7405900" lon="6.1555870">
    <ele>254.5</ele>
    <time>2025-09-12T08:17:24Z</time>
   </trkpt>
   <trkpt lat="50.7405890" lon="6.1559020">
    <ele>254.4</ele>
    <time>2025-09-12T08:17:28Z</time>
   </trkpt>
   <trkpt lat="50.7405830" lon="6.1562500">
    <ele>254.4</ele>
    <time>2025-09-12T08:17:33Z</time>
   </trkpt>
   <trkpt lat="50.7405800" lon="6.1563650">
    <ele>254.4</ele>
    <time>2025-09-12T08:17:36Z</time>
   </trkpt>
   <trkpt lat="50.7405800" lon="6.1563790">
    <ele>254.5</ele>
    <time>2025-09-12T08:17:37Z</time>
   </trkpt>
   <trkpt lat="50.7405790" lon="6.1565980">
    <ele>254.5</ele>
    <time>2025-09-12T08:18:56Z</time>
   </trkpt>
   <trkpt lat="50.7405850" lon="6.1566790">
    <ele>254.5</ele>
    <time>2025-09-12T08:18:58Z</time>
   </trkpt>
   <trkpt lat="50.7405900" lon="6.1568760">
    <ele>254.5</ele>
    <time>2025-09-12T08:19:02Z</time>
   </trkpt>
   <trkpt lat="50.7405830" lon="6.1572230">
    <ele>254.8</ele>
    <time>2025-09-12T08:19:08Z</time>
   </trkpt>
   <trkpt lat="50.7405940" lon="6.1573620">
    <ele>255.0</ele>
    <time>2025-09-12T08:19:11Z</time>
   </trkpt>
   <trkpt lat="50.7405900" lon="6.1574080">
    <ele>255.0</ele>
    <time>2025-09-12T08:19:12Z</time>
   </trkpt>
   <trkpt lat="50.7405400" lon="6.1575480">
    <ele>255.0</ele>
    <time>2025-09-12T08:19:15Z</time>
   </trkpt>
   <trkpt lat="50.7405390" lon="6.1576010">
    <ele>255.0</ele>
    <time>2025-09-12T08:19:16Z</time>
   </trkpt>
   <trkpt lat="50.7405950" lon="6.1577520">
    <ele>254.9</ele>
    <time>2025-09-12T08:19:19Z</time>
   </trkpt>
   <trkpt lat="50.7406370" lon="6.1578260">
    <ele>254.8</ele>
    <time>2025-09-12T08:19:21Z</time>
   </trkpt>
   <trkpt lat="50.7406390" lon="6.1578610">
    <ele>254.8</ele>
    <time>2025-09-12T08:19:22Z</time>
   </trkpt>
   <trkpt lat="50.7405780" lon="6.1579790">
    <ele>254.6</ele>
    <time>2025-09-12T08:19:25Z</time>
   </trkpt>
   <trkpt lat="50.7405670" lon="6.1580400">
    <ele>254.6</ele>
    <time>2025-09-12T08:19:26Z</time>
   </trkpt>
   <trkpt lat="50.7405720" lon="6.1581910">
    <ele>254.2</ele>
    <time>2025-09-12T08:19:28Z</time>
   </trkpt>
   <trkpt lat="50.7405760" lon="6.1582770">
    <ele>254.0</ele>
    <time>2025-09-12T08:19:29Z</time>
   </trkpt>
   <trkpt lat="50.7406000" lon="6.1586260">
    <ele>253.3</ele>
    <time>2025-09-12T08:19:33Z</time>
   </trkpt>
   <trkpt lat="50.7405980" lon="6.1591310">
    <ele>252.7</ele>
    <time>2025-09-12T08:19:38Z</time>
   </trkpt>
   <trkpt lat="50.7405870" lon="6.1596540">
    <ele>252.2</ele>
    <time>2025-09-12T08:19:43Z</time>
   </trkpt>
   <trkpt lat="50.7405740" lon="6.1604430">
    <ele>251.5</ele>
    <time>2025-09-12T08:19:50Z</time>
   </trkpt>
   <trkpt lat="50.7405420" lon="6.1610580">
    <ele>251.0</ele>
    <time>2025-09-12T08:19:55Z</time>
   </trkpt>
   <trkpt lat="50.7405280" lon="6.1617950">
    <ele>250.5</ele>
    <time>2025-09-12T08:20:01Z</time>
   </trkpt>
   <trkpt lat="50.7405410" lon="6.1623500">
    <ele>250.1</ele>
    <time>2025-09-12T08:20:06Z</time>
   </trkpt>
   <trkpt lat="50.7405540" lon="6.1625900">
    <ele>249.8</ele>
    <time>2025-09-12T08:20:08Z</time>
   </trkpt>
   <trkpt lat="50.7405820" lon="6.1628280">
    <ele>249.6</ele>
    <time>2025-09-12T08:20:10Z</time>
   </trkpt>
   <trkpt lat="50.7406890" lon="6.1636720">
    <ele>248.9</ele>
    <time>2025-09-12T08:20:17Z</time>
   </trkpt>
   <trkpt lat="50.7407820" lon="6.1646260">
    <ele>248.1</ele>
    <time>2025-09-12T08:20:25Z</time>
   </trkpt>
   <trkpt lat="50.7407940" lon="6.1647490">
    <ele>247.9</ele>
    <time>2025-09-12T08:20:26Z</time>
   </trkpt>
   <trkpt lat="50.7408170" lon="6.1649950">
    <ele>247.6</ele>
    <time>2025-09-12T08:20:28Z</time>
   </trkpt>
   <trkpt lat="50.7408520" lon="6.1653570">
    <ele>247.1</ele>
    <time>2025-09-12T08:20:31Z</time>
   </trkpt>
   <trkpt lat="50.7408820" lon="6.1659680">
    <ele>246.3</ele>
    <time>2025-09-12T08:20:36Z</time>
   </trkpt>
   <trkpt lat="50.7408590" lon="6.1665660">
    <ele>245.7</ele>
    <time>2025-09-12T08:20:41Z</time>
   </trkpt>
   <trkpt lat="50.7408260" lon="6.1669100">
    <ele>245.3</ele>
    <time>2025-09-12T08:20:44Z</time>
   </trkpt>
   <trkpt lat="50.7407890" lon="6.1671260">
    <ele>245.1</ele>
    <time>2025-09-12T08:20:46Z</time>
   </trkpt>
   <trkpt lat="50.7406580" lon="6.1676710">
    <ele>245.0</ele>
    <time>2025-09-12T08:20:51Z</time>
   </trkpt>
   <trkpt lat="50.7405150" lon="6.1681290">
    <ele>244.9</ele>
    <time>2025-09-12T08:20:56Z</time>
   </trkpt>
   <trkpt lat="50.7404030" lon="6.1684320">
    <ele>244.8</ele>
    <time>2025-09-12T08:21:01Z</time>
   </trkpt>
   <trkpt lat="50.7403870" lon="6.1684580">
    <ele>244.8</ele>
    <time>2025-09-12T08:21:03Z</time>
   </trkpt>
   <trkpt lat="50.7403650" lon="6.1685030">
    <ele>244.8</ele>
    <time>2025-09-12T08:21:34Z</time>
   </trkpt>
   <trkpt lat="50.7403540" lon="6.1685370">
    <ele>244.8</ele>
    <time>2025-09-12T08:21:35Z</time>
   </trkpt>
   <trkpt lat="50.7402490" lon="6.1687600">
    <ele>244.8</ele>
    <time>2025-09-12T08:21:40Z</time>
   </trkpt>
   <trkpt lat="50.7400990" lon="6.1690860">
    <ele>244.8</ele>
    <time>2025-09-12T08:21:45Z</time>
   </trkpt>
   <trkpt lat="50.7400000" lon="6.1692760">
    <ele>244.9</ele>
    <time>2025-09-12T08:21:48Z</time>
   </trkpt>
   <trkpt lat="50.7399040" lon="6.1694720">
    <ele>244.9</ele>
    <time>2025-09-12T08:21:51Z</time>
   </trkpt>
   <trkpt lat="50.7398080" lon="6.1696650">
    <ele>245.1</ele>
    <time>2025-09-12T08:21:54Z</time>
   </trkpt>
   <trkpt lat="50.7397010" lon="6.1698440">
    <ele>245.2</ele>
    <time>2025-09-12T08:21:57Z</time>
   </trkpt>
   <trkpt lat="50.7395580" lon="6.1701710">
    <ele>245.2</ele>
    <time>2025-09-12T08:22:02Z</time>
   </trkpt>
   <trkpt lat="50.7395270" lon="6.1702330">
    <ele>245.2</ele>
    <time>2025-09-12T08:22:03Z</time>
   </trkpt>
   <trkpt lat="50.7394940" lon="6.1702990">
    <ele>245.2</ele>
    <time>2025-09-12T08:22:04Z</time>
   </trkpt>
   <trkpt lat="50.7393410" lon="6.1706840">
    <ele>245.3</ele>
    <time>2025-09-12T08:22:09Z</time>
   </trkpt>
   <trkpt lat="50.7390830" lon="6.1712010">
    <ele>245.4</ele>
    <time>2025-09-12T08:22:16Z</time>
   </trkpt>
   <trkpt lat="50.7388540" lon="6.1716350">
    <ele>245.5</ele>
    <time>2025-09-12T08:22:23Z</time>
   </trkpt>
   <trkpt lat="50.7386900" lon="6.1719430">
    <ele>245.7</ele>
    <time>2025-09-12T08:22:28Z</time>
   </trkpt>
   <trkpt lat="50.7385730" lon="6.1721090">
    <ele>245.8</ele>
    <time>2025-09-12T08:22:31Z</time>
   </trkpt>
   <trkpt lat="50.7384920" lon="6.1721960">
    <ele>245.8</ele>
    <time>2025-09-12T08:22:33Z</time>
   </trkpt>
   <trkpt lat="50.7384520" lon="6.1722510">
    <ele>245.8</ele>
    <time>2025-09-12T08:22:34Z</time>
   </trkpt>
   <trkpt lat="50.7382370" lon="6.1725330">
    <ele>245.9</ele>
    <time>2025-09-12T08:22:39Z</time>
   </trkpt>
   <trkpt lat="50.7381890" lon="6.1725860">
    <ele>246.0</ele>
    <time>2025-09-12T08:22:40Z</time>
   </trkpt>
   <trkpt lat="50.7380920" lon="6.1726930">
    <ele>246.0</ele>
    <time>2025-09-12T08:22:42Z</time>
   </trkpt>
   <trkpt lat="50.7380400" lon="6.1727350">
    <ele>246.1</ele>
    <time>2025-09-12T08:22:43Z</time>
   </trkpt>
   <trkpt lat="50.7379900" lon="6.1727760">
    <ele>246.1</ele>
    <time>2025-09-12T08:22:44Z</time>
   </trkpt>
   <trkpt lat="50.7378430" lon="6.1729000">
    <ele>246.2</ele>
    <time>2025-09-12T08:22:47Z</time>
   </trkpt>
   <trkpt lat="50.7377910" lon="6.1729300">
    <ele>246.2</ele>
    <time>2025-09-12T08:22:48Z</time>
   </trkpt>
   <trkpt lat="50.7373510" lon="6.1732260">
    <ele>246.1</ele>
    <time>2025-09-12T08:22:56Z</time>
   </trkpt>
   <trkpt lat="50.7372380" lon="6.1732670">
    <ele>246.1</ele>
    <time>2025-09-12T08:22:58Z</time>
   </trkpt>
   <trkpt lat="50.7371220" lon="6.1733090">
    <ele>246.1</ele>
    <time>2025-09-12T08:23:00Z</time>
   </trkpt>
   <trkpt lat="50.7370660" lon="6.1733340">
    <ele>246.2</ele>
    <time>2025-09-12T08:23:01Z</time>
   </trkpt>
   <trkpt lat="50.7370100" lon="6.1733500">
    <ele>246.2</ele>
    <time>2025-09-12T08:23:02Z</time>
   </trkpt>
   <trkpt lat="50.7368330" lon="6.1733590">
    <ele>246.3</ele>
    <time>2025-09-12T08:23:05Z</time>
   </trkpt>
   <trkpt lat="50.7367700" lon="6.1733630">
    <ele>246.4</ele>
    <time>2025-09-12T08:23:06Z</time>
   </trkpt>
   <trkpt lat="50.7365260" lon="6.1733300">
    <ele>246.6</ele>
    <time>2025-09-12T08:23:10Z</time>
   </trkpt>
   <trkpt lat="50.7361730" lon="6.1732500">
    <ele>246.7</ele>
    <time>2025-09-12T08:23:16Z</time>
   </trkpt>
   <trkpt lat="50.7358730" lon="6.1731750">
    <ele>246.9</ele>
    <time>2025-09-12T08:23:21Z</time>
   </trkpt>
   <trkpt lat="50.7358140" lon="6.1731510">
    <ele>246.9</ele>
    <time>2025-09-12T08:23:22Z</time>
   </trkpt>
   <trkpt lat="50.7354780" lon="6.1729500">
    <ele>247.1</ele>
    <time>2025-09-12T08:23:28Z</time>
   </trkpt>
   <trkpt lat="50.7351010" lon="6.1726770">
    <ele>247.4</ele>
    <time>2025-09-12T08:23:35Z</time>
   </trkpt>
   <trkpt lat="50.7348130" lon="6.1724930">
    <ele>247.4</ele>
    <time>2025-09-12T08:23:40Z</time>
   </trkpt>
   <trkpt lat="50.7346360" lon="6.1724120">
    <ele>247.5</ele>
    <time>2025-09-12T08:23:43Z</time>
   </trkpt>
   <trkpt lat="50.7344490" lon="6.1723510">
    <ele>247.4</ele>
    <time>2025-09-12T08:23:46Z</time>
   </trkpt>
   <trkpt lat="50.7343230" lon="6.1723180">
    <ele>247.4</ele>
    <time>2025-09-12T08:23:48Z</time>
   </trkpt>
   <trkpt lat="50.7340620" lon="6.1722810">
    <ele>247.4</ele>
    <time>2025-09-12T08:23:52Z</time>
   </trkpt>
   <trkpt lat="50.7335810" lon="6.1722890">
    <ele>247.4</ele>
    <time>2025-09-12T08:23:59Z</time>
   </trkpt>
   <trkpt lat="50.7334500" lon="6.1723140">
    <ele>247.4</ele>
    <time>2025-09-12T08:24:01Z</time>
   </trkpt>
   <trkpt lat="50.7332520" lon="6.1723890">
    <ele>247.4</ele>
    <time>2025-09-12T08:24:04Z</time>
   </trkpt>
   <trkpt lat="50.7331240" lon="6.1724460">
    <ele>247.3</ele>
    <time>2025-09-12T08:24:06Z</time>
   </trkpt>
   <trkpt lat="50.7329300" lon="6.1725650">
    <ele>247.1</ele>
    <time>2025-09-12T08:24:09Z</time>
   </trkpt>
   <trkpt lat="50.7327950" lon="6.1726510">
    <ele>247.1</ele>
    <time>2025-09-12T08:24:11Z</time>
   </trkpt>
   <trkpt lat="50.7326600" lon="6.1727170">
    <ele>247.1</ele>
    <time>2025-09-12T08:24:13Z</time>
   </trkpt>
   <trkpt lat="50.7324220" lon="6.1729140">
    <ele>247.1</ele>
    <time>2025-09-12T08:24:17Z</time>
   </trkpt>
   <trkpt lat="50.7323680" lon="6.1729730">
    <ele>247.0</ele>
    <time>2025-09-12T08:24:18Z</time>
   </trkpt>
   <trkpt lat="50.7321200" lon="6.1733270">
    <ele>246.9</ele>
    <time>2025-09-12T08:24:23Z</time>
   </trkpt>
   <trkpt lat="50.7317130" lon="6.1739520">
    <ele>247.1</ele>
    <time>2025-09-12T08:24:31Z</time>
   </trkpt>
   <trkpt lat="50.7315200" lon="6.1742400">
    <ele>247.1</ele>
    <time>2025-09-12T08:24:35Z</time>
   </trkpt>
   <trkpt lat="50.7314720" lon="6.1743100">
    <ele>247.1</ele>
    <time>2025-09-12T08:24:36Z</time>
   </trkpt>
   <trkpt lat="50.7312720" lon="6.1745650">
    <ele>247.1</ele>
    <time>2025-09-12T08:24:40Z</time>
   </trkpt>
   <trkpt lat="50.7312230" lon="6.1746220">
    <ele>247.2</ele>
    <time>2025-09-12T08:24:41Z</time>
   </trkpt>
   <trkpt lat="50.7309750" lon="6.1749610">
    <ele>247.1</ele>
    <time>2025-09-12T08:24:46Z</time>
   </trkpt>
   <trkpt lat="50.7308880" lon="6.1750840">
    <ele>247.1</ele>
    <time>2025-09-12T08:24:48Z</time>
   </trkpt>
   <trkpt lat="50.7307980" lon="6.1752520">
    <ele>247.1</ele>
    <time>2025-09-12T08:24:50Z</time>
   </trkpt>
   <trkpt lat="50.7304120" lon="6.1759600">
    <ele>247.0</ele>
    <time>2025-09-12T08:24:58Z</time>
   </trkpt>
   <trkpt lat="50.7303130" lon="6.1760930">
    <ele>247.0</ele>
    <time>2025-09-12T08:25:00Z</time>
   </trkpt>
   <trkpt lat="50.7301200" lon="6.1763590">
    <ele>247.1</ele>
    <time>2025-09-12T08:25:04Z</time>
   </trkpt>
   <trkpt lat="50.7300240" lon="6.1764890">
    <ele>247.2</ele>
    <time>2025-09-12T08:25:06Z</time>
   </trkpt>
   <trkpt lat="50.7298660" lon="6.1768290">
    <ele>247.2</ele>
    <time>2025-09-12T08:25:10Z</time>
   </trkpt>
   <trkpt lat="50.7298340" lon="6.1769090">
    <ele>247.1</ele>
    <time>2025-09-12T08:25:11Z</time>
   </trkpt>
   <trkpt lat="50.7297690" lon="6.1770730">
    <ele>247.1</ele>
    <time>2025-09-12T08:25:13Z</time>
   </trkpt>
   <trkpt lat="50.7296450" lon="6.1772690">
    <ele>247.0</ele>
    <time>2025-09-12T08:25:16Z</time>
   </trkpt>
   <trkpt lat="50.7293300" lon="6.1777630">
    <ele>246.9</ele>
    <time>2025-09-12T08:25:24Z</time>
   </trkpt>
   <trkpt lat="50.7291300" lon="6.1780610">
    <ele>246.8</ele>
    <time>2025-09-12T08:25:29Z</time>
   </trkpt>
   <trkpt lat="50.7290880" lon="6.1781310">
    <ele>246.8</ele>
    <time>2025-09-12T08:25:30Z</time>
   </trkpt>
   <trkpt lat="50.7288570" lon="6.1784800">
    <ele>246.8</ele>
    <time>2025-09-12T08:25:36Z</time>
   </trkpt>
   <trkpt lat="50.7287690" lon="6.1786470">
    <ele>246.9</ele>
    <time>2025-09-12T08:25:39Z</time>
   </trkpt>
   <trkpt lat="50.7286820" lon="6.1787400">
    <ele>247.0</ele>
    <time>2025-09-12T08:25:42Z</time>
   </trkpt>
   <trkpt lat="50.7286670" lon="6.1787740">
    <ele>247.1</ele>
    <time>2025-09-12T08:25:43Z</time>
   </trkpt>
   <trkpt lat="50.7286280" lon="6.1788470">
    <ele>247.1</ele>
    <time>2025-09-12T08:25:46Z</time>
   </trkpt>
   <trkpt lat="50.7286040" lon="6.1788660">
    <ele>247.1</ele>
    <time>2025-09-12T08:25:47Z</time>
   </trkpt>
   <trkpt lat="50.7284400" lon="6.1790890">
    <ele>247.9</ele>
    <time>2025-09-12T08:25:53Z</time>
   </trkpt>
   <trkpt lat="50.7283960" lon="6.1792550">
    <ele>248.2</ele>
    <time>2025-09-12T08:25:57Z</time>
   </trkpt>
   <trkpt lat="50.7283160" lon="6.1793770">
    <ele>248.1</ele>
    <time>2025-09-12T08:26:00Z</time>
   </trkpt>
   <trkpt lat="50.7281410" lon="6.1795810">
    <ele>247.3</ele>
    <time>2025-09-12T08:26:04Z</time>
   </trkpt>
   <trkpt lat="50.7280980" lon="6.1796260">
    <ele>247.2</ele>
    <time>2025-09-12T08:26:05Z</time>
   </trkpt>
   <trkpt lat="50.7278310" lon="6.1799430">
    <ele>247.1</ele>
    <time>2025-09-12T08:26:11Z</time>
   </trkpt>
   <trkpt lat="50.7275650" lon="6.1803090">
    <ele>247.4</ele>
    <time>2025-09-12T08:26:17Z</time>
   </trkpt>
   <trkpt lat="50.7273030" lon="6.1807090">
    <ele>247.3</ele>
    <time>2025-09-12T08:26:23Z</time>
   </trkpt>
   <trkpt lat="50.7271450" lon="6.1809510">
    <ele>247.4</ele>
    <time>2025-09-12T08:26:27Z</time>
   </trkpt>
   <trkpt lat="50.7269070" lon="6.1813490">
    <ele>247.4</ele>
    <time>2025-09-12T08:26:33Z</time>
   </trkpt>
   <trkpt lat="50.7267120" lon="6.1817070">
    <ele>247.4</ele>
    <time>2025-09-12T08:26:38Z</time>
   </trkpt>
   <trkpt lat="50.7266750" lon="6.1817850">
    <ele>247.4</ele>
    <time>2025-09-12T08:26:39Z</time>
   </trkpt>
   <trkpt lat="50.7265210" lon="6.1820970">
    <ele>247.5</ele>
    <time>2025-09-12T08:26:43Z</time>
   </trkpt>
   <trkpt lat="50.7264800" lon="6.1821750">
    <ele>247.5</ele>
    <time>2025-09-12T08:26:44Z</time>
   </trkpt>
   <trkpt lat="50.7263330" lon="6.1824750">
    <ele>247.4</ele>
    <time>2025-09-12T08:26:48Z</time>
   </trkpt>
   <trkpt lat="50.7261830" lon="6.1827350">
    <ele>247.4</ele>
    <time>2025-09-12T08:26:52Z</time>
   </trkpt>
   <trkpt lat="50.7260490" lon="6.1829730">
    <ele>247.4</ele>
    <time>2025-09-12T08:26:56Z</time>
   </trkpt>
   <trkpt lat="50.7260190" lon="6.1830360">
    <ele>247.4</ele>
    <time>2025-09-12T08:26:57Z</time>
   </trkpt>
   <trkpt lat="50.7259070" lon="6.1832300">
    <ele>247.5</ele>
    <time>2025-09-12T08:27:00Z</time>
   </trkpt>
   <trkpt lat="50.7258680" lon="6.1832800">
    <ele>247.5</ele>
    <time>2025-09-12T08:27:01Z</time>
   </trkpt>
   <trkpt lat="50.7257890" lon="6.1834230">
    <ele>247.6</ele>
    <time>2025-09-12T08:27:03Z</time>
   </trkpt>
   <trkpt lat="50.7257470" lon="6.1834980">
    <ele>247.6</ele>
    <time>2025-09-12T08:27:04Z</time>
   </trkpt>
   <trkpt lat="50.7254830" lon="6.1840660">
    <ele>247.4</ele>
    <time>2025-09-12T08:27:10Z</time>
   </trkpt>
   <trkpt lat="50.7254420" lon="6.1841270">
    <ele>247.4</ele>
    <time>2025-09-12T08:27:11Z</time>
   </trkpt>
   <trkpt lat="50.7253630" lon="6.1842880">
    <ele>247.5</ele>
    <time>2025-09-12T08:27:13Z</time>
   </trkpt>
   <trkpt lat="50.7253290" lon="6.1843810">
    <ele>247.6</ele>
    <time>2025-09-12T08:27:14Z</time>
   </trkpt>
   <trkpt lat="50.7251520" lon="6.1849420">
    <ele>247.4</ele>
    <time>2025-09-12T08:27:20Z</time>
   </trkpt>
   <trkpt lat="50.7250000" lon="6.1856050">
    <ele>247.0</ele>
    <time>2025-09-12T08:27:26Z</time>
   </trkpt>
   <trkpt lat="50.7248540" lon="6.1862160">
    <ele>246.8</ele>
    <time>2025-09-12T08:27:32Z</time>
   </trkpt>
   <trkpt lat="50.7247930" lon="6.1864250">
    <ele>246.8</ele>
    <time>2025-09-12T08:27:35Z</time>
   </trkpt>
   <trkpt lat="50.7247480" lon="6.1865560">
    <ele>246.8</ele>
    <time>2025-09-12T08:27:37Z</time>
   </trkpt>
   <trkpt lat="50.7247150" lon="6.1866950">
    <ele>246.8</ele>
    <time>2025-09-12T08:27:39Z</time>
   </trkpt>
   <trkpt lat="50.7246380" lon="6.1869430">
    <ele>246.9</ele>
    <time>2025-09-12T08:27:43Z</time>
   </trkpt>
   <trkpt lat="50.7245990" lon="6.1870510">
    <ele>247.0</ele>
    <time>2025-09-12T08:27:45Z</time>
   </trkpt>
   <trkpt lat="50.7245600" lon="6.1872170">
    <ele>246.9</ele>
    <time>2025-09-12T08:27:47Z</time>
   </trkpt>
   <trkpt lat="50.7244700" lon="6.1876720">
    <ele>246.9</ele>
    <time>2025-09-12T08:27:52Z</time>
   </trkpt>
   <trkpt lat="50.7244050" lon="6.1879840">
    <ele>246.9</ele>
    <time>2025-09-12T08:27:57Z</time>
   </trkpt>
   <trkpt lat="50.7243990" lon="6.1881610">
    <ele>246.9</ele>
    <time>2025-09-12T08:28:00Z</time>
   </trkpt>
   <trkpt lat="50.7243780" lon="6.1882410">
    <ele>246.9</ele>
    <time>2025-09-12T08:28:01Z</time>
   </trkpt>
   <trkpt lat="50.7242430" lon="6.1885690">
    <ele>247.2</ele>
    <time>2025-09-12T08:28:05Z</time>
   </trkpt>
   <trkpt lat="50.7241480" lon="6.1887960">
    <ele>247.6</ele>
    <time>2025-09-12T08:28:08Z</time>
   </trkpt>
   <trkpt lat="50.7240310" lon="6.1889920">
    <ele>247.9</ele>
    <time>2025-09-12T08:28:11Z</time>
   </trkpt>
   <trkpt lat="50.7239350" lon="6.1890900">
    <ele>248.2</ele>
    <time>2025-09-12T08:28:13Z</time>
   </trkpt>
   <trkpt lat="50.7238220" lon="6.1891680">
    <ele>248.4</ele>
    <time>2025-09-12T08:28:15Z</time>
   </trkpt>
   <trkpt lat="50.7237620" lon="6.1891990">
    <ele>248.4</ele>
    <time>2025-09-12T08:28:16Z</time>
   </trkpt>
   <trkpt lat="50.7235820" lon="6.1893540">
    <ele>248.5</ele>
    <time>2025-09-12T08:28:19Z</time>
   </trkpt>
   <trkpt lat="50.7235290" lon="6.1894200">
    <ele>248.5</ele>
    <time>2025-09-12T08:28:20Z</time>
   </trkpt>
   <trkpt lat="50.7232990" lon="6.1897150">
    <ele>249.1</ele>
    <time>2025-09-12T08:28:25Z</time>
   </trkpt>
   <trkpt lat="50.7230360" lon="6.1899500">
    <ele>250.3</ele>
    <time>2025-09-12T08:28:31Z</time>
   </trkpt>
   <trkpt lat="50.7227990" lon="6.1901720">
    <ele>251.4</ele>
    <time>2025-09-12T08:28:37Z</time>
   </trkpt>
   <trkpt lat="50.7226590" lon="6.1903180">
    <ele>251.6</ele>
    <time>2025-09-12T08:28:41Z</time>
   </trkpt>
   <trkpt lat="50.7226320" lon="6.1903750">
    <ele>251.6</ele>
    <time>2025-09-12T08:28:42Z</time>
   </trkpt>
   <trkpt lat="50.7225340" lon="6.1905830">
    <ele>251.0</ele>
    <time>2025-09-12T08:28:45Z</time>
   </trkpt>
   <trkpt lat="50.7224860" lon="6.1906240">
    <ele>250.9</ele>
    <time>2025-09-12T08:28:46Z</time>
   </trkpt>
   <trkpt lat="50.7223080" lon="6.1907480">
    <ele>250.9</ele>
    <time>2025-09-12T08:28:50Z</time>
   </trkpt>
   <trkpt lat="50.7221570" lon="6.1908820">
    <ele>251.0</ele>
    <time>2025-09-12T08:28:54Z</time>
   </trkpt>
   <trkpt lat="50.7220310" lon="6.1910050">
    <ele>251.2</ele>
    <time>2025-09-12T08:28:57Z</time>
   </trkpt>
   <trkpt lat="50.7219930" lon="6.1910560">
    <ele>251.3</ele>
    <time>2025-09-12T08:28:58Z</time>
   </trkpt>
   <trkpt lat="50.7218770" lon="6.1912040">
    <ele>251.4</ele>
    <time>2025-09-12T08:29:01Z</time>
   </trkpt>
   <trkpt lat="50.7218360" lon="6.1912660">
    <ele>251.5</ele>
    <time>2025-09-12T08:29:02Z</time>
   </trkpt>
   <trkpt lat="50.7216750" lon="6.1914740">
    <ele>251.7</ele>
    <time>2025-09-12T08:29:06Z</time>
   </trkpt>
   <trkpt lat="50.7216360" lon="6.1915300">
    <ele>251.8</ele>
    <time>2025-09-12T08:29:07Z</time>
   </trkpt>
   <trkpt lat="50.7215640" lon="6.1916340">
    <ele>251.9</ele>
    <time>2025-09-12T08:29:09Z</time>
   </trkpt>
   <trkpt lat="50.7215000" lon="6.1917320">
    <ele>252.1</ele>
    <time>2025-09-12T08:29:11Z</time>
   </trkpt>
   <trkpt lat="50.7213670" lon="6.1919800">
    <ele>252.4</ele>
    <time>2025-09-12T08:29:15Z</time>
   </trkpt>
   <trkpt lat="50.7211950" lon="6.1923560">
    <ele>252.8</ele>
    <time>2025-09-12T08:29:20Z</time>
   </trkpt>
   <trkpt lat="50.7209930" lon="6.1927320">
    <ele>253.2</ele>
    <time>2025-09-12T08:29:25Z</time>
   </trkpt>
   <trkpt lat="50.7208250" lon="6.1930600">
    <ele>253.6</ele>
    <time>2025-09-12T08:29:30Z</time>
   </trkpt>
   <trkpt lat="50.7206480" lon="6.1934350">
    <ele>254.0</ele>
    <time>2025-09-12T08:29:35Z</time>
   </trkpt>
   <trkpt lat="50.7205530" lon="6.1936290">
    <ele>254.2</ele>
    <time>2025-09-12T08:29:38Z</time>
   </trkpt>
   <trkpt lat="50.7205170" lon="6.1937040">
    <ele>254.3</ele>
    <time>2025-09-12T08:29:39Z</time>
   </trkpt>
   <trkpt lat="50.7203870" lon="6.1939640">
    <ele>254.6</ele>
    <time>2025-09-12T08:29:43Z</time>
   </trkpt>
   <trkpt lat="50.7203070" lon="6.1941110">
    <ele>254.7</ele>
    <time>2025-09-12T08:29:45Z</time>
   </trkpt>
   <trkpt lat="50.7201720" lon="6.1943810">
    <ele>255.0</ele>
    <time>2025-09-12T08:29:49Z</time>
   </trkpt>
   <trkpt lat="50.7200130" lon="6.1946290">
    <ele>255.3</ele>
    <time>2025-09-12T08:29:53Z</time>
   </trkpt>
   <trkpt lat="50.7197020" lon="6.1949970">
    <ele>256.0</ele>
    <time>2025-09-12T08:30:00Z</time>
   </trkpt>
   <trkpt lat="50.7194750" lon="6.1952300">
    <ele>256.3</ele>
    <time>2025-09-12T08:30:05Z</time>
   </trkpt>
   <trkpt lat="50.7192740" lon="6.1953810">
    <ele>256.6</ele>
    <time>2025-09-12T08:30:09Z</time>
   </trkpt>
   <trkpt lat="50.7192250" lon="6.1954120">
    <ele>256.7</ele>
    <time>2025-09-12T08:30:10Z</time>
   </trkpt>
   <trkpt lat="50.7189240" lon="6.1956010">
    <ele>257.1</ele>
    <time>2025-09-12T08:30:16Z</time>
   </trkpt>
   <trkpt lat="50.7187660" lon="6.1956510">
    <ele>257.4</ele>
    <time>2025-09-12T08:30:19Z</time>
   </trkpt>
   <trkpt lat="50.7186660" lon="6.1956680">
    <ele>257.5</ele>
    <time>2025-09-12T08:30:21Z</time>
   </trkpt>
   <trkpt lat="50.7183180" lon="6.1957370">
    <ele>257.8</ele>
    <time>2025-09-12T08:30:27Z</time>
   </trkpt>
   <trkpt lat="50.7179150" lon="6.1957530">
    <ele>258.1</ele>
    <time>2025-09-12T08:30:34Z</time>
   </trkpt>
   <trkpt lat="50.7175880" lon="6.1957260">
    <ele>258.3</ele>
    <time>2025-09-12T08:30:40Z</time>
   </trkpt>
   <trkpt lat="50.7174290" lon="6.1957220">
    <ele>258.4</ele>
    <time>2025-09-12T08:30:43Z</time>
   </trkpt>
   <trkpt lat="50.7173200" lon="6.1957080">
    <ele>258.4</ele>
    <time>2025-09-12T08:30:45Z</time>
   </trkpt>
   <trkpt lat="50.7172620" lon="6.1957000">
    <ele>258.5</ele>
    <time>2025-09-12T08:30:46Z</time>
   </trkpt>
   <trkpt lat="50.7169810" lon="6.1956560">
    <ele>258.6</ele>
    <time>2025-09-12T08:30:51Z</time>
   </trkpt>
   <trkpt lat="50.7165910" lon="6.1956540">
    <ele>259.1</ele>
    <time>2025-09-12T08:30:58Z</time>
   </trkpt>
   <trkpt lat="50.7162590" lon="6.1957120">
    <ele>259.5</ele>
    <time>2025-09-12T08:31:04Z</time>
   </trkpt>
   <trkpt lat="50.7162030" lon="6.1957320">
    <ele>259.5</ele>
    <time>2025-09-12T08:31:05Z</time>
   </trkpt>
   <trkpt lat="50.7160360" lon="6.1957900">
    <ele>259.7</ele>
    <time>2025-09-12T08:31:08Z</time>
   </trkpt>
   <trkpt lat="50.7159290" lon="6.1958320">
    <ele>259.8</ele>
    <time>2025-09-12T08:31:10Z</time>
   </trkpt>
   <trkpt lat="50.7157680" lon="6.1958960">
    <ele>259.9</ele>
    <time>2025-09-12T08:31:13Z</time>
   </trkpt>
   <trkpt lat="50.7153890" lon="6.1960440">
    <ele>260.5</ele>
    <time>2025-09-12T08:31:20Z</time>
   </trkpt>
   <trkpt lat="50.7150030" lon="6.1961280">
    <ele>261.1</ele>
    <time>2025-09-12T08:31:27Z</time>
   </trkpt>
   <trkpt lat="50.7145030" lon="6.1961210">
    <ele>261.8</ele>
    <time>2025-09-12T08:31:36Z</time>
   </trkpt>
   <trkpt lat="50.7143930" lon="6.1961130">
    <ele>261.9</ele>
    <time>2025-09-12T08:31:38Z</time>
   </trkpt>
   <trkpt lat="50.7141820" lon="6.1960620">
    <ele>262.3</ele>
    <time>2025-09-12T08:31:42Z</time>
   </trkpt>
   <trkpt lat="50.7137160" lon="6.1958740">
    <ele>263.0</ele>
    <time>2025-09-12T08:31:51Z</time>
   </trkpt>
   <trkpt lat="50.7135670" lon="6.1957790">
    <ele>263.3</ele>
    <time>2025-09-12T08:31:54Z</time>
   </trkpt>
   <trkpt lat="50.7134190" lon="6.1956600">
    <ele>263.5</ele>
    <time>2025-09-12T08:31:57Z</time>
   </trkpt>
   <trkpt lat="50.7130640" lon="6.1953100">
    <ele>264.1</ele>
    <time>2025-09-12T08:32:05Z</time>
   </trkpt>
   <trkpt lat="50.7127570" lon="6.1948910">
    <ele>264.8</ele>
    <time>2025-09-12T08:32:13Z</time>
   </trkpt>
   <trkpt lat="50.7125870" lon="6.1945910">
    <ele>265.1</ele>
    <time>2025-09-12T08:32:19Z</time>
   </trkpt>
   <trkpt lat="50.7124880" lon="6.1944860">
    <ele>265.2</ele>
    <time>2025-09-12T08:32:23Z</time>
   </trkpt>
   <trkpt lat="50.7124120" lon="6.1944440">
    <ele>265.2</ele>
    <time>2025-09-12T08:32:26Z</time>
   </trkpt>
   <trkpt lat="50.7123850" lon="6.1943910">
    <ele>265.1</ele>
    <time>2025-09-12T08:32:27Z</time>
   </trkpt>
   <trkpt lat="50.7122820" lon="6.1941260">
    <ele>264.8</ele>
    <time>2025-09-12T08:32:31Z</time>
   </trkpt>
   <trkpt lat="50.7121220" lon="6.1935950">
    <ele>264.7</ele>
    <time>2025-09-12T08:32:38Z</time>
   </trkpt>
   <trkpt lat="50.7119830" lon="6.1930360">
    <ele>265.2</ele>
    <time>2025-09-12T08:32:45Z</time>
   </trkpt>
   <trkpt lat="50.7119010" lon="6.1926540">
    <ele>265.6</ele>
    <time>2025-09-12T08:32:50Z</time>
   </trkpt>
   <trkpt lat="50.7117870" lon="6.1922610">
    <ele>265.8</ele>
    <time>2025-09-12T08:32:55Z</time>
   </trkpt>
   <trkpt lat="50.7116150" lon="6.1917040">
    <ele>266.5</ele>
    <time>2025-09-12T08:33:02Z</time>
   </trkpt>
   <trkpt lat="50.7113570" lon="6.1910260">
    <ele>267.3</ele>
    <time>2025-09-12T08:33:11Z</time>
   </trkpt>
   <trkpt lat="50.7111860" lon="6.1905990">
    <ele>268.0</ele>
    <time>2025-09-12T08:33:17Z</time>
   </trkpt>
   <trkpt lat="50.7109440" lon="6.1898400">
    <ele>268.8</ele>
    <time>2025-09-12T08:33:27Z</time>
   </trkpt>
   <trkpt lat="50.7108090" lon="6.1892110">
    <ele>269.5</ele>
    <time>2025-09-12T08:33:35Z</time>
   </trkpt>
   <trkpt lat="50.7107030" lon="6.1885780">
    <ele>269.9</ele>
    <time>2025-09-12T08:33:43Z</time>
   </trkpt>
   <trkpt lat="50.7105620" lon="6.1878540">
    <ele>270.7</ele>
    <time>2025-09-12T08:33:52Z</time>
   </trkpt>
   <trkpt lat="50.7103820" lon="6.1872270">
    <ele>271.4</ele>
    <time>2025-09-12T08:34:00Z</time>
   </trkpt>
   <trkpt lat="50.7102780" lon="6.1869330">
    <ele>271.7</ele>
    <time>2025-09-12T08:34:04Z</time>
   </trkpt>
   <trkpt lat="50.7101910" lon="6.1867250">
    <ele>271.9</ele>
    <time>2025-09-12T08:34:07Z</time>
   </trkpt>
   <trkpt lat="50.7099940" lon="6.1863160">
    <ele>272.4</ele>
    <time>2025-09-12T08:34:13Z</time>
   </trkpt>
   <trkpt lat="50.7099240" lon="6.1861950">
    <ele>272.6</ele>
    <time>2025-09-12T08:34:15Z</time>
   </trkpt>
   <trkpt lat="50.7095870" lon="6.1856360">
    <ele>273.3</ele>
    <time>2025-09-12T08:34:24Z</time>
   </trkpt>
   <trkpt lat="50.7092460" lon="6.1851970">
    <ele>273.9</ele>
    <time>2025-09-12T08:34:32Z</time>
   </trkpt>
   <trkpt lat="50.7088460" lon="6.1847660">
    <ele>274.5</ele>
    <time>2025-09-12T08:34:41Z</time>
   </trkpt>
   <trkpt lat="50.7083750" lon="6.1842710">
    <ele>274.9</ele>
    <time>2025-09-12T08:34:51Z</time>
   </trkpt>
   <trkpt lat="50.7080270" lon="6.1839800">
    <ele>275.5</ele>
    <time>2025-09-12T08:34:58Z</time>
   </trkpt>
   <trkpt lat="50.7079260" lon="6.1839150">
    <ele>275.8</ele>
    <time>2025-09-12T08:35:00Z</time>
   </trkpt>
   <trkpt lat="50.7077950" lon="6.1838490">
    <ele>276.1</ele>
    <time>2025-09-12T08:35:03Z</time>
   </trkpt>
   <trkpt lat="50.7076780" lon="6.1838880">
    <ele>276.1</ele>
    <time>2025-09-12T08:35:07Z</time>
   </trkpt>
   <trkpt lat="50.7076160" lon="6.1838970">
    <ele>276.1</ele>
    <time>2025-09-12T08:35:09Z</time>
   </trkpt>
   <trkpt lat="50.7075870" lon="6.1838700">
    <ele>276.1</ele>
    <time>2025-09-12T08:35:10Z</time>
   </trkpt>
   <trkpt lat="50.7075670" lon="6.1838320">
    <ele>276.1</ele>
    <time>2025-09-12T08:35:11Z</time>
   </trkpt>
   <trkpt lat="50.7075050" lon="6.1837130">
    <ele>276.0</ele>
    <time>2025-09-12T08:35:14Z</time>
   </trkpt>
   <trkpt lat="50.7074700" lon="6.1836860">
    <ele>276.0</ele>
    <time>2025-09-12T08:35:15Z</time>
   </trkpt>
   <trkpt lat="50.7072950" lon="6.1836040">
    <ele>275.9</ele>
    <time>2025-09-12T08:35:19Z</time>
   </trkpt>
   <trkpt lat="50.7070190" lon="6.1834330">
    <ele>276.2</ele>
    <time>2025-09-12T08:35:25Z</time>
   </trkpt>
   <trkpt lat="50.7067610" lon="6.1832300">
    <ele>276.2</ele>
    <time>2025-09-12T08:35:31Z</time>
   </trkpt>
   <trkpt lat="50.7063680" lon="6.1828370">
    <ele>276.1</ele>
    <time>2025-09-12T08:35:40Z</time>
   </trkpt>
   <trkpt lat="50.7060680" lon="6.1824760">
    <ele>276.1</ele>
    <time>2025-09-12T08:35:47Z</time>
   </trkpt>
   <trkpt lat="50.7060250" lon="6.1824260">
    <ele>276.2</ele>
    <time>2025-09-12T08:35:48Z</time>
   </trkpt>
   <trkpt lat="50.7059330" lon="6.1823370">
    <ele>276.3</ele>
    <time>2025-09-12T08:35:50Z</time>
   </trkpt>
   <trkpt lat="50.7058470" lon="6.1822280">
    <ele>276.4</ele>
    <time>2025-09-12T08:35:52Z</time>
   </trkpt>
   <trkpt lat="50.7057570" lon="6.1821280">
    <ele>276.4</ele>
    <time>2025-09-12T08:35:54Z</time>
   </trkpt>
   <trkpt lat="50.7055840" lon="6.1819490">
    <ele>276.5</ele>
    <time>2025-09-12T08:35:58Z</time>
   </trkpt>
   <trkpt lat="50.7055060" lon="6.1818650">
    <ele>276.6</ele>
    <time>2025-09-12T08:36:00Z</time>
   </trkpt>
   <trkpt lat="50.7054350" lon="6.1817770">
    <ele>276.8</ele>
    <time>2025-09-12T08:36:02Z</time>
   </trkpt>
   <trkpt lat="50.7054010" lon="6.1817400">
    <ele>276.9</ele>
    <time>2025-09-12T08:36:03Z</time>
   </trkpt>
   <trkpt lat="50.7053480" lon="6.1816570">
    <ele>277.1</ele>
    <time>2025-09-12T08:36:06Z</time>
   </trkpt>
   <trkpt lat="50.7053920" lon="6.1816190">
    <ele>277.7</ele>
    <time>2025-09-12T08:36:09Z</time>
   </trkpt>
   <trkpt lat="50.7054150" lon="6.1816290">
    <ele>277.7</ele>
    <time>2025-09-12T08:36:10Z</time>
   </trkpt>
   <trkpt lat="50.7054850" lon="6.1816710">
    <ele>277.7</ele>
    <time>2025-09-12T08:36:13Z</time>
   </trkpt>
   <trkpt lat="50.7055520" lon="6.1816710">
    <ele>277.7</ele>
    <time>2025-09-12T08:36:17Z</time>
   </trkpt>
   <trkpt lat="50.7055580" lon="6.1815690">
    <ele>277.6</ele>
    <time>2025-09-12T08:36:19Z</time>
   </trkpt>
   <trkpt lat="50.7055330" lon="6.1814730">
    <ele>277.5</ele>
    <time>2025-09-12T08:36:21Z</time>
   </trkpt>
   <trkpt lat="50.7054160" lon="6.1812400">
    <ele>277.3</ele>
    <time>2025-09-12T08:36:27Z</time>
   </trkpt>
   <trkpt lat="50.7053540" lon="6.1810930">
    <ele>277.2</ele>
    <time>2025-09-12T08:36:30Z</time>
   </trkpt>
   <trkpt lat="50.7052670" lon="6.1808500">
    <ele>277.2</ele>
    <time>2025-09-12T08:36:34Z</time>
   </trkpt>
   <trkpt lat="50.7051340" lon="6.1805350">
    <ele>277.2</ele>
    <time>2025-09-12T08:36:39Z</time>
   </trkpt>
   <trkpt lat="50.7051120" lon="6.1804690">
    <ele>277.2</ele>
    <time>2025-09-12T08:36:40Z</time>
   </trkpt>
   <trkpt lat="50.7050810" lon="6.1804050">
    <ele>277.1</ele>
    <time>2025-09-12T08:36:41Z</time>
   </trkpt>
   <trkpt lat="50.7049470" lon="6.1801690">
    <ele>277.1</ele>
    <time>2025-09-12T08:36:45Z</time>
   </trkpt>
   <trkpt lat="50.7049080" lon="6.1801180">
    <ele>277.1</ele>
    <time>2025-09-12T08:36:46Z</time>
   </trkpt>
   <trkpt lat="50.7047820" lon="6.1800020">
    <ele>277.0</ele>
    <time>2025-09-12T08:36:49Z</time>
   </trkpt>
   <trkpt lat="50.7046220" lon="6.1798350">
    <ele>276.9</ele>
    <time>2025-09-12T08:36:53Z</time>
   </trkpt>
   <trkpt lat="50.7045560" lon="6.1797090">
    <ele>276.9</ele>
    <time>2025-09-12T08:36:55Z</time>
   </trkpt>
   <trkpt lat="50.7044130" lon="6.1793890">
    <ele>276.6</ele>
    <time>2025-09-12T08:37:00Z</time>
   </trkpt>
   <trkpt lat="50.7043250" lon="6.1792100">
    <ele>276.6</ele>
    <time>2025-09-12T08:37:03Z</time>
   </trkpt>
   <trkpt lat="50.7042630" lon="6.1791050">
    <ele>276.5</ele>
    <time>2025-09-12T08:37:05Z</time>
   </trkpt>
   <trkpt lat="50.7040800" lon="6.1788240">
    <ele>276.3</ele>
    <time>2025-09-12T08:37:10Z</time>
   </trkpt>
   <trkpt lat="50.7038140" lon="6.1784810">
    <ele>276.0</ele>
    <time>2025-09-12T08:37:16Z</time>
   </trkpt>
   <trkpt lat="50.7035300" lon="6.1780680">
    <ele>275.9</ele>
    <time>2025-09-12T08:37:23Z</time>
   </trkpt>
   <trkpt lat="50.7033150" lon="6.1775660">
    <ele>276.1</ele>
    <time>2025-09-12T08:37:30Z</time>
   </trkpt>
   <trkpt lat="50.7032160" lon="6.1771910">
    <ele>276.7</ele>
    <time>2025-09-12T08:37:35Z</time>
   </trkpt>
   <trkpt lat="50.7032030" lon="6.1771580">
    <ele>276.8</ele>
    <time>2025-09-12T08:37:36Z</time>
   </trkpt>
   <trkpt lat="50.7031470" lon="6.1771520">
    <ele>277.2</ele>
    <time>2025-09-12T08:37:38Z</time>
   </trkpt>
   <trkpt lat="50.7030410" lon="6.1772390">
    <ele>277.4</ele>
    <time>2025-09-12T08:37:42Z</time>
   </trkpt>
   <trkpt lat="50.7029200" lon="6.1773780">
    <ele>277.7</ele>
    <time>2025-09-12T08:37:47Z</time>
   </trkpt>
   <trkpt lat="50.7028930" lon="6.1773830">
    <ele>277.7</ele>
    <time>2025-09-12T08:37:48Z</time>
   </trkpt>
   <trkpt lat="50.7028460" lon="6.1773220">
    <ele>277.5</ele>
    <time>2025-09-12T08:37:50Z</time>
   </trkpt>
   <trkpt lat="50.7027690" lon="6.1771910">
    <ele>277.1</ele>
    <time>2025-09-12T08:37:53Z</time>
   </trkpt>
   <trkpt lat="50.7027140" lon="6.1770890">
    <ele>276.9</ele>
    <time>2025-09-12T08:37:55Z</time>
   </trkpt>
   <trkpt lat="50.7026320" lon="6.1769370">
    <ele>276.8</ele>
    <time>2025-09-12T08:37:58Z</time>
   </trkpt>
   <trkpt lat="50.7025720" lon="6.1768430">
    <ele>276.8</ele>
    <time>2025-09-12T08:38:00Z</time>
   </trkpt>
   <trkpt lat="50.7025440" lon="6.1767900">
    <ele>276.8</ele>
    <time>2025-09-12T08:38:01Z</time>
   </trkpt>
   <trkpt lat="50.7023460" lon="6.1764360">
    <ele>277.0</ele>
    <time>2025-09-12T08:38:08Z</time>
   </trkpt>
   <trkpt lat="50.7021380" lon="6.1760660">
    <ele>277.4</ele>
    <time>2025-09-12T08:38:15Z</time>
   </trkpt>
   <trkpt lat="50.7019470" lon="6.1757230">
    <ele>277.6</ele>
    <time>2025-09-12T08:38:21Z</time>
   </trkpt>
   <trkpt lat="50.7016560" lon="6.1751640">
    <ele>278.1</ele>
    <time>2025-09-12T08:38:30Z</time>
   </trkpt>
   <trkpt lat="50.7013680" lon="6.1745970">
    <ele>278.8</ele>
    <time>2025-09-12T08:38:39Z</time>
   </trkpt>
   <trkpt lat="50.7011480" lon="6.1741630">
    <ele>279.4</ele>
    <time>2025-09-12T08:38:46Z</time>
   </trkpt>
   <trkpt lat="50.7010380" lon="6.1739290">
    <ele>279.7</ele>
    <time>2025-09-12T08:38:50Z</time>
   </trkpt>
   <trkpt lat="50.7009800" lon="6.1738070">
    <ele>279.8</ele>
    <time>2025-09-12T08:38:52Z</time>
   </trkpt>
   <trkpt lat="50.7009500" lon="6.1737410">
    <ele>279.9</ele>
    <time>2025-09-12T08:38:53Z</time>
   </trkpt>
   <trkpt lat="50.7007990" lon="6.1734150">
    <ele>280.3</ele>
    <time>2025-09-12T08:38:58Z</time>
   </trkpt>
   <trkpt lat="50.7005660" lon="6.1728970">
    <ele>281.0</ele>
    <time>2025-09-12T08:39:06Z</time>
   </trkpt>
   <trkpt lat="50.7003700" lon="6.1724570">
    <ele>281.7</ele>
    <time>2025-09-12T08:39:13Z</time>
   </trkpt>
   <trkpt lat="50.7001160" lon="6.1718760">
    <ele>282.6</ele>
    <time>2025-09-12T08:39:22Z</time>
   </trkpt>
   <trkpt lat="50.6998840" lon="6.1712390">
    <ele>283.2</ele>
    <time>2025-09-12T08:39:31Z</time>
   </trkpt>
   <trkpt lat="50.6997200" lon="6.1705320">
    <ele>284.0</ele>
    <time>2025-09-12T08:39:40Z</time>
   </trkpt>
   <trkpt lat="50.6996250" lon="6.1699050">
    <ele>284.9</ele>
    <time>2025-09-12T08:39:48Z</time>
   </trkpt>
   <trkpt lat="50.6996040" lon="6.1694830">
    <ele>285.8</ele>
    <time>2025-09-12T08:39:54Z</time>
   </trkpt>
   <trkpt lat="50.6995900" lon="6.1692590">
    <ele>286.4</ele>
    <time>2025-09-12T08:39:57Z</time>
   </trkpt>
   <trkpt lat="50.6995590" lon="6.1690340">
    <ele>287.1</ele>
    <time>2025-09-12T08:40:00Z</time>
   </trkpt>
   <trkpt lat="50.6995430" lon="6.1689070">
    <ele>287.5</ele>
    <time>2025-09-12T08:40:03Z</time>
   </trkpt>
   <trkpt lat="50.6995450" lon="6.1688900">
    <ele>287.6</ele>
    <time>2025-09-12T08:40:04Z</time>
   </trkpt>
   <trkpt lat="50.6995520" lon="6.1688160">
    <ele>287.8</ele>
    <time>2025-09-12T08:40:09Z</time>
   </trkpt>
   <trkpt lat="50.6995450" lon="6.1687360">
    <ele>287.9</ele>
    <time>2025-09-12T08:40:11Z</time>
   </trkpt>
   <trkpt lat="50.6995310" lon="6.1685150">
    <ele>287.5</ele>
    <time>2025-09-12T08:40:15Z</time>
   </trkpt>
   <trkpt lat="50.6994620" lon="6.1679540">
    <ele>287.2</ele>
    <time>2025-09-12T08:40:23Z</time>
   </trkpt>
   <trkpt lat="50.6993740" lon="6.1674500">
    <ele>287.5</ele>
    <time>2025-09-12T08:40:30Z</time>
   </trkpt>
   <trkpt lat="50.6992150" lon="6.1668570">
    <ele>288.3</ele>
    <time>2025-09-12T08:40:39Z</time>
   </trkpt>
   <trkpt lat="50.6989720" lon="6.1662200">
    <ele>288.9</ele>
    <time>2025-09-12T08:40:49Z</time>
   </trkpt>
   <trkpt lat="50.6988530" lon="6.1659770">
    <ele>289.2</ele>
    <time>2025-09-12T08:40:53Z</time>
   </trkpt>
   <trkpt lat="50.6987290" lon="6.1657400">
    <ele>289.5</ele>
    <time>2025-09-12T08:40:57Z</time>
   </trkpt>
   <trkpt lat="50.6984120" lon="6.1652740">
    <ele>290.2</ele>
    <time>2025-09-12T08:41:06Z</time>
   </trkpt>
   <trkpt lat="50.6980930" lon="6.1649180">
    <ele>290.8</ele>
    <time>2025-09-12T08:41:14Z</time>
   </trkpt>
   <trkpt lat="50.6977560" lon="6.1646240">
    <ele>291.4</ele>
    <time>2025-09-12T08:41:22Z</time>
   </trkpt>
   <trkpt lat="50.6973670" lon="6.1643790">
    <ele>292.2</ele>
    <time>2025-09-12T08:41:31Z</time>
   </trkpt>
   <trkpt lat="50.6969460" lon="6.1642260">
    <ele>292.8</ele>
    <time>2025-09-12T08:41:40Z</time>
   </trkpt>
   <trkpt lat="50.6965060" lon="6.1641450">
    <ele>293.2</ele>
    <time>2025-09-12T08:41:49Z</time>
   </trkpt>
   <trkpt lat="50.6959940" lon="6.1640720">
    <ele>293.6</ele>
    <time>2025-09-12T08:41:59Z</time>
   </trkpt>
   <trkpt lat="50.6955730" lon="6.1640220">
    <ele>293.9</ele>
    <time>2025-09-12T08:42:07Z</time>
   </trkpt>
   <trkpt lat="50.6952740" lon="6.1639830">
    <ele>294.6</ele>
    <time>2025-09-12T08:42:13Z</time>
   </trkpt>
   <trkpt lat="50.6950950" lon="6.1639680">
    <ele>294.9</ele>
    <time>2025-09-12T08:42:17Z</time>
   </trkpt>
   <trkpt lat="50.6949950" lon="6.1639520">
    <ele>294.6</ele>
    <time>2025-09-12T08:42:19Z</time>
   </trkpt>
   <trkpt lat="50.6947210" lon="6.1639290">
    <ele>294.0</ele>
    <time>2025-09-12T08:42:24Z</time>
   </trkpt>
   <trkpt lat="50.6943150" lon="6.1638910">
    <ele>294.2</ele>
    <time>2025-09-12T08:42:31Z</time>
   </trkpt>
   <trkpt lat="50.6940510" lon="6.1638980">
    <ele>294.7</ele>
    <time>2025-09-12T08:42:36Z</time>
   </trkpt>
   <trkpt lat="50.6936330" lon="6.1639270">
    <ele>294.6</ele>
    <time>2025-09-12T08:42:44Z</time>
   </trkpt>
   <trkpt lat="50.6934750" lon="6.1639510">
    <ele>294.5</ele>
    <time>2025-09-12T08:42:47Z</time>
   </trkpt>
   <trkpt lat="50.6933730" lon="6.1639680">
    <ele>294.4</ele>
    <time>2025-09-12T08:42:49Z</time>
   </trkpt>
   <trkpt lat="50.6928490" lon="6.1640380">
    <ele>293.9</ele>
    <time>2025-09-12T08:42:58Z</time>
   </trkpt>
   <trkpt lat="50.6926190" lon="6.1640580">
    <ele>293.8</ele>
    <time>2025-09-12T08:43:02Z</time>
   </trkpt>
   <trkpt lat="50.6920950" lon="6.1641100">
    <ele>293.7</ele>
    <time>2025-09-12T08:43:11Z</time>
   </trkpt>
   <trkpt lat="50.6916870" lon="6.1641240">
    <ele>293.7</ele>
    <time>2025-09-12T08:43:18Z</time>
   </trkpt>
   <trkpt lat="50.6916390" lon="6.1641150">
    <ele>293.7</ele>
    <time>2025-09-12T08:43:19Z</time>
   </trkpt>
   <trkpt lat="50.6914010" lon="6.1641130">
    <ele>293.6</ele>
    <time>2025-09-12T08:43:23Z</time>
   </trkpt>
   <trkpt lat="50.6911610" lon="6.1640800">
    <ele>294.1</ele>
    <time>2025-09-12T08:43:27Z</time>
   </trkpt>
   <trkpt lat="50.6910610" lon="6.1640710">
    <ele>294.5</ele>
    <time>2025-09-12T08:43:29Z</time>
   </trkpt>
   <trkpt lat="50.6909840" lon="6.1640250">
    <ele>294.9</ele>
    <time>2025-09-12T08:43:31Z</time>
   </trkpt>
   <trkpt lat="50.6908460" lon="6.1639590">
    <ele>294.7</ele>
    <time>2025-09-12T08:43:34Z</time>
   </trkpt>
   <trkpt lat="50.6905240" lon="6.1638460">
    <ele>294.4</ele>
    <time>2025-09-12T08:43:40Z</time>
   </trkpt>
   <trkpt lat="50.6902720" lon="6.1637200">
    <ele>294.7</ele>
    <time>2025-09-12T08:43:45Z</time>
   </trkpt>
   <trkpt lat="50.6900800" lon="6.1635960">
    <ele>294.9</ele>
    <time>2025-09-12T08:43:49Z</time>
   </trkpt>
   <trkpt lat="50.6896980" lon="6.1632900">
    <ele>295.8</ele>
    <time>2025-09-12T08:43:57Z</time>
   </trkpt>
   <trkpt lat="50.6894330" lon="6.1630330">
    <ele>296.3</ele>
    <time>2025-09-12T08:44:03Z</time>
   </trkpt>
   <trkpt lat="50.6890020" lon="6.1626370">
    <ele>297.2</ele>
    <time>2025-09-12T08:44:12Z</time>
   </trkpt>
   <trkpt lat="50.6886680" lon="6.1623450">
    <ele>297.9</ele>
    <time>2025-09-12T08:44:19Z</time>
   </trkpt>
   <trkpt lat="50.6884210" lon="6.1621830">
    <ele>298.4</ele>
    <time>2025-09-12T08:44:24Z</time>
   </trkpt>
   <trkpt lat="50.6881740" lon="6.1620570">
    <ele>298.9</ele>
    <time>2025-09-12T08:44:29Z</time>
   </trkpt>
   <trkpt lat="50.6881210" lon="6.1620440">
    <ele>299.0</ele>
    <time>2025-09-12T08:44:30Z</time>
   </trkpt>
   <trkpt lat="50.6879690" lon="6.1620070">
    <ele>299.3</ele>
    <time>2025-09-12T08:44:33Z</time>
   </trkpt>
   <trkpt lat="50.6878630" lon="6.1619890">
    <ele>299.6</ele>
    <time>2025-09-12T08:44:35Z</time>
   </trkpt>
   <trkpt lat="50.6876430" lon="6.1619650">
    <ele>300.1</ele>
    <time>2025-09-12T08:44:40Z</time>
   </trkpt>
   <trkpt lat="50.6875530" lon="6.1619620">
    <ele>300.3</ele>
    <time>2025-09-12T08:44:42Z</time>
   </trkpt>
   <trkpt lat="50.6874500" lon="6.1619500">
    <ele>300.3</ele>
    <time>2025-09-12T08:44:44Z</time>
   </trkpt>
   <trkpt lat="50.6871140" lon="6.1619650">
    <ele>300.7</ele>
    <time>2025-09-12T08:44:50Z</time>
   </trkpt>
   <trkpt lat="50.6867580" lon="6.1619810">
    <ele>300.9</ele>
    <time>2025-09-12T08:44:56Z</time>
   </trkpt>
   <trkpt lat="50.6863990" lon="6.1619540">
    <ele>301.3</ele>
    <time>2025-09-12T08:45:02Z</time>
   </trkpt>
   <trkpt lat="50.6860400" lon="6.1618490">
    <ele>301.9</ele>
    <time>2025-09-12T08:45:08Z</time>
   </trkpt>
   <trkpt lat="50.6856040" lon="6.1615940">
    <ele>302.8</ele>
    <time>2025-09-12T08:45:17Z</time>
   </trkpt>
   <trkpt lat="50.6852790" lon="6.1613170">
    <ele>303.4</ele>
    <time>2025-09-12T08:45:24Z</time>
   </trkpt>
   <trkpt lat="50.6849050" lon="6.1608940">
    <ele>304.2</ele>
    <time>2025-09-12T08:45:33Z</time>
   </trkpt>
   <trkpt lat="50.6845070" lon="6.1604000">
    <ele>305.1</ele>
    <time>2025-09-12T08:45:43Z</time>
   </trkpt>
   <trkpt lat="50.6841590" lon="6.1599460">
    <ele>306.0</ele>
    <time>2025-09-12T08:45:52Z</time>
   </trkpt>
   <trkpt lat="50.6838950" lon="6.1596040">
    <ele>306.8</ele>
    <time>2025-09-12T08:45:59Z</time>
   </trkpt>
   <trkpt lat="50.6836610" lon="6.1593130">
    <ele>307.2</ele>
    <time>2025-09-12T08:46:05Z</time>
   </trkpt>
   <trkpt lat="50.6833230" lon="6.1589140">
    <ele>307.6</ele>
    <time>2025-09-12T08:46:13Z</time>
   </trkpt>
   <trkpt lat="50.6830610" lon="6.1586680">
    <ele>308.2</ele>
    <time>2025-09-12T08:46:19Z</time>
   </trkpt>
   <trkpt lat="50.6826470" lon="6.1583560">
    <ele>308.8</ele>
    <time>2025-09-12T08:46:28Z</time>
   </trkpt>
   <trkpt lat="50.6823060" lon="6.1581750">
    <ele>309.3</ele>
    <time>2025-09-12T08:46:35Z</time>
   </trkpt>
   <trkpt lat="50.6821640" lon="6.1581020">
    <ele>309.5</ele>
    <time>2025-09-12T08:46:38Z</time>
   </trkpt>
   <trkpt lat="50.6820640" lon="6.1580600">
    <ele>309.7</ele>
    <time>2025-09-12T08:46:40Z</time>
   </trkpt>
   <trkpt lat="50.6817720" lon="6.1579290">
    <ele>310.0</ele>
    <time>2025-09-12T08:46:46Z</time>
   </trkpt>
   <trkpt lat="50.6814740" lon="6.1577900">
    <ele>310.3</ele>
    <time>2025-09-12T08:46:52Z</time>
   </trkpt>
   <trkpt lat="50.6814280" lon="6.1577740">
    <ele>310.4</ele>
    <time>2025-09-12T08:46:53Z</time>
   </trkpt>
   <trkpt lat="50.6812930" lon="6.1577030">
    <ele>310.5</ele>
    <time>2025-09-12T08:46:56Z</time>
   </trkpt>
   <trkpt lat="50.6811950" lon="6.1576630">
    <ele>310.7</ele>
    <time>2025-09-12T08:46:58Z</time>
   </trkpt>
   <trkpt lat="50.6808870" lon="6.1575100">
    <ele>311.2</ele>
    <time>2025-09-12T08:47:05Z</time>
   </trkpt>
   <trkpt lat="50.6806500" lon="6.1573860">
    <ele>311.6</ele>
    <time>2025-09-12T08:47:10Z</time>
   </trkpt>
   <trkpt lat="50.6805600" lon="6.1573230">
    <ele>311.7</ele>
    <time>2025-09-12T08:47:12Z</time>
   </trkpt>
   <trkpt lat="50.6803760" lon="6.1571830">
    <ele>312.0</ele>
    <time>2025-09-12T08:47:16Z</time>
   </trkpt>
   <trkpt lat="50.6800610" lon="6.1568870">
    <ele>312.5</ele>
    <time>2025-09-12T08:47:23Z</time>
   </trkpt>
   <trkpt lat="50.6798530" lon="6.1566680">
    <ele>312.8</ele>
    <time>2025-09-12T08:47:28Z</time>
   </trkpt>
   <trkpt lat="50.6795690" lon="6.1563140">
    <ele>313.3</ele>
    <time>2025-09-12T08:47:36Z</time>
   </trkpt>
   <trkpt lat="50.6791860" lon="6.1557900">
    <ele>314.1</ele>
    <time>2025-09-12T08:47:45Z</time>
   </trkpt>
   <trkpt lat="50.6788540" lon="6.1553350">
    <ele>314.7</ele>
    <time>2025-09-12T08:47:54Z</time>
   </trkpt>
   <trkpt lat="50.6785670" lon="6.1549210">
    <ele>315.4</ele>
    <time>2025-09-12T08:48:02Z</time>
   </trkpt>
   <trkpt lat="50.6783500" lon="6.1546360">
    <ele>315.9</ele>
    <time>2025-09-12T08:48:08Z</time>
   </trkpt>
   <trkpt lat="50.6780080" lon="6.1542260">
    <ele>316.5</ele>
    <time>2025-09-12T08:48:17Z</time>
   </trkpt>
   <trkpt lat="50.6777280" lon="6.1538860">
    <ele>316.9</ele>
    <time>2025-09-12T08:48:25Z</time>
   </trkpt>
   <trkpt lat="50.6773570" lon="6.1534400">
    <ele>317.7</ele>
    <time>2025-09-12T08:48:35Z</time>
   </trkpt>
   <trkpt lat="50.6770940" lon="6.1531250">
    <ele>318.2</ele>
    <time>2025-09-12T08:48:43Z</time>
   </trkpt>
   <trkpt lat="50.6769220" lon="6.1529220">
    <ele>318.6</ele>
    <time>2025-09-12T08:48:48Z</time>
   </trkpt>
   <trkpt lat="50.6768490" lon="6.1528340">
    <ele>318.8</ele>
    <time>2025-09-12T08:48:50Z</time>
   </trkpt>
   <trkpt lat="50.6766140" lon="6.1525060">
    <ele>319.8</ele>
    <time>2025-09-12T08:48:57Z</time>
   </trkpt>
   <trkpt lat="50.6764090" lon="6.1521990">
    <ele>320.4</ele>
    <time>2025-09-12T08:49:04Z</time>
   </trkpt>
   <trkpt lat="50.6762550" lon="6.1519470">
    <ele>320.8</ele>
    <time>2025-09-12T08:49:09Z</time>
   </trkpt>
   <trkpt lat="50.6760630" lon="6.1515780">
    <ele>321.2</ele>
    <time>2025-09-12T08:49:16Z</time>
   </trkpt>
   <trkpt lat="50.6758900" lon="6.1511660">
    <ele>321.5</ele>
    <time>2025-09-12T08:49:24Z</time>
   </trkpt>
   <trkpt lat="50.6757550" lon="6.1508050">
    <ele>321.9</ele>
    <time>2025-09-12T08:49:31Z</time>
   </trkpt>
   <trkpt lat="50.6756550" lon="6.1504500">
    <ele>322.2</ele>
    <time>2025-09-12T08:49:37Z</time>
   </trkpt>
   <trkpt lat="50.6755220" lon="6.1499230">
    <ele>322.6</ele>
    <time>2025-09-12T08:49:45Z</time>
   </trkpt>
   <trkpt lat="50.6753900" lon="6.1494680">
    <ele>323.1</ele>
    <time>2025-09-12T08:49:52Z</time>
   </trkpt>
   <trkpt lat="50.6752640" lon="6.1490110">
    <ele>323.7</ele>
    <time>2025-09-12T08:49:59Z</time>
   </trkpt>
   <trkpt lat="50.6751560" lon="6.1486840">
    <ele>324.0</ele>
    <time>2025-09-12T08:50:04Z</time>
   </trkpt>
   <trkpt lat="50.6751210" lon="6.1485530">
    <ele>324.2</ele>
    <time>2025-09-12T08:50:06Z</time>
   </trkpt>
   <trkpt lat="50.6750070" lon="6.1482200">
    <ele>324.5</ele>
    <time>2025-09-12T08:50:11Z</time>
   </trkpt>
   <trkpt lat="50.6749780" lon="6.1481610">
    <ele>324.5</ele>
    <time>2025-09-12T08:50:12Z</time>
   </trkpt>
   <trkpt lat="50.6747650" lon="6.1476320">
    <ele>325.1</ele>
    <time>2025-09-12T08:50:20Z</time>
   </trkpt>
   <trkpt lat="50.6744890" lon="6.1470970">
    <ele>325.6</ele>
    <time>2025-09-12T08:50:29Z</time>
   </trkpt>
   <trkpt lat="50.6742150" lon="6.1465710">
    <ele>326.2</ele>
    <time>2025-09-12T08:50:38Z</time>
   </trkpt>
   <trkpt lat="50.6739240" lon="6.1460450">
    <ele>326.8</ele>
    <time>2025-09-12T08:50:47Z</time>
   </trkpt>
   <trkpt lat="50.6736280" lon="6.1455140">
    <ele>327.5</ele>
    <time>2025-09-12T08:50:56Z</time>
   </trkpt>
   <trkpt lat="50.6733920" lon="6.1450990">
    <ele>328.1</ele>
    <time>2025-09-12T08:51:03Z</time>
   </trkpt>
   <trkpt lat="50.6732570" lon="6.1448760">
    <ele>328.4</ele>
    <time>2025-09-12T08:51:07Z</time>
   </trkpt>
   <trkpt lat="50.6731530" lon="6.1447060">
    <ele>328.6</ele>
    <time>2025-09-12T08:51:10Z</time>
   </trkpt>
   <trkpt lat="50.6729420" lon="6.1443780">
    <ele>329.1</ele>
    <time>2025-09-12T08:51:16Z</time>
   </trkpt>
   <trkpt lat="50.6729110" lon="6.1443240">
    <ele>329.2</ele>
    <time>2025-09-12T08:51:17Z</time>
   </trkpt>
   <trkpt lat="50.6726400" lon="6.1439100">
    <ele>329.8</ele>
    <time>2025-09-12T08:51:25Z</time>
   </trkpt>
   <trkpt lat="50.6724100" lon="6.1435230">
    <ele>330.3</ele>
    <time>2025-09-12T08:51:32Z</time>
   </trkpt>
   <trkpt lat="50.6721280" lon="6.1430520">
    <ele>330.8</ele>
    <time>2025-09-12T08:51:40Z</time>
   </trkpt>
   <trkpt lat="50.6720190" lon="6.1428890">
    <ele>330.9</ele>
    <time>2025-09-12T08:51:43Z</time>
   </trkpt>
   <trkpt lat="50.6719510" lon="6.1427830">
    <ele>331.0</ele>
    <time>2025-09-12T08:51:45Z</time>
   </trkpt>
   <trkpt lat="50.6716850" lon="6.1423560">
    <ele>331.5</ele>
    <time>2025-09-12T08:51:53Z</time>
   </trkpt>
   <trkpt lat="50.6715250" lon="6.1420890">
    <ele>331.7</ele>
    <time>2025-09-12T08:51:58Z</time>
   </trkpt>
   <trkpt lat="50.6712860" lon="6.1416540">
    <ele>332.1</ele>
    <time>2025-09-12T08:52:05Z</time>
   </trkpt>
   <trkpt lat="50.6710290" lon="6.1411490">
    <ele>332.6</ele>
    <time>2025-09-12T08:52:13Z</time>
   </trkpt>
   <trkpt lat="50.6707770" lon="6.1406210">
    <ele>333.2</ele>
    <time>2025-09-12T08:52:21Z</time>
   </trkpt>
   <trkpt lat="50.6704940" lon="6.1400210">
    <ele>333.7</ele>
    <time>2025-09-12T08:52:30Z</time>
   </trkpt>
   <trkpt lat="50.6703070" lon="6.1396270">
    <ele>333.9</ele>
    <time>2025-09-12T08:52:37Z</time>
   </trkpt>
   <trkpt lat="50.6699640" lon="6.1388860">
    <ele>334.6</ele>
    <time>2025-09-12T08:52:47Z</time>
   </trkpt>
   <trkpt lat="50.6697150" lon="6.1383620">
    <ele>335.1</ele>
    <time>2025-09-12T08:52:55Z</time>
   </trkpt>
   <trkpt lat="50.6694490" lon="6.1378360">
    <ele>335.8</ele>
    <time>2025-09-12T08:53:03Z</time>
   </trkpt>
   <trkpt lat="50.6691290" lon="6.1372140">
    <ele>337.2</ele>
    <time>2025-09-12T08:53:13Z</time>
   </trkpt>
   <trkpt lat="50.6691050" lon="6.1371560">
    <ele>337.4</ele>
    <time>2025-09-12T08:53:14Z</time>
   </trkpt>
   <trkpt lat="50.6690490" lon="6.1370250">
    <ele>337.8</ele>
    <time>2025-09-12T08:53:17Z</time>
   </trkpt>
   <trkpt lat="50.6689740" lon="6.1368680">
    <ele>337.9</ele>
    <time>2025-09-12T08:53:22Z</time>
   </trkpt>
   <trkpt lat="50.6688790" lon="6.1366940">
    <ele>337.8</ele>
    <time>2025-09-12T08:53:26Z</time>
   </trkpt>
   <trkpt lat="50.6688350" lon="6.1365800">
    <ele>337.7</ele>
    <time>2025-09-12T08:53:28Z</time>
   </trkpt>
   <trkpt lat="50.6686090" lon="6.1361190">
    <ele>337.9</ele>
    <time>2025-09-12T08:53:36Z</time>
   </trkpt>
   <trkpt lat="50.6683820" lon="6.1356160">
    <ele>338.3</ele>
    <time>2025-09-12T08:53:44Z</time>
   </trkpt>
   <trkpt lat="50.6681440" lon="6.1350960">
    <ele>338.7</ele>
    <time>2025-09-12T08:53:52Z</time>
   </trkpt>
   <trkpt lat="50.6678480" lon="6.1344300">
    <ele>339.2</ele>
    <time>2025-09-12T08:54:02Z</time>
   </trkpt>
   <trkpt lat="50.6676120" lon="6.1338940">
    <ele>339.4</ele>
    <time>2025-09-12T08:54:10Z</time>
   </trkpt>
   <trkpt lat="50.6673120" lon="6.1331990">
    <ele>339.7</ele>
    <time>2025-09-12T08:54:20Z</time>
   </trkpt>
   <trkpt lat="50.6669830" lon="6.1324350">
    <ele>339.8</ele>
    <time>2025-09-12T08:54:31Z</time>
   </trkpt>
   <trkpt lat="50.6667490" lon="6.1318930">
    <ele>339.8</ele>
    <time>2025-09-12T08:54:39Z</time>
   </trkpt>
   <trkpt lat="50.6664320" lon="6.1311650">
    <ele>339.8</ele>
    <time>2025-09-12T08:54:50Z</time>
   </trkpt>
   <trkpt lat="50.6661090" lon="6.1304110">
    <ele>339.8</ele>
    <time>2025-09-12T08:55:01Z</time>
   </trkpt>
   <trkpt lat="50.6657800" lon="6.1296580">
    <ele>339.8</ele>
    <time>2025-09-12T08:55:12Z</time>
   </trkpt>
   <trkpt lat="50.6655330" lon="6.1290640">
    <ele>339.8</ele>
    <time>2025-09-12T08:55:21Z</time>
   </trkpt>
   <trkpt lat="50.6652420" lon="6.1283940">
    <ele>340.1</ele>
    <time>2025-09-12T08:55:31Z</time>
   </trkpt>
   <trkpt lat="50.6649920" lon="6.1277990">
    <ele>341.0</ele>
    <time>2025-09-12T08:55:40Z</time>
   </trkpt>
   <trkpt lat="50.6649600" lon="6.1277490">
    <ele>341.1</ele>
    <time>2025-09-12T08:55:41Z</time>
   </trkpt>
   <trkpt lat="50.6648860" lon="6.1277050">
    <ele>341.2</ele>
    <time>2025-09-12T08:55:43Z</time>
   </trkpt>
   <trkpt lat="50.6648520" lon="6.1276860">
    <ele>341.3</ele>
    <time>2025-09-12T08:55:44Z</time>
   </trkpt>
   <trkpt lat="50.6648050" lon="6.1275910">
    <ele>341.3</ele>
    <time>2025-09-12T08:55:46Z</time>
   </trkpt>
   <trkpt lat="50.6646460" lon="6.1271100">
    <ele>341.2</ele>
    <time>2025-09-12T08:55:54Z</time>
   </trkpt>
   <trkpt lat="50.6644780" lon="6.1265940">
    <ele>341.0</ele>
    <time>2025-09-12T08:56:02Z</time>
   </trkpt>
   <trkpt lat="50.6644110" lon="6.1263960">
    <ele>341.0</ele>
    <time>2025-09-12T08:56:05Z</time>
   </trkpt>
   <trkpt lat="50.6643410" lon="6.1261990">
    <ele>341.0</ele>
    <time>2025-09-12T08:56:08Z</time>
   </trkpt>
   <trkpt lat="50.6641460" lon="6.1256490">
    <ele>341.3</ele>
    <time>2025-09-12T08:56:16Z</time>
   </trkpt>
   <trkpt lat="50.6639130" lon="6.1250350">
    <ele>341.9</ele>
    <time>2025-09-12T08:56:25Z</time>
   </trkpt>
   <trkpt lat="50.6636860" lon="6.1244990">
    <ele>342.5</ele>
    <time>2025-09-12T08:56:33Z</time>
   </trkpt>
   <trkpt lat="50.6634070" lon="6.1238390">
    <ele>343.3</ele>
    <time>2025-09-12T08:56:43Z</time>
   </trkpt>
   <trkpt lat="50.6631600" lon="6.1232580">
    <ele>343.9</ele>
    <time>2025-09-12T08:56:52Z</time>
   </trkpt>
   <trkpt lat="50.6630220" lon="6.1229370">
    <ele>344.2</ele>
    <time>2025-09-12T08:56:57Z</time>
   </trkpt>
   <trkpt lat="50.6628130" lon="6.1224940">
    <ele>344.5</ele>
    <time>2025-09-12T08:57:04Z</time>
   </trkpt>
   <trkpt lat="50.6627800" lon="6.1224310">
    <ele>344.6</ele>
    <time>2025-09-12T08:57:05Z</time>
   </trkpt>
   <trkpt lat="50.6626020" lon="6.1221350">
    <ele>344.8</ele>
    <time>2025-09-12T08:57:10Z</time>
   </trkpt>
   <trkpt lat="50.6625260" lon="6.1220210">
    <ele>344.9</ele>
    <time>2025-09-12T08:57:12Z</time>
   </trkpt>
   <trkpt lat="50.6624070" lon="6.1218590">
    <ele>345.1</ele>
    <time>2025-09-12T08:57:15Z</time>
   </trkpt>
   <trkpt lat="50.6623650" lon="6.1218100">
    <ele>345.2</ele>
    <time>2025-09-12T08:57:16Z</time>
   </trkpt>
   <trkpt lat="50.6621920" lon="6.1216270">
    <ele>345.4</ele>
    <time>2025-09-12T08:57:20Z</time>
   </trkpt>
   <trkpt lat="50.6621480" lon="6.1215850">
    <ele>345.5</ele>
    <time>2025-09-12T08:57:21Z</time>
   </trkpt>
   <trkpt lat="50.6617950" lon="6.1212680">
    <ele>345.8</ele>
    <time>2025-09-12T08:57:29Z</time>
   </trkpt>
   <trkpt lat="50.6617490" lon="6.1212320">
    <ele>345.9</ele>
    <time>2025-09-12T08:57:30Z</time>
   </trkpt>
   <trkpt lat="50.6615590" lon="6.1211130">
    <ele>346.2</ele>
    <time>2025-09-12T08:57:34Z</time>
   </trkpt>
   <trkpt lat="50.6612200" lon="6.1209770">
    <ele>346.5</ele>
    <time>2025-09-12T08:57:41Z</time>
   </trkpt>
   <trkpt lat="50.6607920" lon="6.1209440">
    <ele>346.8</ele>
    <time>2025-09-12T08:57:49Z</time>
   </trkpt>
   <trkpt lat="50.6607000" lon="6.1209340">
    <ele>347.0</ele>
    <time>2025-09-12T08:57:51Z</time>
   </trkpt>
   <trkpt lat="50.6606050" lon="6.1209290">
    <ele>347.1</ele>
    <time>2025-09-12T08:57:53Z</time>
   </trkpt>
   <trkpt lat="50.6604920" lon="6.1209460">
    <ele>347.2</ele>
    <time>2025-09-12T08:57:55Z</time>
   </trkpt>
   <trkpt lat="50.6601960" lon="6.1210410">
    <ele>347.6</ele>
    <time>2025-09-12T08:58:00Z</time>
   </trkpt>
   <trkpt lat="50.6601410" lon="6.1210610">
    <ele>347.7</ele>
    <time>2025-09-12T08:58:01Z</time>
   </trkpt>
   <trkpt lat="50.6598100" lon="6.1212060">
    <ele>348.3</ele>
    <time>2025-09-12T08:58:08Z</time>
   </trkpt>
   <trkpt lat="50.6597680" lon="6.1212270">
    <ele>348.4</ele>
    <time>2025-09-12T08:58:09Z</time>
   </trkpt>
   <trkpt lat="50.6596230" lon="6.1213230">
    <ele>348.5</ele>
    <time>2025-09-12T08:58:12Z</time>
   </trkpt>
   <trkpt lat="50.6594420" lon="6.1214750">
    <ele>348.8</ele>
    <time>2025-09-12T08:58:16Z</time>
   </trkpt>
   <trkpt lat="50.6592110" lon="6.1217070">
    <ele>349.2</ele>
    <time>2025-09-12T08:58:21Z</time>
   </trkpt>
   <trkpt lat="50.6589400" lon="6.1220570">
    <ele>349.6</ele>
    <time>2025-09-12T08:58:28Z</time>
   </trkpt>
   <trkpt lat="50.6587180" lon="6.1224350">
    <ele>350.0</ele>
    <time>2025-09-12T08:58:34Z</time>
   </trkpt>
   <trkpt lat="50.6585150" lon="6.1228690">
    <ele>350.4</ele>
    <time>2025-09-12T08:58:40Z</time>
   </trkpt>
   <trkpt lat="50.6583140" lon="6.1234210">
    <ele>350.6</ele>
    <time>2025-09-12T08:58:47Z</time>
   </trkpt>
   <trkpt lat="50.6581760" lon="6.1240000">
    <ele>351.0</ele>
    <time>2025-09-12T08:58:54Z</time>
   </trkpt>
   <trkpt lat="50.6580790" lon="6.1245930">
    <ele>351.3</ele>
    <time>2025-09-12T08:59:01Z</time>
   </trkpt>
   <trkpt lat="50.6580730" lon="6.1246820">
    <ele>351.4</ele>
    <time>2025-09-12T08:59:02Z</time>
   </trkpt>
   <trkpt lat="50.6580700" lon="6.1247650">
    <ele>351.4</ele>
    <time>2025-09-12T08:59:03Z</time>
   </trkpt>
   <trkpt lat="50.6580690" lon="6.1251800">
    <ele>351.6</ele>
    <time>2025-09-12T08:59:08Z</time>
   </trkpt>
   <trkpt lat="50.6580820" lon="6.1258740">
    <ele>352.1</ele>
    <time>2025-09-12T08:59:16Z</time>
   </trkpt>
   <trkpt lat="50.6581810" lon="6.1264780">
    <ele>352.5</ele>
    <time>2025-09-12T08:59:23Z</time>
   </trkpt>
   <trkpt lat="50.6583590" lon="6.1270640">
    <ele>352.7</ele>
    <time>2025-09-12T08:59:30Z</time>
   </trkpt>
   <trkpt lat="50.6583900" lon="6.1271350">
    <ele>352.7</ele>
    <time>2025-09-12T08:59:31Z</time>
   </trkpt>
   <trkpt lat="50.6584780" lon="6.1273540">
    <ele>352.8</ele>
    <time>2025-09-12T08:59:34Z</time>
   </trkpt>
   <trkpt lat="50.6587270" lon="6.1278910">
    <ele>353.0</ele>
    <time>2025-09-12T08:59:42Z</time>
   </trkpt>
   <trkpt lat="50.6589500" lon="6.1283710">
    <ele>353.3</ele>
    <time>2025-09-12T08:59:49Z</time>
   </trkpt>
   <trkpt lat="50.6591000" lon="6.1287300">
    <ele>353.5</ele>
    <time>2025-09-12T08:59:54Z</time>
   </trkpt>
   <trkpt lat="50.6591270" lon="6.1288080">
    <ele>353.6</ele>
    <time>2025-09-12T08:59:55Z</time>
   </trkpt>
   <trkpt lat="50.6592040" lon="6.1290470">
    <ele>353.8</ele>
    <time>2025-09-12T08:59:58Z</time>
   </trkpt>
   <trkpt lat="50.6592540" lon="6.1292040">
    <ele>353.9</ele>
    <time>2025-09-12T09:00:00Z</time>
   </trkpt>
   <trkpt lat="50.6592750" lon="6.1292860">
    <ele>353.9</ele>
    <time>2025-09-12T09:00:01Z</time>
   </trkpt>
   <trkpt lat="50.6594050" lon="6.1298870">
    <ele>354.3</ele>
    <time>2025-09-12T09:00:08Z</time>
   </trkpt>
   <trkpt lat="50.6595200" lon="6.1303870">
    <ele>354.6</ele>
    <time>2025-09-12T09:00:14Z</time>
   </trkpt>
   <trkpt lat="50.6595900" lon="6.1310330">
    <ele>354.9</ele>
    <time>2025-09-12T09:00:21Z</time>
   </trkpt>
   <trkpt lat="50.6596720" lon="6.1316590">
    <ele>355.2</ele>
    <time>2025-09-12T09:00:28Z</time>
   </trkpt>
   <trkpt lat="50.6597310" lon="6.1321890">
    <ele>355.4</ele>
    <time>2025-09-12T09:00:34Z</time>
   </trkpt>
   <trkpt lat="50.6597930" lon="6.1329090">
    <ele>355.9</ele>
    <time>2025-09-12T09:00:42Z</time>
   </trkpt>
   <trkpt lat="50.6597940" lon="6.1336380">
    <ele>356.4</ele>
    <time>2025-09-12T09:00:50Z</time>
   </trkpt>
   <trkpt lat="50.6597730" lon="6.1341380">
    <ele>356.7</ele>
    <time>2025-09-12T09:00:56Z</time>
   </trkpt>
   <trkpt lat="50.6597560" lon="6.1343110">
    <ele>356.8</ele>
    <time>2025-09-12T09:00:58Z</time>
   </trkpt>
   <trkpt lat="50.6597210" lon="6.1345730">
    <ele>356.9</ele>
    <time>2025-09-12T09:01:01Z</time>
   </trkpt>
   <trkpt lat="50.6596190" lon="6.1351900">
    <ele>357.2</ele>
    <time>2025-09-12T09:01:08Z</time>
   </trkpt>
   <trkpt lat="50.6595550" lon="6.1358760">
    <ele>357.7</ele>
    <time>2025-09-12T09:01:16Z</time>
   </trkpt>
   <trkpt lat="50.6594930" lon="6.1363840">
    <ele>358.0</ele>
    <time>2025-09-12T09:01:22Z</time>
   </trkpt>
   <trkpt lat="50.6594110" lon="6.1369740">
    <ele>358.6</ele>
    <time>2025-09-12T09:01:29Z</time>
   </trkpt>
   <trkpt lat="50.6593220" lon="6.1374730">
    <ele>358.9</ele>
    <time>2025-09-12T09:01:35Z</time>
   </trkpt>
   <trkpt lat="50.6592550" lon="6.1378110">
    <ele>359.2</ele>
    <time>2025-09-12T09:01:40Z</time>
   </trkpt>
   <trkpt lat="50.6592320" lon="6.1380290">
    <ele>359.4</ele>
    <time>2025-09-12T09:01:44Z</time>
   </trkpt>
   <trkpt lat="50.6591480" lon="6.1383850">
    <ele>359.8</ele>
    <time>2025-09-12T09:01:50Z</time>
   </trkpt>
   <trkpt lat="50.6590040" lon="6.1388530">
    <ele>360.3</ele>
    <time>2025-09-12T09:01:57Z</time>
   </trkpt>
   <trkpt lat="50.6588670" lon="6.1392160">
    <ele>360.7</ele>
    <time>2025-09-12T09:02:02Z</time>
   </trkpt>
   <trkpt lat="50.6586880" lon="6.1396670">
    <ele>361.2</ele>
    <time>2025-09-12T09:02:08Z</time>
   </trkpt>
   <trkpt lat="50.6584800" lon="6.1401330">
    <ele>361.7</ele>
    <time>2025-09-12T09:02:15Z</time>
   </trkpt>
   <trkpt lat="50.6583110" lon="6.1405430">
    <ele>362.2</ele>
    <time>2025-09-12T09:02:21Z</time>
   </trkpt>
   <trkpt lat="50.6581400" lon="6.1409520">
    <ele>362.7</ele>
    <time>2025-09-12T09:02:27Z</time>
   </trkpt>
   <trkpt lat="50.6580080" lon="6.1413290">
    <ele>363.1</ele>
    <time>2025-09-12T09:02:33Z</time>
   </trkpt>
   <trkpt lat="50.6578360" lon="6.1417430">
    <ele>363.7</ele>
    <time>2025-09-12T09:02:39Z</time>
   </trkpt>
   <trkpt lat="50.6576080" lon="6.1422350">
    <ele>364.0</ele>
    <time>2025-09-12T09:02:46Z</time>
   </trkpt>
   <trkpt lat="50.6574640" lon="6.1426320">
    <ele>364.4</ele>
    <time>2025-09-12T09:02:52Z</time>
   </trkpt>
   <trkpt lat="50.6573210" lon="6.1430430">
    <ele>364.8</ele>
    <time>2025-09-12T09:02:57Z</time>
   </trkpt>
   <trkpt lat="50.6572980" lon="6.1431250">
    <ele>364.8</ele>
    <time>2025-09-12T09:02:58Z</time>
   </trkpt>
   <trkpt lat="50.6571880" lon="6.1435210">
    <ele>365.2</ele>
    <time>2025-09-12T09:03:03Z</time>
   </trkpt>
   <trkpt lat="50.6570190" lon="6.1441060">
    <ele>365.8</ele>
    <time>2025-09-12T09:03:10Z</time>
   </trkpt>
   <trkpt lat="50.6569290" lon="6.1445360">
    <ele>366.1</ele>
    <time>2025-09-12T09:03:15Z</time>
   </trkpt>
   <trkpt lat="50.6569480" lon="6.1446580">
    <ele>366.2</ele>
    <time>2025-09-12T09:03:17Z</time>
   </trkpt>
   <trkpt lat="50.6569410" lon="6.1447350">
    <ele>366.3</ele>
    <time>2025-09-12T09:03:18Z</time>
   </trkpt>
   <trkpt lat="50.6569140" lon="6.1449090">
    <ele>366.5</ele>
    <time>2025-09-12T09:03:20Z</time>
   </trkpt>
   <trkpt lat="50.6569130" lon="6.1449900">
    <ele>366.5</ele>
    <time>2025-09-12T09:03:21Z</time>
   </trkpt>
   <trkpt lat="50.6569250" lon="6.1452080">
    <ele>366.7</ele>
    <time>2025-09-12T09:03:24Z</time>
   </trkpt>
   <trkpt lat="50.6569050" lon="6.1454100">
    <ele>366.9</ele>
    <time>2025-09-12T09:03:26Z</time>
   </trkpt>
   <trkpt lat="50.6568840" lon="6.1460170">
    <ele>367.5</ele>
    <time>2025-09-12T09:03:33Z</time>
   </trkpt>
   <trkpt lat="50.6569020" lon="6.1460890">
    <ele>367.5</ele>
    <time>2025-09-12T09:03:34Z</time>
   </trkpt>
   <trkpt lat="50.6569730" lon="6.1463930">
    <ele>367.8</ele>
    <time>2025-09-12T09:03:38Z</time>
   </trkpt>
   <trkpt lat="50.6570700" lon="6.1468640">
    <ele>368.2</ele>
    <time>2025-09-12T09:03:44Z</time>
   </trkpt>
   <trkpt lat="50.6571320" lon="6.1470960">
    <ele>368.4</ele>
    <time>2025-09-12T09:03:47Z</time>
   </trkpt>
   <trkpt lat="50.6571850" lon="6.1473180">
    <ele>368.6</ele>
    <time>2025-09-12T09:03:50Z</time>
   </trkpt>
   <trkpt lat="50.6572750" lon="6.1478900">
    <ele>369.1</ele>
    <time>2025-09-12T09:03:57Z</time>
   </trkpt>
   <trkpt lat="50.6573930" lon="6.1485540">
    <ele>369.7</ele>
    <time>2025-09-12T09:04:05Z</time>
   </trkpt>
   <trkpt lat="50.6575230" lon="6.1492900">
    <ele>370.3</ele>
    <time>2025-09-12T09:04:14Z</time>
   </trkpt>
   <trkpt lat="50.6575720" lon="6.1495400">
    <ele>370.6</ele>
    <time>2025-09-12T09:04:17Z</time>
   </trkpt>
   <trkpt lat="50.6576180" lon="6.1497870">
    <ele>370.8</ele>
    <time>2025-09-12T09:04:20Z</time>
   </trkpt>
   <trkpt lat="50.6577680" lon="6.1505880">
    <ele>371.6</ele>
    <time>2025-09-12T09:04:30Z</time>
   </trkpt>
   <trkpt lat="50.6579140" lon="6.1513200">
    <ele>372.2</ele>
    <time>2025-09-12T09:04:39Z</time>
   </trkpt>
   <trkpt lat="50.6580390" lon="6.1518900">
    <ele>372.8</ele>
    <time>2025-09-12T09:04:46Z</time>
   </trkpt>
   <trkpt lat="50.6581790" lon="6.1526160">
    <ele>373.5</ele>
    <time>2025-09-12T09:04:55Z</time>
   </trkpt>
   <trkpt lat="50.6582750" lon="6.1532650">
    <ele>374.0</ele>
    <time>2025-09-12T09:05:03Z</time>
   </trkpt>
   <trkpt lat="50.6583700" lon="6.1539170">
    <ele>374.5</ele>
    <time>2025-09-12T09:05:11Z</time>
   </trkpt>
   <trkpt lat="50.6585150" lon="6.1547920">
    <ele>375.4</ele>
    <time>2025-09-12T09:05:22Z</time>
   </trkpt>
   <trkpt lat="50.6586280" lon="6.1554150">
    <ele>376.4</ele>
    <time>2025-09-12T09:05:30Z</time>
   </trkpt>
   <trkpt lat="50.6586280" lon="6.1554860">
    <ele>376.5</ele>
    <time>2025-09-12T09:05:31Z</time>
   </trkpt>
   <trkpt lat="50.6586200" lon="6.1557140">
    <ele>376.6</ele>
    <time>2025-09-12T09:05:35Z</time>
   </trkpt>
   <trkpt lat="50.6586380" lon="6.1557770">
    <ele>376.6</ele>
    <time>2025-09-12T09:05:38Z</time>
   </trkpt>
   <trkpt lat="50.6587100" lon="6.1558380">
    <ele>376.6</ele>
    <time>2025-09-12T09:05:44Z</time>
   </trkpt>
   <trkpt lat="50.6587950" lon="6.1559350">
    <ele>376.4</ele>
    <time>2025-09-12T09:05:47Z</time>
   </trkpt>
   <trkpt lat="50.6588030" lon="6.1559810">
    <ele>376.4</ele>
    <time>2025-09-12T09:05:48Z</time>
   </trkpt>
   <trkpt lat="50.6588340" lon="6.1562500">
    <ele>376.5</ele>
    <time>2025-09-12T09:05:53Z</time>
   </trkpt>
   <trkpt lat="50.6588500" lon="6.1563150">
    <ele>376.5</ele>
    <time>2025-09-12T09:05:54Z</time>
   </trkpt>
   <trkpt lat="50.6589380" lon="6.1566470">
    <ele>376.9</ele>
    <time>2025-09-12T09:05:59Z</time>
   </trkpt>
   <trkpt lat="50.6590680" lon="6.1569830">
    <ele>377.4</ele>
    <time>2025-09-12T09:06:04Z</time>
   </trkpt>
   <trkpt lat="50.6590950" lon="6.1570520">
    <ele>377.5</ele>
    <time>2025-09-12T09:06:05Z</time>
   </trkpt>
   <trkpt lat="50.6591200" lon="6.1571190">
    <ele>377.6</ele>
    <time>2025-09-12T09:06:06Z</time>
   </trkpt>
   <trkpt lat="50.6592550" lon="6.1574560">
    <ele>378.1</ele>
    <time>2025-09-12T09:06:11Z</time>
   </trkpt>
   <trkpt lat="50.6594140" lon="6.1578690">
    <ele>378.6</ele>
    <time>2025-09-12T09:06:17Z</time>
   </trkpt>
   <trkpt lat="50.6594480" lon="6.1579370">
    <ele>378.7</ele>
    <time>2025-09-12T09:06:18Z</time>
   </trkpt>
   <trkpt lat="50.6595150" lon="6.1580690">
    <ele>378.9</ele>
    <time>2025-09-12T09:06:20Z</time>
   </trkpt>
   <trkpt lat="50.6595440" lon="6.1581420">
    <ele>379.0</ele>
    <time>2025-09-12T09:06:21Z</time>
   </trkpt>
   <trkpt lat="50.6596340" lon="6.1583540">
    <ele>379.4</ele>
    <time>2025-09-12T09:06:24Z</time>
   </trkpt>
   <trkpt lat="50.6596850" lon="6.1584880">
    <ele>379.6</ele>
    <time>2025-09-12T09:06:26Z</time>
   </trkpt>
   <trkpt lat="50.6598350" lon="6.1590040">
    <ele>380.3</ele>
    <time>2025-09-12T09:06:33Z</time>
   </trkpt>
   <trkpt lat="50.6598880" lon="6.1591440">
    <ele>380.5</ele>
    <time>2025-09-12T09:06:35Z</time>
   </trkpt>
   <trkpt lat="50.6599890" lon="6.1594430">
    <ele>380.7</ele>
    <time>2025-09-12T09:06:39Z</time>
   </trkpt>
   <trkpt lat="50.6601770" lon="6.1601320">
    <ele>381.3</ele>
    <time>2025-09-12T09:06:48Z</time>
   </trkpt>
   <trkpt lat="50.6603250" lon="6.1607480">
    <ele>381.9</ele>
    <time>2025-09-12T09:06:56Z</time>
   </trkpt>
   <trkpt lat="50.6604530" lon="6.1614570">
    <ele>382.5</ele>
    <time>2025-09-12T09:07:05Z</time>
   </trkpt>
   <trkpt lat="50.6604880" lon="6.1616110">
    <ele>382.6</ele>
    <time>2025-09-12T09:07:07Z</time>
   </trkpt>
   <trkpt lat="50.6606850" lon="6.1623880">
    <ele>383.5</ele>
    <time>2025-09-12T09:07:17Z</time>
   </trkpt>
   <trkpt lat="50.6609050" lon="6.1629880">
    <ele>384.3</ele>
    <time>2025-09-12T09:07:25Z</time>
   </trkpt>
   <trkpt lat="50.6611300" lon="6.1636520">
    <ele>384.9</ele>
    <time>2025-09-12T09:07:34Z</time>
   </trkpt>
   <trkpt lat="50.6613770" lon="6.1642240">
    <ele>385.6</ele>
    <time>2025-09-12T09:07:42Z</time>
   </trkpt>
   <trkpt lat="50.6616840" lon="6.1649430">
    <ele>385.5</ele>
    <time>2025-09-12T09:07:52Z</time>
   </trkpt>
   <trkpt lat="50.6618740" lon="6.1655710">
    <ele>386.0</ele>
    <time>2025-09-12T09:08:00Z</time>
   </trkpt>
   <trkpt lat="50.6619990" lon="6.1662220">
    <ele>386.4</ele>
    <time>2025-09-12T09:08:08Z</time>
   </trkpt>
   <trkpt lat="50.6620620" lon="6.1668080">
    <ele>386.8</ele>
    <time>2025-09-12T09:08:15Z</time>
   </trkpt>
   <trkpt lat="50.6620710" lon="6.1668850">
    <ele>386.9</ele>
    <time>2025-09-12T09:08:16Z</time>
   </trkpt>
   <trkpt lat="50.6620930" lon="6.1671240">
    <ele>387.1</ele>
    <time>2025-09-12T09:08:19Z</time>
   </trkpt>
   <trkpt lat="50.6621390" lon="6.1677910">
    <ele>387.7</ele>
    <time>2025-09-12T09:08:27Z</time>
   </trkpt>
   <trkpt lat="50.6622020" lon="6.1685280">
    <ele>388.5</ele>
    <time>2025-09-12T09:08:36Z</time>
   </trkpt>
   <trkpt lat="50.6622750" lon="6.1693510">
    <ele>389.3</ele>
    <time>2025-09-12T09:08:46Z</time>
   </trkpt>
   <trkpt lat="50.6623450" lon="6.1698940">
    <ele>389.9</ele>
    <time>2025-09-12T09:08:53Z</time>
   </trkpt>
   <trkpt lat="50.6624070" lon="6.1705340">
    <ele>390.5</ele>
    <time>2025-09-12T09:09:01Z</time>
   </trkpt>
   <trkpt lat="50.6624460" lon="6.1711940">
    <ele>391.0</ele>
    <time>2025-09-12T09:09:09Z</time>
   </trkpt>
   <trkpt lat="50.6624850" lon="6.1717570">
    <ele>391.5</ele>
    <time>2025-09-12T09:09:16Z</time>
   </trkpt>
   <trkpt lat="50.6624910" lon="6.1723360">
    <ele>392.1</ele>
    <time>2025-09-12T09:09:23Z</time>
   </trkpt>
   <trkpt lat="50.6624650" lon="6.1727510">
    <ele>392.5</ele>
    <time>2025-09-12T09:09:28Z</time>
   </trkpt>
   <trkpt lat="50.6624650" lon="6.1729170">
    <ele>392.7</ele>
    <time>2025-09-12T09:09:30Z</time>
   </trkpt>
   <trkpt lat="50.6624390" lon="6.1734180">
    <ele>393.1</ele>
    <time>2025-09-12T09:09:36Z</time>
   </trkpt>
   <trkpt lat="50.6624390" lon="6.1735810">
    <ele>393.2</ele>
    <time>2025-09-12T09:09:38Z</time>
   </trkpt>
   <trkpt lat="50.6624300" lon="6.1737510">
    <ele>393.3</ele>
    <time>2025-09-12T09:09:40Z</time>
   </trkpt>
   <trkpt lat="50.6624110" lon="6.1740960">
    <ele>393.6</ele>
    <time>2025-09-12T09:09:44Z</time>
   </trkpt>
   <trkpt lat="50.6624020" lon="6.1744300">
    <ele>393.9</ele>
    <time>2025-09-12T09:09:48Z</time>
   </trkpt>
   <trkpt lat="50.6624020" lon="6.1745970">
    <ele>394.0</ele>
    <time>2025-09-12T09:09:50Z</time>
   </trkpt>
   <trkpt lat="50.6624220" lon="6.1751900">
    <ele>394.5</ele>
    <time>2025-09-12T09:09:57Z</time>
   </trkpt>
   <trkpt lat="50.6624780" lon="6.1760760">
    <ele>395.4</ele>
    <time>2025-09-12T09:10:08Z</time>
   </trkpt>
   <trkpt lat="50.6625510" lon="6.1767200">
    <ele>395.9</ele>
    <time>2025-09-12T09:10:16Z</time>
   </trkpt>
   <trkpt lat="50.6626180" lon="6.1773050">
    <ele>396.5</ele>
    <time>2025-09-12T09:10:23Z</time>
   </trkpt>
   <trkpt lat="50.6626820" lon="6.1779610">
    <ele>397.1</ele>
    <time>2025-09-12T09:10:31Z</time>
   </trkpt>
   <trkpt lat="50.6627350" lon="6.1787130">
    <ele>397.8</ele>
    <time>2025-09-12T09:10:40Z</time>
   </trkpt>
   <trkpt lat="50.6628180" lon="6.1792870">
    <ele>398.2</ele>
    <time>2025-09-12T09:10:47Z</time>
   </trkpt>
   <trkpt lat="50.6628220" lon="6.1796950">
    <ele>398.3</ele>
    <time>2025-09-12T09:10:52Z</time>
   </trkpt>
   <trkpt lat="50.6628280" lon="6.1798590">
    <ele>398.4</ele>
    <time>2025-09-12T09:10:54Z</time>
   </trkpt>
   <trkpt lat="50.6628530" lon="6.1802600">
    <ele>398.7</ele>
    <time>2025-09-12T09:10:59Z</time>
   </trkpt>
   <trkpt lat="50.6628550" lon="6.1803360">
    <ele>398.8</ele>
    <time>2025-09-12T09:11:00Z</time>
   </trkpt>
   <trkpt lat="50.6628700" lon="6.1805760">
    <ele>398.9</ele>
    <time>2025-09-12T09:11:03Z</time>
   </trkpt>
   <trkpt lat="50.6628780" lon="6.1807370">
    <ele>399.0</ele>
    <time>2025-09-12T09:11:05Z</time>
   </trkpt>
   <trkpt lat="50.6628910" lon="6.1810530">
    <ele>399.2</ele>
    <time>2025-09-12T09:11:09Z</time>
   </trkpt>
   <trkpt lat="50.6628980" lon="6.1812940">
    <ele>399.4</ele>
    <time>2025-09-12T09:11:12Z</time>
   </trkpt>
   <trkpt lat="50.6629140" lon="6.1815330">
    <ele>399.6</ele>
    <time>2025-09-12T09:11:15Z</time>
   </trkpt>
   <trkpt lat="50.6629310" lon="6.1816940">
    <ele>399.7</ele>
    <time>2025-09-12T09:11:17Z</time>
   </trkpt>
   <trkpt lat="50.6630180" lon="6.1823650">
    <ele>400.4</ele>
    <time>2025-09-12T09:11:25Z</time>
   </trkpt>
   <trkpt lat="50.6630400" lon="6.1825950">
    <ele>400.6</ele>
    <time>2025-09-12T09:11:28Z</time>
   </trkpt>
   <trkpt lat="50.6630950" lon="6.1828370">
    <ele>400.8</ele>
    <time>2025-09-12T09:11:31Z</time>
   </trkpt>
   <trkpt lat="50.6632420" lon="6.1833890">
    <ele>401.3</ele>
    <time>2025-09-12T09:11:38Z</time>
   </trkpt>
   <trkpt lat="50.6632870" lon="6.1835380">
    <ele>401.4</ele>
    <time>2025-09-12T09:11:40Z</time>
   </trkpt>
   <trkpt lat="50.6633650" lon="6.1838480">
    <ele>401.6</ele>
    <time>2025-09-12T09:11:44Z</time>
   </trkpt>
   <trkpt lat="50.6634140" lon="6.1839920">
    <ele>401.8</ele>
    <time>2025-09-12T09:11:46Z</time>
   </trkpt>
   <trkpt lat="50.6634930" lon="6.1842860">
    <ele>402.1</ele>
    <time>2025-09-12T09:11:50Z</time>
   </trkpt>
   <trkpt lat="50.6637040" lon="6.1847910">
    <ele>402.6</ele>
    <time>2025-09-12T09:11:57Z</time>
   </trkpt>
   <trkpt lat="50.6637340" lon="6.1848600">
    <ele>402.6</ele>
    <time>2025-09-12T09:11:58Z</time>
   </trkpt>
   <trkpt lat="50.6638810" lon="6.1852210">
    <ele>402.9</ele>
    <time>2025-09-12T09:12:03Z</time>
   </trkpt>
   <trkpt lat="50.6641390" lon="6.1858690">
    <ele>403.7</ele>
    <time>2025-09-12T09:12:12Z</time>
   </trkpt>
   <trkpt lat="50.6642670" lon="6.1863970">
    <ele>404.3</ele>
    <time>2025-09-12T09:12:19Z</time>
   </trkpt>
   <trkpt lat="50.6643410" lon="6.1868790">
    <ele>404.7</ele>
    <time>2025-09-12T09:12:25Z</time>
   </trkpt>
   <trkpt lat="50.6644210" lon="6.1873360">
    <ele>405.4</ele>
    <time>2025-09-12T09:12:31Z</time>
   </trkpt>
   <trkpt lat="50.6644190" lon="6.1874100">
    <ele>405.5</ele>
    <time>2025-09-12T09:12:32Z</time>
   </trkpt>
   <trkpt lat="50.6643900" lon="6.1877990">
    <ele>406.2</ele>
    <time>2025-09-12T09:12:38Z</time>
   </trkpt>
   <trkpt lat="50.6643840" lon="6.1880500">
    <ele>406.3</ele>
    <time>2025-09-12T09:12:43Z</time>
   </trkpt>
   <trkpt lat="50.6643450" lon="6.1883570">
    <ele>406.4</ele>
    <time>2025-09-12T09:12:48Z</time>
   </trkpt>
   <trkpt lat="50.6643410" lon="6.1887560">
    <ele>406.5</ele>
    <time>2025-09-12T09:12:53Z</time>
   </trkpt>
   <trkpt lat="50.6643510" lon="6.1893420">
    <ele>407.0</ele>
    <time>2025-09-12T09:13:00Z</time>
   </trkpt>
   <trkpt lat="50.6643150" lon="6.1900850">
    <ele>407.7</ele>
    <time>2025-09-12T09:13:09Z</time>
   </trkpt>
   <trkpt lat="50.6642700" lon="6.1908490">
    <ele>408.3</ele>
    <time>2025-09-12T09:13:18Z</time>
   </trkpt>
   <trkpt lat="50.6642350" lon="6.1915150">
    <ele>409.0</ele>
    <time>2025-09-12T09:13:26Z</time>
   </trkpt>
   <trkpt lat="50.6641640" lon="6.1920760">
    <ele>409.7</ele>
    <time>2025-09-12T09:13:33Z</time>
   </trkpt>
   <trkpt lat="50.6640300" lon="6.1926090">
    <ele>410.6</ele>
    <time>2025-09-12T09:13:40Z</time>
   </trkpt>
   <trkpt lat="50.6639640" lon="6.1928250">
    <ele>410.9</ele>
    <time>2025-09-12T09:13:43Z</time>
   </trkpt>
   <trkpt lat="50.6638590" lon="6.1931140">
    <ele>411.3</ele>
    <time>2025-09-12T09:13:47Z</time>
   </trkpt>
   <trkpt lat="50.6637720" lon="6.1933220">
    <ele>411.6</ele>
    <time>2025-09-12T09:13:50Z</time>
   </trkpt>
   <trkpt lat="50.6636830" lon="6.1935170">
    <ele>411.8</ele>
    <time>2025-09-12T09:13:53Z</time>
   </trkpt>
   <trkpt lat="50.6635910" lon="6.1937060">
    <ele>412.0</ele>
    <time>2025-09-12T09:13:56Z</time>
   </trkpt>
   <trkpt lat="50.6635220" lon="6.1938330">
    <ele>412.2</ele>
    <time>2025-09-12T09:13:58Z</time>
   </trkpt>
   <trkpt lat="50.6634300" lon="6.1940060">
    <ele>412.4</ele>
    <time>2025-09-12T09:14:01Z</time>
   </trkpt>
   <trkpt lat="50.6634020" lon="6.1940550">
    <ele>412.4</ele>
    <time>2025-09-12T09:14:02Z</time>
   </trkpt>
   <trkpt lat="50.6632710" lon="6.1942620">
    <ele>412.6</ele>
    <time>2025-09-12T09:14:06Z</time>
   </trkpt>
   <trkpt lat="50.6630180" lon="6.1945580">
    <ele>412.8</ele>
    <time>2025-09-12T09:14:12Z</time>
   </trkpt>
   <trkpt lat="50.6627740" lon="6.1947810">
    <ele>413.0</ele>
    <time>2025-09-12T09:14:17Z</time>
   </trkpt>
   <trkpt lat="50.6627260" lon="6.1948120">
    <ele>413.1</ele>
    <time>2025-09-12T09:14:18Z</time>
   </trkpt>
   <trkpt lat="50.6623060" lon="6.1950360">
    <ele>413.5</ele>
    <time>2025-09-12T09:14:26Z</time>
   </trkpt>
   <trkpt lat="50.6619480" lon="6.1951800">
    <ele>413.9</ele>
    <time>2025-09-12T09:14:33Z</time>
   </trkpt>
   <trkpt lat="50.6617520" lon="6.1952540">
    <ele>414.1</ele>
    <time>2025-09-12T09:14:37Z</time>
   </trkpt>
   <trkpt lat="50.6616460" lon="6.1953040">
    <ele>414.2</ele>
    <time>2025-09-12T09:14:39Z</time>
   </trkpt>
   <trkpt lat="50.6615950" lon="6.1953290">
    <ele>414.3</ele>
    <time>2025-09-12T09:14:40Z</time>
   </trkpt>
   <trkpt lat="50.6613990" lon="6.1954220">
    <ele>414.4</ele>
    <time>2025-09-12T09:14:44Z</time>
   </trkpt>
   <trkpt lat="50.6612190" lon="6.1954930">
    <ele>414.6</ele>
    <time>2025-09-12T09:14:48Z</time>
   </trkpt>
   <trkpt lat="50.6611690" lon="6.1955170">
    <ele>414.6</ele>
    <time>2025-09-12T09:14:49Z</time>
   </trkpt>
   <trkpt lat="50.6608360" lon="6.1956820">
    <ele>414.9</ele>
    <time>2025-09-12T09:14:55Z</time>
   </trkpt>
   <trkpt lat="50.6605110" lon="6.1958370">
    <ele>415.3</ele>
    <time>2025-09-12T09:15:01Z</time>
   </trkpt>
   <trkpt lat="50.6602150" lon="6.1959440">
    <ele>415.7</ele>
    <time>2025-09-12T09:15:07Z</time>
   </trkpt>
   <trkpt lat="50.6599670" lon="6.1960310">
    <ele>416.0</ele>
    <time>2025-09-12T09:15:12Z</time>
   </trkpt>
   <trkpt lat="50.6597350" lon="6.1961450">
    <ele>416.2</ele>
    <time>2025-09-12T09:15:16Z</time>
   </trkpt>
   <trkpt lat="50.6594690" lon="6.1962770">
    <ele>416.5</ele>
    <time>2025-09-12T09:15:21Z</time>
   </trkpt>
   <trkpt lat="50.6593140" lon="6.1963280">
    <ele>416.7</ele>
    <time>2025-09-12T09:15:24Z</time>
   </trkpt>
   <trkpt lat="50.6592110" lon="6.1963540">
    <ele>416.8</ele>
    <time>2025-09-12T09:15:26Z</time>
   </trkpt>
   <trkpt lat="50.6591690" lon="6.1963560">
    <ele>416.8</ele>
    <time>2025-09-12T09:15:27Z</time>
   </trkpt>
   <trkpt lat="50.6591240" lon="6.1963680">
    <ele>416.9</ele>
    <time>2025-09-12T09:15:28Z</time>
   </trkpt>
   <trkpt lat="50.6590230" lon="6.1963960">
    <ele>417.0</ele>
    <time>2025-09-12T09:15:30Z</time>
   </trkpt>
   <trkpt lat="50.6589730" lon="6.1964080">
    <ele>417.0</ele>
    <time>2025-09-12T09:15:31Z</time>
   </trkpt>
   <trkpt lat="50.6587650" lon="6.1964480">
    <ele>417.2</ele>
    <time>2025-09-12T09:15:35Z</time>
   </trkpt>
   <trkpt lat="50.6587100" lon="6.1964590">
    <ele>417.2</ele>
    <time>2025-09-12T09:15:36Z</time>
   </trkpt>
   <trkpt lat="50.6582640" lon="6.1964270">
    <ele>417.2</ele>
    <time>2025-09-12T09:15:43Z</time>
   </trkpt>
   <trkpt lat="50.6579300" lon="6.1963050">
    <ele>417.2</ele>
    <time>2025-09-12T09:15:49Z</time>
   </trkpt>
   <trkpt lat="50.6574880" lon="6.1960040">
    <ele>417.2</ele>
    <time>2025-09-12T09:15:57Z</time>
   </trkpt>
   <trkpt lat="50.6570870" lon="6.1955820">
    <ele>417.0</ele>
    <time>2025-09-12T09:16:05Z</time>
   </trkpt>
   <trkpt lat="50.6569970" lon="6.1954790">
    <ele>417.0</ele>
    <time>2025-09-12T09:16:07Z</time>
   </trkpt>
   <trkpt lat="50.6568780" lon="6.1953110">
    <ele>416.9</ele>
    <time>2025-09-12T09:16:10Z</time>
   </trkpt>
   <trkpt lat="50.6566060" lon="6.1948740">
    <ele>416.7</ele>
    <time>2025-09-12T09:16:17Z</time>
   </trkpt>
   <trkpt lat="50.6562800" lon="6.1943380">
    <ele>416.6</ele>
    <time>2025-09-12T09:16:25Z</time>
   </trkpt>
   <trkpt lat="50.6559610" lon="6.1937890">
    <ele>416.7</ele>
    <time>2025-09-12T09:16:33Z</time>
   </trkpt>
   <trkpt lat="50.6556960" lon="6.1933280">
    <ele>416.6</ele>
    <time>2025-09-12T09:16:40Z</time>
   </trkpt>
   <trkpt lat="50.6553840" lon="6.1927840">
    <ele>416.7</ele>
    <time>2025-09-12T09:16:48Z</time>
   </trkpt>
   <trkpt lat="50.6550380" lon="6.1921890">
    <ele>416.8</ele>
    <time>2025-09-12T09:16:57Z</time>
   </trkpt>
   <trkpt lat="50.6546880" lon="6.1915760">
    <ele>416.8</ele>
    <time>2025-09-12T09:17:06Z</time>
   </trkpt>
   <trkpt lat="50.6542820" lon="6.1908810">
    <ele>416.8</ele>
    <time>2025-09-12T09:17:16Z</time>
   </trkpt>
   <trkpt lat="50.6542410" lon="6.1908090">
    <ele>416.8</ele>
    <time>2025-09-12T09:17:17Z</time>
   </trkpt>
   <trkpt lat="50.6541210" lon="6.1905920">
    <ele>416.8</ele>
    <time>2025-09-12T09:17:20Z</time>
   </trkpt>
   <trkpt lat="50.6540040" lon="6.1903810">
    <ele>416.8</ele>
    <time>2025-09-12T09:17:23Z</time>
   </trkpt>
   <trkpt lat="50.6538050" lon="6.1900590">
    <ele>416.8</ele>
    <time>2025-09-12T09:17:28Z</time>
   </trkpt>
   <trkpt lat="50.6534740" lon="6.1895010">
    <ele>416.8</ele>
    <time>2025-09-12T09:17:36Z</time>
   </trkpt>
   <trkpt lat="50.6532320" lon="6.1890900">
    <ele>416.8</ele>
    <time>2025-09-12T09:17:42Z</time>
   </trkpt>
   <trkpt lat="50.6528890" lon="6.1885410">
    <ele>416.8</ele>
    <time>2025-09-12T09:17:50Z</time>
   </trkpt>
   <trkpt lat="50.6527590" lon="6.1883330">
    <ele>416.8</ele>
    <time>2025-09-12T09:17:53Z</time>
   </trkpt>
   <trkpt lat="50.6526290" lon="6.1881260">
    <ele>416.8</ele>
    <time>2025-09-12T09:17:56Z</time>
   </trkpt>
   <trkpt lat="50.6524060" lon="6.1877800">
    <ele>416.8</ele>
    <time>2025-09-12T09:18:01Z</time>
   </trkpt>
   <trkpt lat="50.6520330" lon="6.1872710">
    <ele>416.7</ele>
    <time>2025-09-12T09:18:09Z</time>
   </trkpt>
   <trkpt lat="50.6517340" lon="6.1868800">
    <ele>416.6</ele>
    <time>2025-09-12T09:18:15Z</time>
   </trkpt>
   <trkpt lat="50.6516860" lon="6.1868090">
    <ele>416.6</ele>
    <time>2025-09-12T09:18:16Z</time>
   </trkpt>
   <trkpt lat="50.6515930" lon="6.1866760">
    <ele>416.6</ele>
    <time>2025-09-12T09:18:18Z</time>
   </trkpt>
   <trkpt lat="50.6514940" lon="6.1865520">
    <ele>416.6</ele>
    <time>2025-09-12T09:18:20Z</time>
   </trkpt>
   <trkpt lat="50.6510930" lon="6.1861060">
    <ele>416.8</ele>
    <time>2025-09-12T09:18:28Z</time>
   </trkpt>
   <trkpt lat="50.6510400" lon="6.1860520">
    <ele>416.8</ele>
    <time>2025-09-12T09:18:29Z</time>
   </trkpt>
   <trkpt lat="50.6508350" lon="6.1858490">
    <ele>416.7</ele>
    <time>2025-09-12T09:18:33Z</time>
   </trkpt>
   <trkpt lat="50.6507410" lon="6.1857600">
    <ele>416.7</ele>
    <time>2025-09-12T09:18:35Z</time>
   </trkpt>
   <trkpt lat="50.6506850" lon="6.1857200">
    <ele>416.6</ele>
    <time>2025-09-12T09:18:36Z</time>
   </trkpt>
   <trkpt lat="50.6503130" lon="6.1854810">
    <ele>416.4</ele>
    <time>2025-09-12T09:18:42Z</time>
   </trkpt>
   <trkpt lat="50.6499260" lon="6.1852460">
    <ele>416.5</ele>
    <time>2025-09-12T09:18:48Z</time>
   </trkpt>
   <trkpt lat="50.6494210" lon="6.1849580">
    <ele>416.8</ele>
    <time>2025-09-12T09:18:56Z</time>
   </trkpt>
   <trkpt lat="50.6491260" lon="6.1847550">
    <ele>416.9</ele>
    <time>2025-09-12T09:19:01Z</time>
   </trkpt>
   <trkpt lat="50.6486480" lon="6.1844540">
    <ele>417.1</ele>
    <time>2025-09-12T09:19:09Z</time>
   </trkpt>
   <trkpt lat="50.6485920" lon="6.1844230">
    <ele>417.1</ele>
    <time>2025-09-12T09:19:10Z</time>
   </trkpt>
   <trkpt lat="50.6483270" lon="6.1842770">
    <ele>417.1</ele>
    <time>2025-09-12T09:19:15Z</time>
   </trkpt>
   <trkpt lat="50.6482750" lon="6.1842470">
    <ele>417.1</ele>
    <time>2025-09-12T09:19:16Z</time>
   </trkpt>
   <trkpt lat="50.6481790" lon="6.1841950">
    <ele>417.2</ele>
    <time>2025-09-12T09:19:18Z</time>
   </trkpt>
   <trkpt lat="50.6481320" lon="6.1841710">
    <ele>417.3</ele>
    <time>2025-09-12T09:19:19Z</time>
   </trkpt>
   <trkpt lat="50.6480870" lon="6.1841500">
    <ele>417.3</ele>
    <time>2025-09-12T09:19:20Z</time>
   </trkpt>
   <trkpt lat="50.6479850" lon="6.1841540">
    <ele>417.4</ele>
    <time>2025-09-12T09:19:23Z</time>
   </trkpt>
   <trkpt lat="50.6478750" lon="6.1841980">
    <ele>417.4</ele>
    <time>2025-09-12T09:19:27Z</time>
   </trkpt>
   <trkpt lat="50.6478560" lon="6.1841860">
    <ele>417.4</ele>
    <time>2025-09-12T09:19:28Z</time>
   </trkpt>
   <trkpt lat="50.6478360" lon="6.1841730">
    <ele>417.4</ele>
    <time>2025-09-12T09:19:30Z</time>
   </trkpt>
   <trkpt lat="50.6478240" lon="6.1841630">
    <ele>417.4</ele>
    <time>2025-09-12T09:19:58Z</time>
   </trkpt>
   <trkpt lat="50.6478270" lon="6.1841380">
    <ele>417.4</ele>
    <time>2025-09-12T09:19:59Z</time>
   </trkpt>
   <trkpt lat="50.6478270" lon="6.1841110">
    <ele>417.5</ele>
    <time>2025-09-12T09:20:00Z</time>
   </trkpt>
   <trkpt lat="50.6478470" lon="6.1839630">
    <ele>417.5</ele>
    <time>2025-09-12T09:20:06Z</time>
   </trkpt>
   <trkpt lat="50.6478450" lon="6.1839380">
    <ele>417.6</ele>
    <time>2025-09-12T09:20:07Z</time>
   </trkpt>
   <trkpt lat="50.6478410" lon="6.1838970">
    <ele>417.6</ele>
    <time>2025-09-12T09:20:09Z</time>
   </trkpt>
   <trkpt lat="50.6478370" lon="6.1838350">
    <ele>417.6</ele>
    <time>2025-09-12T09:20:12Z</time>
   </trkpt>
   <trkpt lat="50.6478040" lon="6.1838150">
    <ele>417.5</ele>
    <time>2025-09-12T09:20:14Z</time>
   </trkpt>
   <trkpt lat="50.6477790" lon="6.1838230">
    <ele>417.5</ele>
    <time>2025-09-12T09:20:15Z</time>
   </trkpt>
   <trkpt lat="50.6475960" lon="6.1839100">
    <ele>417.3</ele>
    <time>2025-09-12T09:20:20Z</time>
   </trkpt>
   <trkpt lat="50.6474990" lon="6.1838970">
    <ele>417.3</ele>
    <time>2025-09-12T09:20:22Z</time>
   </trkpt>
   <trkpt lat="50.6474030" lon="6.1838410">
    <ele>417.3</ele>
    <time>2025-09-12T09:20:24Z</time>
   </trkpt>
   <trkpt lat="50.6472150" lon="6.1837310">
    <ele>417.3</ele>
    <time>2025-09-12T09:20:28Z</time>
   </trkpt>
   <trkpt lat="50.6471140" lon="6.1836930">
    <ele>417.3</ele>
    <time>2025-09-12T09:20:30Z</time>
   </trkpt>
   <trkpt lat="50.6467700" lon="6.1835910">
    <ele>417.4</ele>
    <time>2025-09-12T09:20:37Z</time>
   </trkpt>
   <trkpt lat="50.6466150" lon="6.1835520">
    <ele>417.4</ele>
    <time>2025-09-12T09:20:40Z</time>
   </trkpt>
   <trkpt lat="50.6464140" lon="6.1835220">
    <ele>417.7</ele>
    <time>2025-09-12T09:20:44Z</time>
   </trkpt>
   <trkpt lat="50.6461520" lon="6.1835180">
    <ele>418.2</ele>
    <time>2025-09-12T09:20:49Z</time>
   </trkpt>
   <trkpt lat="50.6460050" lon="6.1835320">
    <ele>418.5</ele>
    <time>2025-09-12T09:20:52Z</time>
   </trkpt>
   <trkpt lat="50.6459560" lon="6.1835420">
    <ele>418.6</ele>
    <time>2025-09-12T09:20:53Z</time>
   </trkpt>
   <trkpt lat="50.6458650" lon="6.1835540">
    <ele>418.9</ele>
    <time>2025-09-12T09:20:55Z</time>
   </trkpt>
   <trkpt lat="50.6457720" lon="6.1835750">
    <ele>419.1</ele>
    <time>2025-09-12T09:20:57Z</time>
   </trkpt>
   <trkpt lat="50.6456710" lon="6.1836020">
    <ele>419.3</ele>
    <time>2025-09-12T09:20:59Z</time>
   </trkpt>
   <trkpt lat="50.6455720" lon="6.1836300">
    <ele>419.5</ele>
    <time>2025-09-12T09:21:01Z</time>
   </trkpt>
   <trkpt lat="50.6455250" lon="6.1836490">
    <ele>419.6</ele>
    <time>2025-09-12T09:21:02Z</time>
   </trkpt>
   <trkpt lat="50.6452690" lon="6.1837320">
    <ele>420.1</ele>
    <time>2025-09-12T09:21:07Z</time>
   </trkpt>
   <trkpt lat="50.6451010" lon="6.1837880">
    <ele>420.5</ele>
    <time>2025-09-12T09:21:10Z</time>
   </trkpt>
   <trkpt lat="50.6450460" lon="6.1838050">
    <ele>420.6</ele>
    <time>2025-09-12T09:21:11Z</time>
   </trkpt>
   <trkpt lat="50.6448550" lon="6.1838740">
    <ele>420.9</ele>
    <time>2025-09-12T09:21:15Z</time>
   </trkpt>
   <trkpt lat="50.6445310" lon="6.1839830">
    <ele>421.4</ele>
    <time>2025-09-12T09:21:21Z</time>
   </trkpt>
   <trkpt lat="50.6443160" lon="6.1840360">
    <ele>421.7</ele>
    <time>2025-09-12T09:21:25Z</time>
   </trkpt>
   <trkpt lat="50.6442720" lon="6.1840450">
    <ele>421.8</ele>
    <time>2025-09-12T09:21:26Z</time>
   </trkpt>
   <trkpt lat="50.6440690" lon="6.1840860">
    <ele>422.1</ele>
    <time>2025-09-12T09:21:30Z</time>
   </trkpt>
   <trkpt lat="50.6436640" lon="6.1842030">
    <ele>422.9</ele>
    <time>2025-09-12T09:21:38Z</time>
   </trkpt>
   <trkpt lat="50.6433530" lon="6.1842900">
    <ele>423.5</ele>
    <time>2025-09-12T09:21:44Z</time>
   </trkpt>
   <trkpt lat="50.6430820" lon="6.1843960">
    <ele>423.9</ele>
    <time>2025-09-12T09:21:49Z</time>
   </trkpt>
   <trkpt lat="50.6428880" lon="6.1844660">
    <ele>424.4</ele>
    <time>2025-09-12T09:21:53Z</time>
   </trkpt>
   <trkpt lat="50.6428470" lon="6.1844770">
    <ele>424.4</ele>
    <time>2025-09-12T09:21:54Z</time>
   </trkpt>
   <trkpt lat="50.6426120" lon="6.1845510">
    <ele>424.9</ele>
    <time>2025-09-12T09:21:59Z</time>
   </trkpt>
   <trkpt lat="50.6425100" lon="6.1846030">
    <ele>425.1</ele>
    <time>2025-09-12T09:22:01Z</time>
   </trkpt>
   <trkpt lat="50.6422470" lon="6.1847320">
    <ele>425.6</ele>
    <time>2025-09-12T09:22:06Z</time>
   </trkpt>
   <trkpt lat="50.6418940" lon="6.1849490">
    <ele>426.3</ele>
    <time>2025-09-12T09:22:13Z</time>
   </trkpt>
   <trkpt lat="50.6416800" lon="6.1851300">
    <ele>426.7</ele>
    <time>2025-09-12T09:22:18Z</time>
   </trkpt>
   <trkpt lat="50.6414520" lon="6.1853700">
    <ele>427.3</ele>
    <time>2025-09-12T09:22:23Z</time>
   </trkpt>
   <trkpt lat="50.6413620" lon="6.1854550">
    <ele>427.5</ele>
    <time>2025-09-12T09:22:25Z</time>
   </trkpt>
   <trkpt lat="50.6412250" lon="6.1855960">
    <ele>427.8</ele>
    <time>2025-09-12T09:22:28Z</time>
   </trkpt>
   <trkpt lat="50.6409810" lon="6.1858900">
    <ele>428.5</ele>
    <time>2025-09-12T09:22:34Z</time>
   </trkpt>
   <trkpt lat="50.6408990" lon="6.1860000">
    <ele>428.7</ele>
    <time>2025-09-12T09:22:36Z</time>
   </trkpt>
   <trkpt lat="50.6408090" lon="6.1861040">
    <ele>428.9</ele>
    <time>2025-09-12T09:22:38Z</time>
   </trkpt>
   <trkpt lat="50.6407230" lon="6.1862810">
    <ele>429.2</ele>
    <time>2025-09-12T09:22:41Z</time>
   </trkpt>
   <trkpt lat="50.6405350" lon="6.1866500">
    <ele>429.8</ele>
    <time>2025-09-12T09:22:47Z</time>
   </trkpt>
   <trkpt lat="50.6403300" lon="6.1871040">
    <ele>430.4</ele>
    <time>2025-09-12T09:22:54Z</time>
   </trkpt>
   <trkpt lat="50.6402940" lon="6.1871810">
    <ele>430.5</ele>
    <time>2025-09-12T09:22:55Z</time>
   </trkpt>
   <trkpt lat="50.6402220" lon="6.1873290">
    <ele>430.7</ele>
    <time>2025-09-12T09:22:57Z</time>
   </trkpt>
   <trkpt lat="50.6401540" lon="6.1875620">
    <ele>431.0</ele>
    <time>2025-09-12T09:23:00Z</time>
   </trkpt>
   <trkpt lat="50.6400910" lon="6.1877840">
    <ele>431.3</ele>
    <time>2025-09-12T09:23:03Z</time>
   </trkpt>
   <trkpt lat="50.6400380" lon="6.1879900">
    <ele>431.5</ele>
    <time>2025-09-12T09:23:06Z</time>
   </trkpt>
   <trkpt lat="50.6399930" lon="6.1881260">
    <ele>431.7</ele>
    <time>2025-09-12T09:23:08Z</time>
   </trkpt>
   <trkpt lat="50.6399740" lon="6.1881990">
    <ele>431.8</ele>
    <time>2025-09-12T09:23:09Z</time>
   </trkpt>
   <trkpt lat="50.6399090" lon="6.1884050">
    <ele>432.0</ele>
    <time>2025-09-12T09:23:12Z</time>
   </trkpt>
   <trkpt lat="50.6398840" lon="6.1884780">
    <ele>432.1</ele>
    <time>2025-09-12T09:23:13Z</time>
   </trkpt>
   <trkpt lat="50.6398500" lon="6.1886220">
    <ele>432.3</ele>
    <time>2025-09-12T09:23:15Z</time>
   </trkpt>
   <trkpt lat="50.6398210" lon="6.1888820">
    <ele>432.8</ele>
    <time>2025-09-12T09:23:19Z</time>
   </trkpt>
   <trkpt lat="50.6398110" lon="6.1889670">
    <ele>433.0</ele>
    <time>2025-09-12T09:23:22Z</time>
   </trkpt>
   <trkpt lat="50.6397900" lon="6.1890200">
    <ele>433.1</ele>
    <time>2025-09-12T09:23:24Z</time>
   </trkpt>
   <trkpt lat="50.6397490" lon="6.1892340">
    <ele>433.4</ele>
    <time>2025-09-12T09:23:29Z</time>
   </trkpt>
   <trkpt lat="50.6397130" lon="6.1894170">
    <ele>433.4</ele>
    <time>2025-09-12T09:23:32Z</time>
   </trkpt>
   <trkpt lat="50.6397000" lon="6.1895450">
    <ele>433.5</ele>
    <time>2025-09-12T09:23:34Z</time>
   </trkpt>
   <trkpt lat="50.6396850" lon="6.1896760">
    <ele>433.6</ele>
    <time>2025-09-12T09:23:36Z</time>
   </trkpt>
   <trkpt lat="50.6396430" lon="6.1898670">
    <ele>433.8</ele>
    <time>2025-09-12T09:23:39Z</time>
   </trkpt>
   <trkpt lat="50.6396220" lon="6.1899920">
    <ele>433.9</ele>
    <time>2025-09-12T09:23:41Z</time>
   </trkpt>
   <trkpt lat="50.6395740" lon="6.1901190">
    <ele>434.1</ele>
    <time>2025-09-12T09:23:43Z</time>
   </trkpt>
   <trkpt lat="50.6396130" lon="6.1903100">
    <ele>434.3</ele>
    <time>2025-09-12T09:23:46Z</time>
   </trkpt>
   <trkpt lat="50.6397060" lon="6.1904460">
    <ele>434.6</ele>
    <time>2025-09-12T09:23:48Z</time>
   </trkpt>
   <trkpt lat="50.6397190" lon="6.1908640">
    <ele>435.3</ele>
    <time>2025-09-12T09:23:54Z</time>
   </trkpt>
   <trkpt lat="50.6396640" lon="6.1913500">
    <ele>435.3</ele>
    <time>2025-09-12T09:24:00Z</time>
   </trkpt>
   <trkpt lat="50.6396210" lon="6.1916760">
    <ele>435.3</ele>
    <time>2025-09-12T09:24:04Z</time>
   </trkpt>
   <trkpt lat="50.6396040" lon="6.1920120">
    <ele>435.4</ele>
    <time>2025-09-12T09:24:08Z</time>
   </trkpt>
   <trkpt lat="50.6396350" lon="6.1921670">
    <ele>435.6</ele>
    <time>2025-09-12T09:24:10Z</time>
   </trkpt>
   <trkpt lat="50.6396990" lon="6.1927290">
    <ele>436.1</ele>
    <time>2025-09-12T09:24:17Z</time>
   </trkpt>
   <trkpt lat="50.6397270" lon="6.1928160">
    <ele>436.2</ele>
    <time>2025-09-12T09:24:18Z</time>
   </trkpt>
   <trkpt lat="50.6398820" lon="6.1932200">
    <ele>436.8</ele>
    <time>2025-09-12T09:24:23Z</time>
   </trkpt>
   <trkpt lat="50.6400150" lon="6.1936230">
    <ele>437.6</ele>
    <time>2025-09-12T09:24:29Z</time>
   </trkpt>
   <trkpt lat="50.6400910" lon="6.1937940">
    <ele>438.2</ele>
    <time>2025-09-12T09:24:32Z</time>
   </trkpt>
   <trkpt lat="50.6401350" lon="6.1939220">
    <ele>438.7</ele>
    <time>2025-09-12T09:24:36Z</time>
   </trkpt>
   <trkpt lat="50.6402010" lon="6.1940170">
    <ele>439.3</ele>
    <time>2025-09-12T09:24:39Z</time>
   </trkpt>
   <trkpt lat="50.6402150" lon="6.1940660">
    <ele>439.5</ele>
    <time>2025-09-12T09:24:40Z</time>
   </trkpt>
   <trkpt lat="50.6402440" lon="6.1941430">
    <ele>439.8</ele>
    <time>2025-09-12T09:24:42Z</time>
   </trkpt>
   <trkpt lat="50.6402980" lon="6.1941910">
    <ele>439.8</ele>
    <time>2025-09-12T09:24:44Z</time>
   </trkpt>
   <trkpt lat="50.6403090" lon="6.1942090">
    <ele>439.9</ele>
    <time>2025-09-12T09:24:45Z</time>
   </trkpt>
   <trkpt lat="50.6403610" lon="6.1943080">
    <ele>439.9</ele>
    <time>2025-09-12T09:24:48Z</time>
   </trkpt>
   <trkpt lat="50.6405570" lon="6.1945760">
    <ele>439.1</ele>
    <time>2025-09-12T09:24:53Z</time>
   </trkpt>
   <trkpt lat="50.6406660" lon="6.1950190">
    <ele>439.2</ele>
    <time>2025-09-12T09:25:00Z</time>
   </trkpt>
   <trkpt lat="50.6407620" lon="6.1955590">
    <ele>439.9</ele>
    <time>2025-09-12T09:25:08Z</time>
   </trkpt>
   <trkpt lat="50.6407750" lon="6.1956920">
    <ele>440.1</ele>
    <time>2025-09-12T09:25:10Z</time>
   </trkpt>
   <trkpt lat="50.6408260" lon="6.1960430">
    <ele>440.6</ele>
    <time>2025-09-12T09:25:15Z</time>
   </trkpt>
   <trkpt lat="50.6408820" lon="6.1966420">
    <ele>441.6</ele>
    <time>2025-09-12T09:25:23Z</time>
   </trkpt>
   <trkpt lat="50.6408710" lon="6.1972600">
    <ele>442.8</ele>
    <time>2025-09-12T09:25:31Z</time>
   </trkpt>
   <trkpt lat="50.6408550" lon="6.1976190">
    <ele>443.6</ele>
    <time>2025-09-12T09:25:36Z</time>
   </trkpt>
   <trkpt lat="50.6408530" lon="6.1976800">
    <ele>443.7</ele>
    <time>2025-09-12T09:25:37Z</time>
   </trkpt>
   <trkpt lat="50.6408150" lon="6.1982140">
    <ele>444.0</ele>
    <time>2025-09-12T09:25:44Z</time>
   </trkpt>
   <trkpt lat="50.6407050" lon="6.1988270">
    <ele>444.6</ele>
    <time>2025-09-12T09:25:52Z</time>
   </trkpt>
   <trkpt lat="50.6406870" lon="6.1989010">
    <ele>444.6</ele>
    <time>2025-09-12T09:25:53Z</time>
   </trkpt>
   <trkpt lat="50.6406120" lon="6.1991840">
    <ele>445.0</ele>
    <time>2025-09-12T09:25:57Z</time>
   </trkpt>
   <trkpt lat="50.6405150" lon="6.1995080">
    <ele>445.4</ele>
    <time>2025-09-12T09:26:02Z</time>
   </trkpt>
   <trkpt lat="50.6404670" lon="6.1996500">
    <ele>445.6</ele>
    <time>2025-09-12T09:26:04Z</time>
   </trkpt>
   <trkpt lat="50.6404010" lon="6.1997930">
    <ele>445.9</ele>
    <time>2025-09-12T09:26:06Z</time>
   </trkpt>
   <trkpt lat="50.6403470" lon="6.1999220">
    <ele>446.0</ele>
    <time>2025-09-12T09:26:08Z</time>
   </trkpt>
   <trkpt lat="50.6403160" lon="6.1999910">
    <ele>446.2</ele>
    <time>2025-09-12T09:26:09Z</time>
   </trkpt>
   <trkpt lat="50.6402350" lon="6.2001980">
    <ele>446.5</ele>
    <time>2025-09-12T09:26:12Z</time>
   </trkpt>
   <trkpt lat="50.6401950" lon="6.2003310">
    <ele>446.7</ele>
    <time>2025-09-12T09:26:14Z</time>
   </trkpt>
   <trkpt lat="50.6401580" lon="6.2004520">
    <ele>446.8</ele>
    <time>2025-09-12T09:26:16Z</time>
   </trkpt>
   <trkpt lat="50.6401340" lon="6.2005190">
    <ele>446.9</ele>
    <time>2025-09-12T09:26:17Z</time>
   </trkpt>
   <trkpt lat="50.6400890" lon="6.2006560">
    <ele>447.0</ele>
    <time>2025-09-12T09:26:19Z</time>
   </trkpt>
   <trkpt lat="50.6400020" lon="6.2009330">
    <ele>447.4</ele>
    <time>2025-09-12T09:26:23Z</time>
   </trkpt>
   <trkpt lat="50.6399210" lon="6.2011520">
    <ele>447.8</ele>
    <time>2025-09-12T09:26:26Z</time>
   </trkpt>
   <trkpt lat="50.6398610" lon="6.2013020">
    <ele>448.1</ele>
    <time>2025-09-12T09:26:28Z</time>
   </trkpt>
   <trkpt lat="50.6397440" lon="6.2016970">
    <ele>448.7</ele>
    <time>2025-09-12T09:26:33Z</time>
   </trkpt>
   <trkpt lat="50.6397190" lon="6.2017800">
    <ele>448.8</ele>
    <time>2025-09-12T09:26:34Z</time>
   </trkpt>
   <trkpt lat="50.6396730" lon="6.2020090">
    <ele>449.3</ele>
    <time>2025-09-12T09:26:37Z</time>
   </trkpt>
   <trkpt lat="50.6396410" lon="6.2021490">
    <ele>449.6</ele>
    <time>2025-09-12T09:26:39Z</time>
   </trkpt>
   <trkpt lat="50.6395630" lon="6.2025380">
    <ele>450.1</ele>
    <time>2025-09-12T09:26:45Z</time>
   </trkpt>
   <trkpt lat="50.6395070" lon="6.2029980">
    <ele>449.9</ele>
    <time>2025-09-12T09:26:51Z</time>
   </trkpt>
   <trkpt lat="50.6394790" lon="6.2034880">
    <ele>450.3</ele>
    <time>2025-09-12T09:26:57Z</time>
   </trkpt>
   <trkpt lat="50.6394700" lon="6.2041320">
    <ele>451.2</ele>
    <time>2025-09-12T09:27:05Z</time>
   </trkpt>
   <trkpt lat="50.6394840" lon="6.2044440">
    <ele>451.6</ele>
    <time>2025-09-12T09:27:09Z</time>
   </trkpt>
   <trkpt lat="50.6395040" lon="6.2046060">
    <ele>451.9</ele>
    <time>2025-09-12T09:27:11Z</time>
   </trkpt>
   <trkpt lat="50.6395510" lon="6.2049280">
    <ele>452.3</ele>
    <time>2025-09-12T09:27:15Z</time>
   </trkpt>
   <trkpt lat="50.6395760" lon="6.2050960">
    <ele>452.4</ele>
    <time>2025-09-12T09:27:17Z</time>
   </trkpt>
   <trkpt lat="50.6396250" lon="6.2053590">
    <ele>452.7</ele>
    <time>2025-09-12T09:27:20Z</time>
   </trkpt>
   <trkpt lat="50.6396430" lon="6.2055290">
    <ele>453.0</ele>
    <time>2025-09-12T09:27:22Z</time>
   </trkpt>
   <trkpt lat="50.6396570" lon="6.2057710">
    <ele>453.3</ele>
    <time>2025-09-12T09:27:25Z</time>
   </trkpt>
   <trkpt lat="50.6396700" lon="6.2063570">
    <ele>454.1</ele>
    <time>2025-09-12T09:27:32Z</time>
   </trkpt>
   <trkpt lat="50.6396740" lon="6.2065150">
    <ele>454.3</ele>
    <time>2025-09-12T09:27:34Z</time>
   </trkpt>
   <trkpt lat="50.6396800" lon="6.2066770">
    <ele>454.6</ele>
    <time>2025-09-12T09:27:36Z</time>
   </trkpt>
   <trkpt lat="50.6396880" lon="6.2071600">
    <ele>455.4</ele>
    <time>2025-09-12T09:27:42Z</time>
   </trkpt>
   <trkpt lat="50.6397100" lon="6.2073230">
    <ele>455.4</ele>
    <time>2025-09-12T09:27:44Z</time>
   </trkpt>
   <trkpt lat="50.6397450" lon="6.2075660">
    <ele>455.4</ele>
    <time>2025-09-12T09:27:47Z</time>
   </trkpt>
   <trkpt lat="50.6397560" lon="6.2076490">
    <ele>455.4</ele>
    <time>2025-09-12T09:27:48Z</time>
   </trkpt>
   <trkpt lat="50.6397710" lon="6.2078090">
    <ele>455.5</ele>
    <time>2025-09-12T09:27:50Z</time>
   </trkpt>
   <trkpt lat="50.6397790" lon="6.2079630">
    <ele>455.6</ele>
    <time>2025-09-12T09:27:52Z</time>
   </trkpt>
   <trkpt lat="50.6397910" lon="6.2080380">
    <ele>455.6</ele>
    <time>2025-09-12T09:27:53Z</time>
   </trkpt>
   <trkpt lat="50.6398110" lon="6.2081880">
    <ele>455.8</ele>
    <time>2025-09-12T09:27:55Z</time>
   </trkpt>
   <trkpt lat="50.6398360" lon="6.2086530">
    <ele>456.2</ele>
    <time>2025-09-12T09:28:01Z</time>
   </trkpt>
   <trkpt lat="50.6398390" lon="6.2087280">
    <ele>456.2</ele>
    <time>2025-09-12T09:28:02Z</time>
   </trkpt>
   <trkpt lat="50.6398510" lon="6.2091010">
    <ele>456.7</ele>
    <time>2025-09-12T09:28:07Z</time>
   </trkpt>
   <trkpt lat="50.6398650" lon="6.2094470">
    <ele>457.1</ele>
    <time>2025-09-12T09:28:12Z</time>
   </trkpt>
   <trkpt lat="50.6398620" lon="6.2095150">
    <ele>457.2</ele>
    <time>2025-09-12T09:28:13Z</time>
   </trkpt>
   <trkpt lat="50.6398520" lon="6.2096490">
    <ele>457.4</ele>
    <time>2025-09-12T09:28:15Z</time>
   </trkpt>
   <trkpt lat="50.6398630" lon="6.2097900">
    <ele>457.5</ele>
    <time>2025-09-12T09:28:17Z</time>
   </trkpt>
   <trkpt lat="50.6398660" lon="6.2098610">
    <ele>457.6</ele>
    <time>2025-09-12T09:28:18Z</time>
   </trkpt>
   <trkpt lat="50.6399100" lon="6.2100830">
    <ele>457.9</ele>
    <time>2025-09-12T09:28:21Z</time>
   </trkpt>
   <trkpt lat="50.6399450" lon="6.2102980">
    <ele>458.2</ele>
    <time>2025-09-12T09:28:24Z</time>
   </trkpt>
   <trkpt lat="50.6399380" lon="6.2105020">
    <ele>458.6</ele>
    <time>2025-09-12T09:28:27Z</time>
   </trkpt>
   <trkpt lat="50.6399240" lon="6.2105650">
    <ele>458.7</ele>
    <time>2025-09-12T09:28:28Z</time>
   </trkpt>
   <trkpt lat="50.6399400" lon="6.2108730">
    <ele>459.4</ele>
    <time>2025-09-12T09:28:33Z</time>
   </trkpt>
   <trkpt lat="50.6399900" lon="6.2111050">
    <ele>460.0</ele>
    <time>2025-09-12T09:28:38Z</time>
   </trkpt>
   <trkpt lat="50.6399970" lon="6.2114000">
    <ele>460.0</ele>
    <time>2025-09-12T09:28:43Z</time>
   </trkpt>
   <trkpt lat="50.6400070" lon="6.2115440">
    <ele>460.0</ele>
    <time>2025-09-12T09:28:45Z</time>
   </trkpt>
   <trkpt lat="50.6400540" lon="6.2118380">
    <ele>460.2</ele>
    <time>2025-09-12T09:28:49Z</time>
   </trkpt>
   <trkpt lat="50.6400770" lon="6.2124450">
    <ele>461.0</ele>
    <time>2025-09-12T09:28:57Z</time>
   </trkpt>
   <trkpt lat="50.6400940" lon="6.2130240">
    <ele>462.1</ele>
    <time>2025-09-12T09:29:05Z</time>
   </trkpt>
   <trkpt lat="50.6400870" lon="6.2133150">
    <ele>462.5</ele>
    <time>2025-09-12T09:29:10Z</time>
   </trkpt>
   <trkpt lat="50.6400830" lon="6.2134360">
    <ele>462.5</ele>
    <time>2025-09-12T09:29:12Z</time>
   </trkpt>
   <trkpt lat="50.6400830" lon="6.2135810">
    <ele>462.5</ele>
    <time>2025-09-12T09:29:14Z</time>
   </trkpt>
   <trkpt lat="50.6400660" lon="6.2141450">
    <ele>462.9</ele>
    <time>2025-09-12T09:29:21Z</time>
   </trkpt>
   <trkpt lat="50.6400490" lon="6.2145410">
    <ele>463.5</ele>
    <time>2025-09-12T09:29:26Z</time>
   </trkpt>
   <trkpt lat="50.6400320" lon="6.2147770">
    <ele>463.8</ele>
    <time>2025-09-12T09:29:29Z</time>
   </trkpt>
   <trkpt lat="50.6400290" lon="6.2148580">
    <ele>463.9</ele>
    <time>2025-09-12T09:29:30Z</time>
   </trkpt>
   <trkpt lat="50.6400270" lon="6.2150200">
    <ele>464.2</ele>
    <time>2025-09-12T09:29:32Z</time>
   </trkpt>
   <trkpt lat="50.6400190" lon="6.2151670">
    <ele>464.3</ele>
    <time>2025-09-12T09:29:34Z</time>
   </trkpt>
   <trkpt lat="50.6400080" lon="6.2152390">
    <ele>464.4</ele>
    <time>2025-09-12T09:29:35Z</time>
   </trkpt>
   <trkpt lat="50.6400060" lon="6.2153110">
    <ele>464.5</ele>
    <time>2025-09-12T09:29:36Z</time>
   </trkpt>
   <trkpt lat="50.6400050" lon="6.2154680">
    <ele>464.7</ele>
    <time>2025-09-12T09:29:38Z</time>
   </trkpt>
   <trkpt lat="50.6399970" lon="6.2155540">
    <ele>464.8</ele>
    <time>2025-09-12T09:29:39Z</time>
   </trkpt>
   <trkpt lat="50.6399930" lon="6.2158030">
    <ele>465.2</ele>
    <time>2025-09-12T09:29:42Z</time>
   </trkpt>
   <trkpt lat="50.6400100" lon="6.2159570">
    <ele>465.4</ele>
    <time>2025-09-12T09:29:44Z</time>
   </trkpt>
   <trkpt lat="50.6400260" lon="6.2161070">
    <ele>465.6</ele>
    <time>2025-09-12T09:29:46Z</time>
   </trkpt>
   <trkpt lat="50.6400500" lon="6.2162640">
    <ele>465.9</ele>
    <time>2025-09-12T09:29:48Z</time>
   </trkpt>
   <trkpt lat="50.6400870" lon="6.2165440">
    <ele>466.3</ele>
    <time>2025-09-12T09:29:52Z</time>
   </trkpt>
   <trkpt lat="50.6401040" lon="6.2167560">
    <ele>466.6</ele>
    <time>2025-09-12T09:29:56Z</time>
   </trkpt>
   <trkpt lat="50.6401070" lon="6.2167810">
    <ele>466.7</ele>
    <time>2025-09-12T09:29:57Z</time>
   </trkpt>
   <trkpt lat="50.6401150" lon="6.2169350">
    <ele>466.7</ele>
    <time>2025-09-12T09:30:03Z</time>
   </trkpt>
   <trkpt lat="50.6401370" lon="6.2169730">
    <ele>466.7</ele>
    <time>2025-09-12T09:30:04Z</time>
   </trkpt>
   <trkpt lat="50.6401580" lon="6.2171670">
    <ele>466.9</ele>
    <time>2025-09-12T09:30:08Z</time>
   </trkpt>
   <trkpt lat="50.6401560" lon="6.2174270">
    <ele>467.1</ele>
    <time>2025-09-12T09:30:13Z</time>
   </trkpt>
   <trkpt lat="50.6401710" lon="6.2176240">
    <ele>467.2</ele>
    <time>2025-09-12T09:30:16Z</time>
   </trkpt>
   <trkpt lat="50.6401850" lon="6.2176970">
    <ele>467.3</ele>
    <time>2025-09-12T09:30:17Z</time>
   </trkpt>
   <trkpt lat="50.6402020" lon="6.2179230">
    <ele>467.5</ele>
    <time>2025-09-12T09:30:20Z</time>
   </trkpt>
   <trkpt lat="50.6401840" lon="6.2180020">
    <ele>467.5</ele>
    <time>2025-09-12T09:30:21Z</time>
   </trkpt>
   <trkpt lat="50.6401160" lon="6.2182250">
    <ele>467.8</ele>
    <time>2025-09-12T09:30:24Z</time>
   </trkpt>
   <trkpt lat="50.6401410" lon="6.2182950">
    <ele>467.8</ele>
    <time>2025-09-12T09:30:25Z</time>
   </trkpt>
   <trkpt lat="50.6401630" lon="6.2183710">
    <ele>467.9</ele>
    <time>2025-09-12T09:30:26Z</time>
   </trkpt>
   <trkpt lat="50.6401450" lon="6.2185210">
    <ele>468.1</ele>
    <time>2025-09-12T09:30:28Z</time>
   </trkpt>
   <trkpt lat="50.6401160" lon="6.2185950">
    <ele>468.2</ele>
    <time>2025-09-12T09:30:29Z</time>
   </trkpt>
   <trkpt lat="50.6400540" lon="6.2188160">
    <ele>468.4</ele>
    <time>2025-09-12T09:30:32Z</time>
   </trkpt>
   <trkpt lat="50.6400550" lon="6.2188780">
    <ele>468.5</ele>
    <time>2025-09-12T09:30:33Z</time>
   </trkpt>
   <trkpt lat="50.6401250" lon="6.2191960">
    <ele>468.8</ele>
    <time>2025-09-12T09:30:37Z</time>
   </trkpt>
   <trkpt lat="50.6401620" lon="6.2193720">
    <ele>469.0</ele>
    <time>2025-09-12T09:30:39Z</time>
   </trkpt>
   <trkpt lat="50.6403100" lon="6.2195730">
    <ele>469.4</ele>
    <time>2025-09-12T09:30:41Z</time>
   </trkpt>
   <trkpt lat="50.6403190" lon="6.2196520">
    <ele>469.5</ele>
    <time>2025-09-12T09:30:42Z</time>
   </trkpt>
   <trkpt lat="50.6403230" lon="6.2197340">
    <ele>469.6</ele>
    <time>2025-09-12T09:30:43Z</time>
   </trkpt>
   <trkpt lat="50.6403490" lon="6.2199920">
    <ele>469.8</ele>
    <time>2025-09-12T09:30:46Z</time>
   </trkpt>
   <trkpt lat="50.6403840" lon="6.2204170">
    <ele>470.3</ele>
    <time>2025-09-12T09:30:51Z</time>
   </trkpt>
   <trkpt lat="50.6403880" lon="6.2205790">
    <ele>470.5</ele>
    <time>2025-09-12T09:30:53Z</time>
   </trkpt>
   <trkpt lat="50.6403990" lon="6.2209030">
    <ele>470.9</ele>
    <time>2025-09-12T09:30:57Z</time>
   </trkpt>
   <trkpt lat="50.6404210" lon="6.2211510">
    <ele>471.2</ele>
    <time>2025-09-12T09:31:00Z</time>
   </trkpt>
   <trkpt lat="50.6404220" lon="6.2213050">
    <ele>471.4</ele>
    <time>2025-09-12T09:31:02Z</time>
   </trkpt>
   <trkpt lat="50.6404470" lon="6.2215360">
    <ele>471.7</ele>
    <time>2025-09-12T09:31:05Z</time>
   </trkpt>
   <trkpt lat="50.6405560" lon="6.2220020">
    <ele>472.3</ele>
    <time>2025-09-12T09:31:11Z</time>
   </trkpt>
   <trkpt lat="50.6406760" lon="6.2223780">
    <ele>472.9</ele>
    <time>2025-09-12T09:31:16Z</time>
   </trkpt>
   <trkpt lat="50.6407890" lon="6.2225660">
    <ele>473.2</ele>
    <time>2025-09-12T09:31:18Z</time>
   </trkpt>
   <trkpt lat="50.6410180" lon="6.2230140">
    <ele>473.9</ele>
    <time>2025-09-12T09:31:24Z</time>
   </trkpt>
   <trkpt lat="50.6410570" lon="6.2230820">
    <ele>474.0</ele>
    <time>2025-09-12T09:31:25Z</time>
   </trkpt>
   <trkpt lat="50.6412480" lon="6.2234860">
    <ele>474.6</ele>
    <time>2025-09-12T09:31:31Z</time>
   </trkpt>
   <trkpt lat="50.6415500" lon="6.2239690">
    <ele>475.5</ele>
    <time>2025-09-12T09:31:39Z</time>
   </trkpt>
   <trkpt lat="50.6416720" lon="6.2241380">
    <ele>475.9</ele>
    <time>2025-09-12T09:31:42Z</time>
   </trkpt>
   <trkpt lat="50.6417550" lon="6.2242400">
    <ele>476.1</ele>
    <time>2025-09-12T09:31:44Z</time>
   </trkpt>
   <trkpt lat="50.6417970" lon="6.2242900">
    <ele>476.2</ele>
    <time>2025-09-12T09:31:45Z</time>
   </trkpt>
   <trkpt lat="50.6421290" lon="6.2246730">
    <ele>477.2</ele>
    <time>2025-09-12T09:31:53Z</time>
   </trkpt>
   <trkpt lat="50.6425920" lon="6.2251780">
    <ele>478.3</ele>
    <time>2025-09-12T09:32:04Z</time>
   </trkpt>
   <trkpt lat="50.6429490" lon="6.2255060">
    <ele>479.0</ele>
    <time>2025-09-12T09:32:12Z</time>
   </trkpt>
   <trkpt lat="50.6433810" lon="6.2258130">
    <ele>479.7</ele>
    <time>2025-09-12T09:32:21Z</time>
   </trkpt>
   <trkpt lat="50.6438450" lon="6.2259910">
    <ele>480.7</ele>
    <time>2025-09-12T09:32:30Z</time>
   </trkpt>
   <trkpt lat="50.6442740" lon="6.2260420">
    <ele>481.5</ele>
    <time>2025-09-12T09:32:38Z</time>
   </trkpt>
   <trkpt lat="50.6445310" lon="6.2260470">
    <ele>481.9</ele>
    <time>2025-09-12T09:32:43Z</time>
   </trkpt>
   <trkpt lat="50.6449280" lon="6.2259830">
    <ele>482.3</ele>
    <time>2025-09-12T09:32:51Z</time>
   </trkpt>
   <trkpt lat="50.6453990" lon="6.2259190">
    <ele>483.1</ele>
    <time>2025-09-12T09:33:00Z</time>
   </trkpt>
   <trkpt lat="50.6459110" lon="6.2258500">
    <ele>484.1</ele>
    <time>2025-09-12T09:33:10Z</time>
   </trkpt>
   <trkpt lat="50.6464390" lon="6.2258870">
    <ele>485.0</ele>
    <time>2025-09-12T09:33:20Z</time>
   </trkpt>
   <trkpt lat="50.6468920" lon="6.2260570">
    <ele>485.8</ele>
    <time>2025-09-12T09:33:29Z</time>
   </trkpt>
   <trkpt lat="50.6473340" lon="6.2263320">
    <ele>486.8</ele>
    <time>2025-09-12T09:33:38Z</time>
   </trkpt>
   <trkpt lat="50.6477350" lon="6.2267130">
    <ele>487.7</ele>
    <time>2025-09-12T09:33:47Z</time>
   </trkpt>
   <trkpt lat="50.6480800" lon="6.2271350">
    <ele>488.7</ele>
    <time>2025-09-12T09:33:55Z</time>
   </trkpt>
   <trkpt lat="50.6484290" lon="6.2276990">
    <ele>489.5</ele>
    <time>2025-09-12T09:34:04Z</time>
   </trkpt>
   <trkpt lat="50.6486990" lon="6.2283300">
    <ele>490.4</ele>
    <time>2025-09-12T09:34:13Z</time>
   </trkpt>
   <trkpt lat="50.6487740" lon="6.2285490">
    <ele>490.7</ele>
    <time>2025-09-12T09:34:16Z</time>
   </trkpt>
   <trkpt lat="50.6488400" lon="6.2287830">
    <ele>491.1</ele>
    <time>2025-09-12T09:34:19Z</time>
   </trkpt>
   <trkpt lat="50.6490030" lon="6.2294030">
    <ele>492.0</ele>
    <time>2025-09-12T09:34:27Z</time>
   </trkpt>
   <trkpt lat="50.6490400" lon="6.2296490">
    <ele>492.4</ele>
    <time>2025-09-12T09:34:30Z</time>
   </trkpt>
   <trkpt lat="50.6490640" lon="6.2298910">
    <ele>492.7</ele>
    <time>2025-09-12T09:34:33Z</time>
   </trkpt>
   <trkpt lat="50.6491220" lon="6.2306370">
    <ele>493.7</ele>
    <time>2025-09-12T09:34:42Z</time>
   </trkpt>
   <trkpt lat="50.6491260" lon="6.2307210">
    <ele>493.8</ele>
    <time>2025-09-12T09:34:43Z</time>
   </trkpt>
   <trkpt lat="50.6491100" lon="6.2311090">
    <ele>494.1</ele>
    <time>2025-09-12T09:34:48Z</time>
   </trkpt>
   <trkpt lat="50.6490980" lon="6.2313860">
    <ele>494.4</ele>
    <time>2025-09-12T09:34:52Z</time>
   </trkpt>
   <trkpt lat="50.6490890" lon="6.2315110">
    <ele>494.5</ele>
    <time>2025-09-12T09:34:54Z</time>
   </trkpt>
   <trkpt lat="50.6490610" lon="6.2316990">
    <ele>494.7</ele>
    <time>2025-09-12T09:34:57Z</time>
   </trkpt>
   <trkpt lat="50.6490390" lon="6.2318380">
    <ele>494.8</ele>
    <time>2025-09-12T09:34:59Z</time>
   </trkpt>
   <trkpt lat="50.6489820" lon="6.2322540">
    <ele>495.3</ele>
    <time>2025-09-12T09:35:05Z</time>
   </trkpt>
   <trkpt lat="50.6488780" lon="6.2327860">
    <ele>496.0</ele>
    <time>2025-09-12T09:35:13Z</time>
   </trkpt>
   <trkpt lat="50.6487520" lon="6.2332190">
    <ele>496.5</ele>
    <time>2025-09-12T09:35:20Z</time>
   </trkpt>
   <trkpt lat="50.6485950" lon="6.2336390">
    <ele>497.1</ele>
    <time>2025-09-12T09:35:27Z</time>
   </trkpt>
   <trkpt lat="50.6484080" lon="6.2340430">
    <ele>497.7</ele>
    <time>2025-09-12T09:35:34Z</time>
   </trkpt>
   <trkpt lat="50.6481440" lon="6.2344790">
    <ele>498.5</ele>
    <time>2025-09-12T09:35:42Z</time>
   </trkpt>
   <trkpt lat="50.6479220" lon="6.2347700">
    <ele>499.1</ele>
    <time>2025-09-12T09:35:48Z</time>
   </trkpt>
   <trkpt lat="50.6475930" lon="6.2351340">
    <ele>499.9</ele>
    <time>2025-09-12T09:35:56Z</time>
   </trkpt>
   <trkpt lat="50.6473070" lon="6.2353700">
    <ele>500.5</ele>
    <time>2025-09-12T09:36:02Z</time>
   </trkpt>
   <trkpt lat="50.6470800" lon="6.2355150">
    <ele>500.9</ele>
    <time>2025-09-12T09:36:07Z</time>
   </trkpt>
   <trkpt lat="50.6467430" lon="6.2356870">
    <ele>501.6</ele>
    <time>2025-09-12T09:36:14Z</time>
   </trkpt>
   <trkpt lat="50.6465580" lon="6.2358070">
    <ele>501.9</ele>
    <time>2025-09-12T09:36:18Z</time>
   </trkpt>
   <trkpt lat="50.6462710" lon="6.2359670">
    <ele>502.4</ele>
    <time>2025-09-12T09:36:24Z</time>
   </trkpt>
   <trkpt lat="50.6460960" lon="6.2360630">
    <ele>502.8</ele>
    <time>2025-09-12T09:36:28Z</time>
   </trkpt>
   <trkpt lat="50.6460450" lon="6.2360910">
    <ele>502.9</ele>
    <time>2025-09-12T09:36:29Z</time>
   </trkpt>
   <trkpt lat="50.6458620" lon="6.2361760">
    <ele>503.2</ele>
    <time>2025-09-12T09:36:33Z</time>
   </trkpt>
   <trkpt lat="50.6457450" lon="6.2362570">
    <ele>503.4</ele>
    <time>2025-09-12T09:36:36Z</time>
   </trkpt>
   <trkpt lat="50.6455460" lon="6.2364310">
    <ele>503.9</ele>
    <time>2025-09-12T09:36:42Z</time>
   </trkpt>
   <trkpt lat="50.6453440" lon="6.2366130">
    <ele>504.4</ele>
    <time>2025-09-12T09:36:48Z</time>
   </trkpt>
   <trkpt lat="50.6451510" lon="6.2368420">
    <ele>504.9</ele>
    <time>2025-09-12T09:36:53Z</time>
   </trkpt>
   <trkpt lat="50.6449950" lon="6.2370610">
    <ele>505.3</ele>
    <time>2025-09-12T09:36:58Z</time>
   </trkpt>
   <trkpt lat="50.6448520" lon="6.2372900">
    <ele>505.7</ele>
    <time>2025-09-12T09:37:02Z</time>
   </trkpt>
   <trkpt lat="50.6446750" lon="6.2375970">
    <ele>506.2</ele>
    <time>2025-09-12T09:37:08Z</time>
   </trkpt>
   <trkpt lat="50.6445570" lon="6.2378310">
    <ele>506.6</ele>
    <time>2025-09-12T09:37:12Z</time>
   </trkpt>
   <trkpt lat="50.6445300" lon="6.2378930">
    <ele>506.7</ele>
    <time>2025-09-12T09:37:13Z</time>
   </trkpt>
   <trkpt lat="50.6444030" lon="6.2381630">
    <ele>507.1</ele>
    <time>2025-09-12T09:37:17Z</time>
   </trkpt>
   <trkpt lat="50.6443090" lon="6.2383580">
    <ele>507.3</ele>
    <time>2025-09-12T09:37:20Z</time>
   </trkpt>
   <trkpt lat="50.6442770" lon="6.2384230">
    <ele>507.4</ele>
    <time>2025-09-12T09:37:21Z</time>
   </trkpt>
   <trkpt lat="50.6441720" lon="6.2386850">
    <ele>507.8</ele>
    <time>2025-09-12T09:37:25Z</time>
   </trkpt>
   <trkpt lat="50.6441150" lon="6.2388100">
    <ele>508.0</ele>
    <time>2025-09-12T09:37:27Z</time>
   </trkpt>
   <trkpt lat="50.6440190" lon="6.2390680">
    <ele>508.4</ele>
    <time>2025-09-12T09:37:31Z</time>
   </trkpt>
   <trkpt lat="50.6439490" lon="6.2392580">
    <ele>508.8</ele>
    <time>2025-09-12T09:37:34Z</time>
   </trkpt>
   <trkpt lat="50.6438890" lon="6.2394450">
    <ele>509.0</ele>
    <time>2025-09-12T09:37:37Z</time>
   </trkpt>
   <trkpt lat="50.6438370" lon="6.2395730">
    <ele>509.2</ele>
    <time>2025-09-12T09:37:39Z</time>
   </trkpt>
   <trkpt lat="50.6438190" lon="6.2396340">
    <ele>509.3</ele>
    <time>2025-09-12T09:37:40Z</time>
   </trkpt>
   <trkpt lat="50.6437860" lon="6.2397030">
    <ele>509.4</ele>
    <time>2025-09-12T09:37:41Z</time>
   </trkpt>
   <trkpt lat="50.6436990" lon="6.2398890">
    <ele>509.8</ele>
    <time>2025-09-12T09:37:44Z</time>
   </trkpt>
   <trkpt lat="50.6436070" lon="6.2400790">
    <ele>510.1</ele>
    <time>2025-09-12T09:37:47Z</time>
   </trkpt>
   <trkpt lat="50.6435410" lon="6.2401910">
    <ele>510.3</ele>
    <time>2025-09-12T09:37:49Z</time>
   </trkpt>
   <trkpt lat="50.6435140" lon="6.2402440">
    <ele>510.3</ele>
    <time>2025-09-12T09:37:50Z</time>
   </trkpt>
   <trkpt lat="50.6434280" lon="6.2404100">
    <ele>510.6</ele>
    <time>2025-09-12T09:37:53Z</time>
   </trkpt>
   <trkpt lat="50.6433030" lon="6.2406140">
    <ele>510.9</ele>
    <time>2025-09-12T09:37:57Z</time>
   </trkpt>
   <trkpt lat="50.6431500" lon="6.2408550">
    <ele>511.2</ele>
    <time>2025-09-12T09:38:02Z</time>
   </trkpt>
   <trkpt lat="50.6429650" lon="6.2410920">
    <ele>511.6</ele>
    <time>2025-09-12T09:38:08Z</time>
   </trkpt>
   <trkpt lat="50.6427410" lon="6.2413490">
    <ele>512.1</ele>
    <time>2025-09-12T09:38:14Z</time>
   </trkpt>
   <trkpt lat="50.6426560" lon="6.2414430">
    <ele>512.2</ele>
    <time>2025-09-12T09:38:16Z</time>
   </trkpt>
   <trkpt lat="50.6425790" lon="6.2415340">
    <ele>512.4</ele>
    <time>2025-09-12T09:38:18Z</time>
   </trkpt>
   <trkpt lat="50.6423120" lon="6.2418290">
    <ele>513.0</ele>
    <time>2025-09-12T09:38:25Z</time>
   </trkpt>
   <trkpt lat="50.6421320" lon="6.2420540">
    <ele>513.3</ele>
    <time>2025-09-12T09:38:30Z</time>
   </trkpt>
   <trkpt lat="50.6418700" lon="6.2424510">
    <ele>514.0</ele>
    <time>2025-09-12T09:38:38Z</time>
   </trkpt>
   <trkpt lat="50.6416340" lon="6.2428430">
    <ele>514.6</ele>
    <time>2025-09-12T09:38:45Z</time>
   </trkpt>
   <trkpt lat="50.6414250" lon="6.2432340">
    <ele>515.1</ele>
    <time>2025-09-12T09:38:52Z</time>
   </trkpt>
   <trkpt lat="50.6412430" lon="6.2436280">
    <ele>515.7</ele>
    <time>2025-09-12T09:38:59Z</time>
   </trkpt>
   <trkpt lat="50.6410840" lon="6.2440030">
    <ele>516.2</ele>
    <time>2025-09-12T09:39:05Z</time>
   </trkpt>
   <trkpt lat="50.6409180" lon="6.2444850">
    <ele>516.9</ele>
    <time>2025-09-12T09:39:13Z</time>
   </trkpt>
   <trkpt lat="50.6408600" lon="6.2446640">
    <ele>517.1</ele>
    <time>2025-09-12T09:39:16Z</time>
   </trkpt>
   <trkpt lat="50.6408150" lon="6.2448560">
    <ele>517.3</ele>
    <time>2025-09-12T09:39:19Z</time>
   </trkpt>
   <trkpt lat="50.6406710" lon="6.2454540">
    <ele>518.1</ele>
    <time>2025-09-12T09:39:28Z</time>
   </trkpt>
   <trkpt lat="50.6405860" lon="6.2460050">
    <ele>518.8</ele>
    <time>2025-09-12T09:39:36Z</time>
   </trkpt>
   <trkpt lat="50.6405550" lon="6.2462170">
    <ele>519.1</ele>
    <time>2025-09-12T09:39:39Z</time>
   </trkpt>
   <trkpt lat="50.6405290" lon="6.2463580">
    <ele>519.3</ele>
    <time>2025-09-12T09:39:41Z</time>
   </trkpt>
   <trkpt lat="50.6405130" lon="6.2465010">
    <ele>519.4</ele>
    <time>2025-09-12T09:39:43Z</time>
   </trkpt>
   <trkpt lat="50.6404690" lon="6.2469490">
    <ele>519.9</ele>
    <time>2025-09-12T09:39:49Z</time>
   </trkpt>
   <trkpt lat="50.6404630" lon="6.2470220">
    <ele>520.0</ele>
    <time>2025-09-12T09:39:50Z</time>
   </trkpt>
   <trkpt lat="50.6404540" lon="6.2471760">
    <ele>520.2</ele>
    <time>2025-09-12T09:39:52Z</time>
   </trkpt>
   <trkpt lat="50.6404300" lon="6.2474770">
    <ele>520.5</ele>
    <time>2025-09-12T09:39:56Z</time>
   </trkpt>
   <trkpt lat="50.6404160" lon="6.2476290">
    <ele>520.7</ele>
    <time>2025-09-12T09:39:58Z</time>
   </trkpt>
   <trkpt lat="50.6404010" lon="6.2479340">
    <ele>521.1</ele>
    <time>2025-09-12T09:40:02Z</time>
   </trkpt>
   <trkpt lat="50.6404320" lon="6.2483140">
    <ele>521.5</ele>
    <time>2025-09-12T09:40:07Z</time>
   </trkpt>
   <trkpt lat="50.6404370" lon="6.2483880">
    <ele>521.6</ele>
    <time>2025-09-12T09:40:08Z</time>
   </trkpt>
   <trkpt lat="50.6404770" lon="6.2488980">
    <ele>522.2</ele>
    <time>2025-09-12T09:40:15Z</time>
   </trkpt>
   <trkpt lat="50.6405570" lon="6.2494170">
    <ele>522.9</ele>
    <time>2025-09-12T09:40:22Z</time>
   </trkpt>
   <trkpt lat="50.6405700" lon="6.2494910">
    <ele>523.0</ele>
    <time>2025-09-12T09:40:23Z</time>
   </trkpt>
   <trkpt lat="50.6405980" lon="6.2496370">
    <ele>523.2</ele>
    <time>2025-09-12T09:40:25Z</time>
   </trkpt>
   <trkpt lat="50.6406260" lon="6.2497750">
    <ele>523.4</ele>
    <time>2025-09-12T09:40:27Z</time>
   </trkpt>
   <trkpt lat="50.6406580" lon="6.2500470">
    <ele>523.7</ele>
    <time>2025-09-12T09:40:31Z</time>
   </trkpt>
   <trkpt lat="50.6406870" lon="6.2501900">
    <ele>523.9</ele>
    <time>2025-09-12T09:40:33Z</time>
   </trkpt>
   <trkpt lat="50.6407640" lon="6.2506150">
    <ele>524.5</ele>
    <time>2025-09-12T09:40:39Z</time>
   </trkpt>
   <trkpt lat="50.6408040" lon="6.2508220">
    <ele>524.8</ele>
    <time>2025-09-12T09:40:42Z</time>
   </trkpt>
   <trkpt lat="50.6408100" lon="6.2508950">
    <ele>524.9</ele>
    <time>2025-09-12T09:40:43Z</time>
   </trkpt>
   <trkpt lat="50.6408120" lon="6.2509680">
    <ele>525.1</ele>
    <time>2025-09-12T09:40:44Z</time>
   </trkpt>
   <trkpt lat="50.6408700" lon="6.2513390">
    <ele>525.6</ele>
    <time>2025-09-12T09:40:49Z</time>
   </trkpt>
   <trkpt lat="50.6409730" lon="6.2517910">
    <ele>525.8</ele>
    <time>2025-09-12T09:40:55Z</time>
   </trkpt>
   <trkpt lat="50.6409820" lon="6.2518650">
    <ele>525.9</ele>
    <time>2025-09-12T09:40:56Z</time>
   </trkpt>
   <trkpt lat="50.6409930" lon="6.2519410">
    <ele>526.0</ele>
    <time>2025-09-12T09:40:57Z</time>
   </trkpt>
   <trkpt lat="50.6410710" lon="6.2523250">
    <ele>526.4</ele>
    <time>2025-09-12T09:41:02Z</time>
   </trkpt>
   <trkpt lat="50.6411700" lon="6.2528760">
    <ele>526.9</ele>
    <time>2025-09-12T09:41:09Z</time>
   </trkpt>
   <trkpt lat="50.6412700" lon="6.2534330">
    <ele>527.5</ele>
    <time>2025-09-12T09:41:16Z</time>
   </trkpt>
   <trkpt lat="50.6413000" lon="6.2536720">
    <ele>527.8</ele>
    <time>2025-09-12T09:41:19Z</time>
   </trkpt>
   <trkpt lat="50.6413270" lon="6.2539800">
    <ele>528.1</ele>
    <time>2025-09-12T09:41:23Z</time>
   </trkpt>
   <trkpt lat="50.6413340" lon="6.2541360">
    <ele>528.3</ele>
    <time>2025-09-12T09:41:25Z</time>
   </trkpt>
   <trkpt lat="50.6413790" lon="6.2544500">
    <ele>528.7</ele>
    <time>2025-09-12T09:41:29Z</time>
   </trkpt>
   <trkpt lat="50.6414430" lon="6.2550010">
    <ele>529.3</ele>
    <time>2025-09-12T09:41:36Z</time>
   </trkpt>
   <trkpt lat="50.6414600" lon="6.2551530">
    <ele>529.4</ele>
    <time>2025-09-12T09:41:38Z</time>
   </trkpt>
   <trkpt lat="50.6414840" lon="6.2553040">
    <ele>529.6</ele>
    <time>2025-09-12T09:41:40Z</time>
   </trkpt>
   <trkpt lat="50.6415040" lon="6.2554580">
    <ele>529.8</ele>
    <time>2025-09-12T09:41:42Z</time>
   </trkpt>
   <trkpt lat="50.6415670" lon="6.2559770">
    <ele>530.5</ele>
    <time>2025-09-12T09:41:49Z</time>
   </trkpt>
   <trkpt lat="50.6415770" lon="6.2560500">
    <ele>530.6</ele>
    <time>2025-09-12T09:41:50Z</time>
   </trkpt>
   <trkpt lat="50.6416290" lon="6.2563400">
    <ele>530.9</ele>
    <time>2025-09-12T09:41:54Z</time>
   </trkpt>
   <trkpt lat="50.6417440" lon="6.2568630">
    <ele>531.5</ele>
    <time>2025-09-12T09:42:01Z</time>
   </trkpt>
   <trkpt lat="50.6418290" lon="6.2571680">
    <ele>531.9</ele>
    <time>2025-09-12T09:42:05Z</time>
   </trkpt>
   <trkpt lat="50.6418670" lon="6.2573170">
    <ele>532.1</ele>
    <time>2025-09-12T09:42:07Z</time>
   </trkpt>
   <trkpt lat="50.6420330" lon="6.2578280">
    <ele>532.8</ele>
    <time>2025-09-12T09:42:14Z</time>
   </trkpt>
   <trkpt lat="50.6422030" lon="6.2582620">
    <ele>533.5</ele>
    <time>2025-09-12T09:42:20Z</time>
   </trkpt>
   <trkpt lat="50.6422280" lon="6.2583330">
    <ele>533.6</ele>
    <time>2025-09-12T09:42:21Z</time>
   </trkpt>
   <trkpt lat="50.6423870" lon="6.2587750">
    <ele>534.3</ele>
    <time>2025-09-12T09:42:27Z</time>
   </trkpt>
   <trkpt lat="50.6424130" lon="6.2588470">
    <ele>534.4</ele>
    <time>2025-09-12T09:42:28Z</time>
   </trkpt>
   <trkpt lat="50.6424630" lon="6.2589830">
    <ele>534.5</ele>
    <time>2025-09-12T09:42:30Z</time>
   </trkpt>
   <trkpt lat="50.6425350" lon="6.2591960">
    <ele>534.8</ele>
    <time>2025-09-12T09:42:33Z</time>
   </trkpt>
   <trkpt lat="50.6425530" lon="6.2592710">
    <ele>534.9</ele>
    <time>2025-09-12T09:42:34Z</time>
   </trkpt>
   <trkpt lat="50.6426110" lon="6.2594820">
    <ele>535.1</ele>
    <time>2025-09-12T09:42:37Z</time>
   </trkpt>
   <trkpt lat="50.6426350" lon="6.2595500">
    <ele>535.2</ele>
    <time>2025-09-12T09:42:38Z</time>
   </trkpt>
   <trkpt lat="50.6426980" lon="6.2596890">
    <ele>535.5</ele>
    <time>2025-09-12T09:42:40Z</time>
   </trkpt>
   <trkpt lat="50.6427370" lon="6.2597570">
    <ele>535.6</ele>
    <time>2025-09-12T09:42:41Z</time>
   </trkpt>
   <trkpt lat="50.6427710" lon="6.2598260">
    <ele>535.7</ele>
    <time>2025-09-12T09:42:42Z</time>
   </trkpt>
   <trkpt lat="50.6429210" lon="6.2601770">
    <ele>536.2</ele>
    <time>2025-09-12T09:42:47Z</time>
   </trkpt>
   <trkpt lat="50.6429710" lon="6.2603940">
    <ele>536.5</ele>
    <time>2025-09-12T09:42:50Z</time>
   </trkpt>
   <trkpt lat="50.6429910" lon="6.2604690">
    <ele>536.6</ele>
    <time>2025-09-12T09:42:51Z</time>
   </trkpt>
   <trkpt lat="50.6430090" lon="6.2605440">
    <ele>536.7</ele>
    <time>2025-09-12T09:42:52Z</time>
   </trkpt>
   <trkpt lat="50.6430530" lon="6.2607480">
    <ele>536.9</ele>
    <time>2025-09-12T09:42:55Z</time>
   </trkpt>
   <trkpt lat="50.6430740" lon="6.2609830">
    <ele>537.3</ele>
    <time>2025-09-12T09:42:59Z</time>
   </trkpt>
   <trkpt lat="50.6430750" lon="6.2611710">
    <ele>537.5</ele>
    <time>2025-09-12T09:43:02Z</time>
   </trkpt>
   <trkpt lat="50.6430770" lon="6.2612390">
    <ele>537.5</ele>
    <time>2025-09-12T09:43:03Z</time>
   </trkpt>
   <trkpt lat="50.6430830" lon="6.2618120">
    <ele>538.2</ele>
    <time>2025-09-12T09:43:11Z</time>
   </trkpt>
   <trkpt lat="50.6430900" lon="6.2621180">
    <ele>538.5</ele>
    <time>2025-09-12T09:43:15Z</time>
   </trkpt>
   <trkpt lat="50.6431060" lon="6.2623540">
    <ele>538.8</ele>
    <time>2025-09-12T09:43:18Z</time>
   </trkpt>
   <trkpt lat="50.6431010" lon="6.2624310">
    <ele>538.9</ele>
    <time>2025-09-12T09:43:19Z</time>
   </trkpt>
   <trkpt lat="50.6430800" lon="6.2626630">
    <ele>539.1</ele>
    <time>2025-09-12T09:43:22Z</time>
   </trkpt>
   <trkpt lat="50.6430650" lon="6.2628130">
    <ele>539.3</ele>
    <time>2025-09-12T09:43:24Z</time>
   </trkpt>
   <trkpt lat="50.6430690" lon="6.2630250">
    <ele>539.5</ele>
    <time>2025-09-12T09:43:27Z</time>
   </trkpt>
   <trkpt lat="50.6430560" lon="6.2631570">
    <ele>539.6</ele>
    <time>2025-09-12T09:43:29Z</time>
   </trkpt>
   <trkpt lat="50.6430420" lon="6.2632890">
    <ele>539.8</ele>
    <time>2025-09-12T09:43:31Z</time>
   </trkpt>
   <trkpt lat="50.6430100" lon="6.2635630">
    <ele>540.1</ele>
    <time>2025-09-12T09:43:35Z</time>
   </trkpt>
   <trkpt lat="50.6429950" lon="6.2637020">
    <ele>540.3</ele>
    <time>2025-09-12T09:43:37Z</time>
   </trkpt>
   <trkpt lat="50.6429560" lon="6.2639670">
    <ele>540.6</ele>
    <time>2025-09-12T09:43:41Z</time>
   </trkpt>
   <trkpt lat="50.6429120" lon="6.2642030">
    <ele>540.9</ele>
    <time>2025-09-12T09:43:45Z</time>
   </trkpt>
   <trkpt lat="50.6428960" lon="6.2642640">
    <ele>541.0</ele>
    <time>2025-09-12T09:43:46Z</time>
   </trkpt>
   <trkpt lat="50.6428410" lon="6.2644930">
    <ele>541.3</ele>
    <time>2025-09-12T09:43:50Z</time>
   </trkpt>
   <trkpt lat="50.6427370" lon="6.2648230">
    <ele>541.7</ele>
    <time>2025-09-12T09:43:56Z</time>
   </trkpt>
   <trkpt lat="50.6426200" lon="6.2651380">
    <ele>542.0</ele>
    <time>2025-09-12T09:44:02Z</time>
   </trkpt>
   <trkpt lat="50.6425120" lon="6.2653850">
    <ele>542.4</ele>
    <time>2025-09-12T09:44:07Z</time>
   </trkpt>
   <trkpt lat="50.6423850" lon="6.2655930">
    <ele>542.7</ele>
    <time>2025-09-12T09:44:11Z</time>
   </trkpt>
   <trkpt lat="50.6423620" lon="6.2656470">
    <ele>542.8</ele>
    <time>2025-09-12T09:44:12Z</time>
   </trkpt>
   <trkpt lat="50.6423330" lon="6.2656940">
    <ele>542.8</ele>
    <time>2025-09-12T09:44:13Z</time>
   </trkpt>
   <trkpt lat="50.6422080" lon="6.2658630">
    <ele>543.1</ele>
    <time>2025-09-12T09:44:16Z</time>
   </trkpt>
   <trkpt lat="50.6419310" lon="6.2661760">
    <ele>543.9</ele>
    <time>2025-09-12T09:44:22Z</time>
   </trkpt>
   <trkpt lat="50.6417410" lon="6.2663840">
    <ele>544.3</ele>
    <time>2025-09-12T09:44:27Z</time>
   </trkpt>
   <trkpt lat="50.6416680" lon="6.2664570">
    <ele>544.5</ele>
    <time>2025-09-12T09:44:29Z</time>
   </trkpt>
   <trkpt lat="50.6415870" lon="6.2665250">
    <ele>544.6</ele>
    <time>2025-09-12T09:44:31Z</time>
   </trkpt>
   <trkpt lat="50.6413400" lon="6.2667080">
    <ele>545.1</ele>
    <time>2025-09-12T09:44:37Z</time>
   </trkpt>
   <trkpt lat="50.6410900" lon="6.2668670">
    <ele>545.6</ele>
    <time>2025-09-12T09:44:43Z</time>
   </trkpt>
   <trkpt lat="50.6408270" lon="6.2670180">
    <ele>546.1</ele>
    <time>2025-09-12T09:44:49Z</time>
   </trkpt>
   <trkpt lat="50.6406660" lon="6.2671090">
    <ele>546.4</ele>
    <time>2025-09-12T09:44:53Z</time>
   </trkpt>
   <trkpt lat="50.6406220" lon="6.2671360">
    <ele>546.4</ele>
    <time>2025-09-12T09:44:54Z</time>
   </trkpt>
   <trkpt lat="50.6404180" lon="6.2672680">
    <ele>546.7</ele>
    <time>2025-09-12T09:44:59Z</time>
   </trkpt>
   <trkpt lat="50.6401260" lon="6.2674340">
    <ele>547.2</ele>
    <time>2025-09-12T09:45:06Z</time>
   </trkpt>
   <trkpt lat="50.6398750" lon="6.2675750">
    <ele>547.6</ele>
    <time>2025-09-12T09:45:12Z</time>
   </trkpt>
   <trkpt lat="50.6396750" lon="6.2676960">
    <ele>547.9</ele>
    <time>2025-09-12T09:45:17Z</time>
   </trkpt>
   <trkpt lat="50.6394370" lon="6.2678410">
    <ele>548.4</ele>
    <time>2025-09-12T09:45:23Z</time>
   </trkpt>
   <trkpt lat="50.6393450" lon="6.2679000">
    <ele>548.7</ele>
    <time>2025-09-12T09:45:26Z</time>
   </trkpt>
   <trkpt lat="50.6392300" lon="6.2679580">
    <ele>549.0</ele>
    <time>2025-09-12T09:45:31Z</time>
   </trkpt>
   <trkpt lat="50.6392220" lon="6.2679590">
    <ele>549.0</ele>
    <time>2025-09-12T09:45:32Z</time>
   </trkpt>
   <trkpt lat="50.6391900" lon="6.2679790">
    <ele>549.1</ele>
    <time>2025-09-12T09:45:41Z</time>
   </trkpt>
   <trkpt lat="50.6391350" lon="6.2680100">
    <ele>549.1</ele>
    <time>2025-09-12T09:45:44Z</time>
   </trkpt>
   <trkpt lat="50.6389960" lon="6.2680830">
    <ele>549.0</ele>
    <time>2025-09-12T09:45:49Z</time>
   </trkpt>
   <trkpt lat="50.6387140" lon="6.2682300">
    <ele>548.9</ele>
    <time>2025-09-12T09:45:56Z</time>
   </trkpt>
   <trkpt lat="50.6383290" lon="6.2684600">
    <ele>549.0</ele>
    <time>2025-09-12T09:46:04Z</time>
   </trkpt>
   <trkpt lat="50.6379690" lon="6.2686760">
    <ele>549.3</ele>
    <time>2025-09-12T09:46:11Z</time>
   </trkpt>
   <trkpt lat="50.6375040" lon="6.2690150">
    <ele>549.8</ele>
    <time>2025-09-12T09:46:20Z</time>
   </trkpt>
   <trkpt lat="50.6370940" lon="6.2692820">
    <ele>550.1</ele>
    <time>2025-09-12T09:46:28Z</time>
   </trkpt>
   <trkpt lat="50.6366440" lon="6.2695560">
    <ele>550.5</ele>
    <time>2025-09-12T09:46:37Z</time>
   </trkpt>
   <trkpt lat="50.6362460" lon="6.2698210">
    <ele>550.5</ele>
    <time>2025-09-12T09:46:45Z</time>
   </trkpt>
   <trkpt lat="50.6358000" lon="6.2700920">
    <ele>550.6</ele>
    <time>2025-09-12T09:46:53Z</time>
   </trkpt>
   <trkpt lat="50.6352570" lon="6.2704360">
    <ele>550.7</ele>
    <time>2025-09-12T09:47:03Z</time>
   </trkpt>
   <trkpt lat="50.6347660" lon="6.2707430">
    <ele>550.8</ele>
    <time>2025-09-12T09:47:12Z</time>
   </trkpt>
   <trkpt lat="50.6343240" lon="6.2710230">
    <ele>550.9</ele>
    <time>2025-09-12T09:47:20Z</time>
   </trkpt>
   <trkpt lat="50.6339590" lon="6.2712600">
    <ele>550.9</ele>
    <time>2025-09-12T09:47:27Z</time>
   </trkpt>
   <trkpt lat="50.6335490" lon="6.2715210">
    <ele>551.1</ele>
    <time>2025-09-12T09:47:35Z</time>
   </trkpt>
   <trkpt lat="50.6331900" lon="6.2717510">
    <ele>551.3</ele>
    <time>2025-09-12T09:47:43Z</time>
   </trkpt>
   <trkpt lat="50.6331000" lon="6.2718130">
    <ele>551.3</ele>
    <time>2025-09-12T09:47:47Z</time>
   </trkpt>
   <trkpt lat="50.6330940" lon="6.2718160">
    <ele>551.3</ele>
    <time>2025-09-12T09:47:48Z</time>
   </trkpt>
   <trkpt lat="50.6315070" lon="6.2797780">
    <ele>541.6</ele>
    <time>2025-09-12T10:00:09Z</time>
   </trkpt>
   <trkpt lat="50.6315070" lon="6.2797780">
    <ele>541.6</ele>
    <time>2025-09-12T10:00:10Z</time>
   </trkpt>
   <trkpt lat="50.6315550" lon="6.2794560">
    <ele>541.5</ele>
    <time>2025-09-12T10:35:50Z</time>
   </trkpt>
   <trkpt lat="50.6315460" lon="6.2794320">
    <ele>541.5</ele>
    <time>2025-09-12T10:35:51Z</time>
   </trkpt>
   <trkpt lat="50.6315330" lon="6.2793780">
    <ele>541.5</ele>
    <time>2025-09-12T10:35:53Z</time>
   </trkpt>
   <trkpt lat="50.6315530" lon="6.2793180">
    <ele>541.4</ele>
    <time>2025-09-12T10:35:55Z</time>
   </trkpt>
   <trkpt lat="50.6315910" lon="6.2792590">
    <ele>541.2</ele>
    <time>2025-09-12T10:35:57Z</time>
   </trkpt>
   <trkpt lat="50.6315950" lon="6.2791700">
    <ele>541.2</ele>
    <time>2025-09-12T10:35:59Z</time>
   </trkpt>
   <trkpt lat="50.6314860" lon="6.2789920">
    <ele>541.8</ele>
    <time>2025-09-12T10:36:04Z</time>
   </trkpt>
   <trkpt lat="50.6312830" lon="6.2787410">
    <ele>542.4</ele>
    <time>2025-09-12T10:36:11Z</time>
   </trkpt>
   <trkpt lat="50.6311140" lon="6.2784770">
    <ele>542.5</ele>
    <time>2025-09-12T10:36:17Z</time>
   </trkpt>
   <trkpt lat="50.6310910" lon="6.2784240">
    <ele>542.6</ele>
    <time>2025-09-12T10:36:18Z</time>
   </trkpt>
   <trkpt lat="50.6309970" lon="6.2781370">
    <ele>542.8</ele>
    <time>2025-09-12T10:36:23Z</time>
   </trkpt>
   <trkpt lat="50.6308710" lon="6.2777230">
    <ele>543.3</ele>
    <time>2025-09-12T10:36:30Z</time>
   </trkpt>
   <trkpt lat="50.6307350" lon="6.2773430">
    <ele>544.0</ele>
    <time>2025-09-12T10:36:37Z</time>
   </trkpt>
   <trkpt lat="50.6305700" lon="6.2770170">
    <ele>544.8</ele>
    <time>2025-09-12T10:36:44Z</time>
   </trkpt>
   <trkpt lat="50.6303880" lon="6.2767030">
    <ele>545.5</ele>
    <time>2025-09-12T10:36:51Z</time>
   </trkpt>
   <trkpt lat="50.6302880" lon="6.2764630">
    <ele>546.1</ele>
    <time>2025-09-12T10:36:56Z</time>
   </trkpt>
   <trkpt lat="50.6302040" lon="6.2762310">
    <ele>546.7</ele>
    <time>2025-09-12T10:37:01Z</time>
   </trkpt>
   <trkpt lat="50.6301660" lon="6.2759670">
    <ele>547.1</ele>
    <time>2025-09-12T10:37:07Z</time>
   </trkpt>
   <trkpt lat="50.6301660" lon="6.2758750">
    <ele>547.3</ele>
    <time>2025-09-12T10:37:09Z</time>
   </trkpt>
   <trkpt lat="50.6301290" lon="6.2758290">
    <ele>547.3</ele>
    <time>2025-09-12T10:37:11Z</time>
   </trkpt>
   <trkpt lat="50.6301040" lon="6.2758340">
    <ele>547.2</ele>
    <time>2025-09-12T10:37:12Z</time>
   </trkpt>
   <trkpt lat="50.6300330" lon="6.2759110">
    <ele>547.2</ele>
    <time>2025-09-12T10:37:15Z</time>
   </trkpt>
   <trkpt lat="50.6298870" lon="6.2759410">
    <ele>547.1</ele>
    <time>2025-09-12T10:37:19Z</time>
   </trkpt>
   <trkpt lat="50.6296710" lon="6.2757980">
    <ele>547.0</ele>
    <time>2025-09-12T10:37:25Z</time>
   </trkpt>
   <trkpt lat="50.6294750" lon="6.2756550">
    <ele>546.8</ele>
    <time>2025-09-12T10:37:30Z</time>
   </trkpt>
   <trkpt lat="50.6294010" lon="6.2755740">
    <ele>546.8</ele>
    <time>2025-09-12T10:37:32Z</time>
   </trkpt>
   <trkpt lat="50.6293270" lon="6.2754840">
    <ele>546.7</ele>
    <time>2025-09-12T10:37:34Z</time>
   </trkpt>
   <trkpt lat="50.6291500" lon="6.2752230">
    <ele>546.9</ele>
    <time>2025-09-12T10:37:39Z</time>
   </trkpt>
   <trkpt lat="50.6288690" lon="6.2748080">
    <ele>547.7</ele>
    <time>2025-09-12T10:37:47Z</time>
   </trkpt>
   <trkpt lat="50.6288370" lon="6.2747550">
    <ele>547.8</ele>
    <time>2025-09-12T10:37:48Z</time>
   </trkpt>
   <trkpt lat="50.6288070" lon="6.2747010">
    <ele>547.9</ele>
    <time>2025-09-12T10:37:49Z</time>
   </trkpt>
   <trkpt lat="50.6285790" lon="6.2743710">
    <ele>548.7</ele>
    <time>2025-09-12T10:37:56Z</time>
   </trkpt>
   <trkpt lat="50.6283540" lon="6.2740680">
    <ele>549.4</ele>
    <time>2025-09-12T10:38:03Z</time>
   </trkpt>
   <trkpt lat="50.6280980" lon="6.2737290">
    <ele>550.0</ele>
    <time>2025-09-12T10:38:11Z</time>
   </trkpt>
   <trkpt lat="50.6278720" lon="6.2732960">
    <ele>550.3</ele>
    <time>2025-09-12T10:38:19Z</time>
   </trkpt>
   <trkpt lat="50.6276810" lon="6.2729650">
    <ele>550.4</ele>
    <time>2025-09-12T10:38:25Z</time>
   </trkpt>
   <trkpt lat="50.6276100" lon="6.2728690">
    <ele>550.4</ele>
    <time>2025-09-12T10:38:27Z</time>
   </trkpt>
   <trkpt lat="50.6274440" lon="6.2726470">
    <ele>550.3</ele>
    <time>2025-09-12T10:38:32Z</time>
   </trkpt>
   <trkpt lat="50.6274010" lon="6.2725350">
    <ele>550.2</ele>
    <time>2025-09-12T10:38:34Z</time>
   </trkpt>
   <trkpt lat="50.6274080" lon="6.2724150">
    <ele>550.8</ele>
    <time>2025-09-12T10:38:36Z</time>
   </trkpt>
   <trkpt lat="50.6274310" lon="6.2723650">
    <ele>551.1</ele>
    <time>2025-09-12T10:38:37Z</time>
   </trkpt>
   <trkpt lat="50.6275140" lon="6.2722220">
    <ele>551.9</ele>
    <time>2025-09-12T10:38:41Z</time>
   </trkpt>
   <trkpt lat="50.6274580" lon="6.2720950">
    <ele>551.8</ele>
    <time>2025-09-12T10:38:44Z</time>
   </trkpt>
   <trkpt lat="50.6272840" lon="6.2717620">
    <ele>551.4</ele>
    <time>2025-09-12T10:38:50Z</time>
   </trkpt>
   <trkpt lat="50.6270180" lon="6.2712700">
    <ele>551.2</ele>
    <time>2025-09-12T10:38:58Z</time>
   </trkpt>
   <trkpt lat="50.6266480" lon="6.2706450">
    <ele>551.2</ele>
    <time>2025-09-12T10:39:08Z</time>
   </trkpt>
   <trkpt lat="50.6266100" lon="6.2705780">
    <ele>551.2</ele>
    <time>2025-09-12T10:39:09Z</time>
   </trkpt>
   <trkpt lat="50.6263090" lon="6.2701580">
    <ele>551.2</ele>
    <time>2025-09-12T10:39:16Z</time>
   </trkpt>
   <trkpt lat="50.6259030" lon="6.2697600">
    <ele>551.4</ele>
    <time>2025-09-12T10:39:24Z</time>
   </trkpt>
   <trkpt lat="50.6254610" lon="6.2694950">
    <ele>551.6</ele>
    <time>2025-09-12T10:39:32Z</time>
   </trkpt>
   <trkpt lat="50.6251170" lon="6.2693570">
    <ele>551.7</ele>
    <time>2025-09-12T10:39:38Z</time>
   </trkpt>
   <trkpt lat="50.6246360" lon="6.2693050">
    <ele>551.6</ele>
    <time>2025-09-12T10:39:46Z</time>
   </trkpt>
   <trkpt lat="50.6240960" lon="6.2693140">
    <ele>551.6</ele>
    <time>2025-09-12T10:39:55Z</time>
   </trkpt>
   <trkpt lat="50.6240330" lon="6.2693160">
    <ele>551.6</ele>
    <time>2025-09-12T10:39:56Z</time>
   </trkpt>
   <trkpt lat="50.6234660" lon="6.2693250">
    <ele>551.6</ele>
    <time>2025-09-12T10:40:05Z</time>
   </trkpt>
   <trkpt lat="50.6228840" lon="6.2693400">
    <ele>551.3</ele>
    <time>2025-09-12T10:40:14Z</time>
   </trkpt>
   <trkpt lat="50.6225030" lon="6.2693510">
    <ele>551.4</ele>
    <time>2025-09-12T10:40:20Z</time>
   </trkpt>
   <trkpt lat="50.6221180" lon="6.2693410">
    <ele>551.3</ele>
    <time>2025-09-12T10:40:26Z</time>
   </trkpt>
   <trkpt lat="50.6216560" lon="6.2693580">
    <ele>551.2</ele>
    <time>2025-09-12T10:40:33Z</time>
   </trkpt>
   <trkpt lat="50.6211120" lon="6.2693700">
    <ele>551.2</ele>
    <time>2025-09-12T10:40:41Z</time>
   </trkpt>
   <trkpt lat="50.6210430" lon="6.2693680">
    <ele>551.2</ele>
    <time>2025-09-12T10:40:42Z</time>
   </trkpt>
   <trkpt lat="50.6204440" lon="6.2692950">
    <ele>551.4</ele>
    <time>2025-09-12T10:40:51Z</time>
   </trkpt>
   <trkpt lat="50.6199980" lon="6.2691830">
    <ele>551.5</ele>
    <time>2025-09-12T10:40:58Z</time>
   </trkpt>
   <trkpt lat="50.6195860" lon="6.2690600">
    <ele>551.5</ele>
    <time>2025-09-12T10:41:04Z</time>
   </trkpt>
   <trkpt lat="50.6191190" lon="6.2688390">
    <ele>551.6</ele>
    <time>2025-09-12T10:41:11Z</time>
   </trkpt>
   <trkpt lat="50.6185980" lon="6.2685380">
    <ele>551.6</ele>
    <time>2025-09-12T10:41:19Z</time>
   </trkpt>
   <trkpt lat="50.6185350" lon="6.2684960">
    <ele>551.6</ele>
    <time>2025-09-12T10:41:20Z</time>
   </trkpt>
   <trkpt lat="50.6180370" lon="6.2681270">
    <ele>551.5</ele>
    <time>2025-09-12T10:41:28Z</time>
   </trkpt>
   <trkpt lat="50.6175650" lon="6.2676990">
    <ele>551.4</ele>
    <time>2025-09-12T10:41:36Z</time>
   </trkpt>
   <trkpt lat="50.6174440" lon="6.2675860">
    <ele>551.4</ele>
    <time>2025-09-12T10:41:38Z</time>
   </trkpt>
   <trkpt lat="50.6169380" lon="6.2670890">
    <ele>551.4</ele>
    <time>2025-09-12T10:41:47Z</time>
   </trkpt>
   <trkpt lat="50.6164420" lon="6.2665950">
    <ele>551.4</ele>
    <time>2025-09-12T10:41:56Z</time>
   </trkpt>
   <trkpt lat="50.6159390" lon="6.2660930">
    <ele>551.4</ele>
    <time>2025-09-12T10:42:05Z</time>
   </trkpt>
   <trkpt lat="50.6154920" lon="6.2656380">
    <ele>551.3</ele>
    <time>2025-09-12T10:42:13Z</time>
   </trkpt>
   <trkpt lat="50.6154370" lon="6.2655790">
    <ele>551.3</ele>
    <time>2025-09-12T10:42:14Z</time>
   </trkpt>
   <trkpt lat="50.6151460" lon="6.2653130">
    <ele>551.4</ele>
    <time>2025-09-12T10:42:19Z</time>
   </trkpt>
   <trkpt lat="50.6146900" lon="6.2648600">
    <ele>551.4</ele>
    <time>2025-09-12T10:42:27Z</time>
   </trkpt>
   <trkpt lat="50.6145800" lon="6.2647450">
    <ele>551.4</ele>
    <time>2025-09-12T10:42:29Z</time>
   </trkpt>
   <trkpt lat="50.6141230" lon="6.2642860">
    <ele>551.3</ele>
    <time>2025-09-12T10:42:37Z</time>
   </trkpt>
   <trkpt lat="50.6140670" lon="6.2642270">
    <ele>551.3</ele>
    <time>2025-09-12T10:42:38Z</time>
   </trkpt>
   <trkpt lat="50.6135630" lon="6.2637210">
    <ele>551.4</ele>
    <time>2025-09-12T10:42:47Z</time>
   </trkpt>
   <trkpt lat="50.6135080" lon="6.2636670">
    <ele>551.4</ele>
    <time>2025-09-12T10:42:48Z</time>
   </trkpt>
   <trkpt lat="50.6131230" lon="6.2632910">
    <ele>551.4</ele>
    <time>2025-09-12T10:42:55Z</time>
   </trkpt>
   <trkpt lat="50.6126290" lon="6.2627940">
    <ele>551.4</ele>
    <time>2025-09-12T10:43:04Z</time>
   </trkpt>
   <trkpt lat="50.6125760" lon="6.2627390">
    <ele>551.4</ele>
    <time>2025-09-12T10:43:05Z</time>
   </trkpt>
   <trkpt lat="50.6121420" lon="6.2623030">
    <ele>551.5</ele>
    <time>2025-09-12T10:43:13Z</time>
   </trkpt>
   <trkpt lat="50.6116660" lon="6.2618200">
    <ele>551.6</ele>
    <time>2025-09-12T10:43:22Z</time>
   </trkpt>
   <trkpt lat="50.6115570" lon="6.2617150">
    <ele>551.7</ele>
    <time>2025-09-12T10:43:24Z</time>
   </trkpt>
   <trkpt lat="50.6114520" lon="6.2616060">
    <ele>551.7</ele>
    <time>2025-09-12T10:43:26Z</time>
   </trkpt>
   <trkpt lat="50.6113000" lon="6.2614300">
    <ele>551.6</ele>
    <time>2025-09-12T10:43:29Z</time>
   </trkpt>
   <trkpt lat="50.6107980" lon="6.2609250">
    <ele>551.7</ele>
    <time>2025-09-12T10:43:38Z</time>
   </trkpt>
   <trkpt lat="50.6106900" lon="6.2608060">
    <ele>551.7</ele>
    <time>2025-09-12T10:43:40Z</time>
   </trkpt>
   <trkpt lat="50.6102230" lon="6.2602180">
    <ele>551.9</ele>
    <time>2025-09-12T10:43:49Z</time>
   </trkpt>
   <trkpt lat="50.6097890" lon="6.2595910">
    <ele>551.9</ele>
    <time>2025-09-12T10:43:58Z</time>
   </trkpt>
   <trkpt lat="50.6097410" lon="6.2595190">
    <ele>551.9</ele>
    <time>2025-09-12T10:43:59Z</time>
   </trkpt>
   <trkpt lat="50.6093690" lon="6.2589040">
    <ele>551.8</ele>
    <time>2025-09-12T10:44:07Z</time>
   </trkpt>
   <trkpt lat="50.6089810" lon="6.2581820">
    <ele>551.7</ele>
    <time>2025-09-12T10:44:16Z</time>
   </trkpt>
   <trkpt lat="50.6086020" lon="6.2574970">
    <ele>551.6</ele>
    <time>2025-09-12T10:44:25Z</time>
   </trkpt>
   <trkpt lat="50.6083090" lon="6.2569440">
    <ele>551.5</ele>
    <time>2025-09-12T10:44:32Z</time>
   </trkpt>
   <trkpt lat="50.6079500" lon="6.2563040">
    <ele>551.5</ele>
    <time>2025-09-12T10:44:40Z</time>
   </trkpt>
   <trkpt lat="50.6078610" lon="6.2561450">
    <ele>551.5</ele>
    <time>2025-09-12T10:44:42Z</time>
   </trkpt>
   <trkpt lat="50.6075230" lon="6.2554720">
    <ele>551.4</ele>
    <time>2025-09-12T10:44:50Z</time>
   </trkpt>
   <trkpt lat="50.6074820" lon="6.2553840">
    <ele>551.5</ele>
    <time>2025-09-12T10:44:51Z</time>
   </trkpt>
   <trkpt lat="50.6071340" lon="6.2546090">
    <ele>551.5</ele>
    <time>2025-09-12T10:45:00Z</time>
   </trkpt>
   <trkpt lat="50.6068520" lon="6.2539150">
    <ele>551.4</ele>
    <time>2025-09-12T10:45:08Z</time>
   </trkpt>
   <trkpt lat="50.6065940" lon="6.2531810">
    <ele>551.4</ele>
    <time>2025-09-12T10:45:16Z</time>
   </trkpt>
   <trkpt lat="50.6063860" lon="6.2525370">
    <ele>551.4</ele>
    <time>2025-09-12T10:45:23Z</time>
   </trkpt>
   <trkpt lat="50.6061730" lon="6.2519000">
    <ele>551.4</ele>
    <time>2025-09-12T10:45:30Z</time>
   </trkpt>
   <trkpt lat="50.6059170" lon="6.2511100">
    <ele>551.6</ele>
    <time>2025-09-12T10:45:39Z</time>
   </trkpt>
   <trkpt lat="50.6056650" lon="6.2503420">
    <ele>551.7</ele>
    <time>2025-09-12T10:45:48Z</time>
   </trkpt>
   <trkpt lat="50.6053960" lon="6.2495320">
    <ele>551.7</ele>
    <time>2025-09-12T10:45:57Z</time>
   </trkpt>
   <trkpt lat="50.6053610" lon="6.2494420">
    <ele>551.7</ele>
    <time>2025-09-12T10:45:58Z</time>
   </trkpt>
   <trkpt lat="50.6050890" lon="6.2488410">
    <ele>551.6</ele>
    <time>2025-09-12T10:46:05Z</time>
   </trkpt>
   <trkpt lat="50.6047640" lon="6.2483420">
    <ele>551.7</ele>
    <time>2025-09-12T10:46:12Z</time>
   </trkpt>
   <trkpt lat="50.6043960" lon="6.2479370">
    <ele>551.8</ele>
    <time>2025-09-12T10:46:19Z</time>
   </trkpt>
   <trkpt lat="50.6039840" lon="6.2476600">
    <ele>551.7</ele>
    <time>2025-09-12T10:46:26Z</time>
   </trkpt>
   <trkpt lat="50.6036050" lon="6.2474860">
    <ele>551.7</ele>
    <time>2025-09-12T10:46:33Z</time>
   </trkpt>
   <trkpt lat="50.6033780" lon="6.2474370">
    <ele>552.1</ele>
    <time>2025-09-12T10:46:38Z</time>
   </trkpt>
   <trkpt lat="50.6033460" lon="6.2474210">
    <ele>552.1</ele>
    <time>2025-09-12T10:46:39Z</time>
   </trkpt>
   <trkpt lat="50.6033140" lon="6.2473490">
    <ele>552.2</ele>
    <time>2025-09-12T10:46:41Z</time>
   </trkpt>
   <trkpt lat="50.6033470" lon="6.2472620">
    <ele>552.2</ele>
    <time>2025-09-12T10:46:44Z</time>
   </trkpt>
   <trkpt lat="50.6032940" lon="6.2472160">
    <ele>552.1</ele>
    <time>2025-09-12T10:46:47Z</time>
   </trkpt>
   <trkpt lat="50.6031440" lon="6.2473140">
    <ele>551.9</ele>
    <time>2025-09-12T10:46:51Z</time>
   </trkpt>
   <trkpt lat="50.6031000" lon="6.2473340">
    <ele>551.8</ele>
    <time>2025-09-12T10:46:52Z</time>
   </trkpt>
   <trkpt lat="50.6030010" lon="6.2473670">
    <ele>551.7</ele>
    <time>2025-09-12T10:46:54Z</time>
   </trkpt>
   <trkpt lat="50.6028370" lon="6.2473750">
    <ele>551.4</ele>
    <time>2025-09-12T10:46:57Z</time>
   </trkpt>
   <trkpt lat="50.6023910" lon="6.2474400">
    <ele>551.0</ele>
    <time>2025-09-12T10:47:05Z</time>
   </trkpt>
   <trkpt lat="50.6019550" lon="6.2475720">
    <ele>550.9</ele>
    <time>2025-09-12T10:47:13Z</time>
   </trkpt>
   <trkpt lat="50.6014200" lon="6.2477840">
    <ele>551.1</ele>
    <time>2025-09-12T10:47:22Z</time>
   </trkpt>
   <trkpt lat="50.6008690" lon="6.2480100">
    <ele>551.3</ele>
    <time>2025-09-12T10:47:31Z</time>
   </trkpt>
   <trkpt lat="50.6003100" lon="6.2482580">
    <ele>551.6</ele>
    <time>2025-09-12T10:47:40Z</time>
   </trkpt>
   <trkpt lat="50.6002460" lon="6.2482860">
    <ele>551.6</ele>
    <time>2025-09-12T10:47:41Z</time>
   </trkpt>
   <trkpt lat="50.5997520" lon="6.2485080">
    <ele>551.8</ele>
    <time>2025-09-12T10:47:49Z</time>
   </trkpt>
   <trkpt lat="50.5991970" lon="6.2487570">
    <ele>551.6</ele>
    <time>2025-09-12T10:47:58Z</time>
   </trkpt>
   <trkpt lat="50.5991370" lon="6.2487840">
    <ele>551.6</ele>
    <time>2025-09-12T10:47:59Z</time>
   </trkpt>
   <trkpt lat="50.5987570" lon="6.2489430">
    <ele>551.8</ele>
    <time>2025-09-12T10:48:06Z</time>
   </trkpt>
   <trkpt lat="50.5984520" lon="6.2489920">
    <ele>551.2</ele>
    <time>2025-09-12T10:48:11Z</time>
   </trkpt>
   <trkpt lat="50.5979120" lon="6.2489910">
    <ele>550.5</ele>
    <time>2025-09-12T10:48:19Z</time>
   </trkpt>
   <trkpt lat="50.5973730" lon="6.2488190">
    <ele>549.6</ele>
    <time>2025-09-12T10:48:27Z</time>
   </trkpt>
   <trkpt lat="50.5973080" lon="6.2487900">
    <ele>549.5</ele>
    <time>2025-09-12T10:48:28Z</time>
   </trkpt>
   <trkpt lat="50.5970460" lon="6.2486420">
    <ele>549.3</ele>
    <time>2025-09-12T10:48:32Z</time>
   </trkpt>
   <trkpt lat="50.5966150" lon="6.2483320">
    <ele>548.8</ele>
    <time>2025-09-12T10:48:39Z</time>
   </trkpt>
   <trkpt lat="50.5961230" lon="6.2479520">
    <ele>548.7</ele>
    <time>2025-09-12T10:48:47Z</time>
   </trkpt>
   <trkpt lat="50.5960080" lon="6.2478590">
    <ele>548.7</ele>
    <time>2025-09-12T10:48:49Z</time>
   </trkpt>
   <trkpt lat="50.5955790" lon="6.2475420">
    <ele>548.3</ele>
    <time>2025-09-12T10:48:56Z</time>
   </trkpt>
   <trkpt lat="50.5952750" lon="6.2473110">
    <ele>548.2</ele>
    <time>2025-09-12T10:49:01Z</time>
   </trkpt>
   <trkpt lat="50.5951630" lon="6.2472140">
    <ele>548.2</ele>
    <time>2025-09-12T10:49:03Z</time>
   </trkpt>
   <trkpt lat="50.5949810" lon="6.2470830">
    <ele>548.2</ele>
    <time>2025-09-12T10:49:06Z</time>
   </trkpt>
   <trkpt lat="50.5944820" lon="6.2467180">
    <ele>547.9</ele>
    <time>2025-09-12T10:49:14Z</time>
   </trkpt>
   <trkpt lat="50.5944230" lon="6.2466710">
    <ele>547.9</ele>
    <time>2025-09-12T10:49:15Z</time>
   </trkpt>
   <trkpt lat="50.5940320" lon="6.2463570">
    <ele>547.5</ele>
    <time>2025-09-12T10:49:22Z</time>
   </trkpt>
   <trkpt lat="50.5937350" lon="6.2460800">
    <ele>547.0</ele>
    <time>2025-09-12T10:49:27Z</time>
   </trkpt>
   <trkpt lat="50.5933280" lon="6.2456000">
    <ele>546.5</ele>
    <time>2025-09-12T10:49:34Z</time>
   </trkpt>
   <trkpt lat="50.5928840" lon="6.2449890">
    <ele>545.6</ele>
    <time>2025-09-12T10:49:42Z</time>
   </trkpt>
   <trkpt lat="50.5924200" lon="6.2444260">
    <ele>544.7</ele>
    <time>2025-09-12T10:49:50Z</time>
   </trkpt>
   <trkpt lat="50.5920080" lon="6.2439820">
    <ele>543.9</ele>
    <time>2025-09-12T10:49:57Z</time>
   </trkpt>
   <trkpt lat="50.5915100" lon="6.2435000">
    <ele>543.1</ele>
    <time>2025-09-12T10:50:05Z</time>
   </trkpt>
   <trkpt lat="50.5913780" lon="6.2433910">
    <ele>542.9</ele>
    <time>2025-09-12T10:50:07Z</time>
   </trkpt>
   <trkpt lat="50.5908330" lon="6.2429780">
    <ele>542.2</ele>
    <time>2025-09-12T10:50:15Z</time>
   </trkpt>
   <trkpt lat="50.5906920" lon="6.2428900">
    <ele>542.1</ele>
    <time>2025-09-12T10:50:17Z</time>
   </trkpt>
   <trkpt lat="50.5901610" lon="6.2425510">
    <ele>542.4</ele>
    <time>2025-09-12T10:50:25Z</time>
   </trkpt>
   <trkpt lat="50.5897050" lon="6.2422870">
    <ele>541.1</ele>
    <time>2025-09-12T10:50:32Z</time>
   </trkpt>
   <trkpt lat="50.5891840" lon="6.2419820">
    <ele>540.5</ele>
    <time>2025-09-12T10:50:40Z</time>
   </trkpt>
   <trkpt lat="50.5889290" lon="6.2418230">
    <ele>540.2</ele>
    <time>2025-09-12T10:50:44Z</time>
   </trkpt>
   <trkpt lat="50.5884390" lon="6.2415300">
    <ele>539.8</ele>
    <time>2025-09-12T10:50:52Z</time>
   </trkpt>
   <trkpt lat="50.5879520" lon="6.2412300">
    <ele>539.4</ele>
    <time>2025-09-12T10:51:00Z</time>
   </trkpt>
   <trkpt lat="50.5874450" lon="6.2409220">
    <ele>538.9</ele>
    <time>2025-09-12T10:51:08Z</time>
   </trkpt>
   <trkpt lat="50.5873800" lon="6.2408840">
    <ele>538.9</ele>
    <time>2025-09-12T10:51:09Z</time>
   </trkpt>
   <trkpt lat="50.5868640" lon="6.2405640">
    <ele>538.0</ele>
    <time>2025-09-12T10:51:17Z</time>
   </trkpt>
   <trkpt lat="50.5863280" lon="6.2402540">
    <ele>537.4</ele>
    <time>2025-09-12T10:51:25Z</time>
   </trkpt>
   <trkpt lat="50.5862580" lon="6.2402200">
    <ele>537.4</ele>
    <time>2025-09-12T10:51:26Z</time>
   </trkpt>
   <trkpt lat="50.5857010" lon="6.2399610">
    <ele>536.8</ele>
    <time>2025-09-12T10:51:34Z</time>
   </trkpt>
   <trkpt lat="50.5855590" lon="6.2399010">
    <ele>536.7</ele>
    <time>2025-09-12T10:51:36Z</time>
   </trkpt>
   <trkpt lat="50.5849830" lon="6.2396940">
    <ele>536.1</ele>
    <time>2025-09-12T10:51:44Z</time>
   </trkpt>
   <trkpt lat="50.5847650" lon="6.2396380">
    <ele>535.8</ele>
    <time>2025-09-12T10:51:47Z</time>
   </trkpt>
   <trkpt lat="50.5841780" lon="6.2395180">
    <ele>535.0</ele>
    <time>2025-09-12T10:51:55Z</time>
   </trkpt>
   <trkpt lat="50.5840330" lon="6.2394850">
    <ele>534.8</ele>
    <time>2025-09-12T10:51:57Z</time>
   </trkpt>
   <trkpt lat="50.5834480" lon="6.2393760">
    <ele>534.2</ele>
    <time>2025-09-12T10:52:05Z</time>
   </trkpt>
   <trkpt lat="50.5833740" lon="6.2393610">
    <ele>534.1</ele>
    <time>2025-09-12T10:52:06Z</time>
   </trkpt>
   <trkpt lat="50.5828600" lon="6.2392630">
    <ele>533.7</ele>
    <time>2025-09-12T10:52:13Z</time>
   </trkpt>
   <trkpt lat="50.5822610" lon="6.2391520">
    <ele>532.9</ele>
    <time>2025-09-12T10:52:21Z</time>
   </trkpt>
   <trkpt lat="50.5820360" lon="6.2391060">
    <ele>532.6</ele>
    <time>2025-09-12T10:52:24Z</time>
   </trkpt>
   <trkpt lat="50.5814370" lon="6.2389860">
    <ele>532.0</ele>
    <time>2025-09-12T10:52:32Z</time>
   </trkpt>
   <trkpt lat="50.5809580" lon="6.2390060">
    <ele>531.3</ele>
    <time>2025-09-12T10:52:38Z</time>
   </trkpt>
   <trkpt lat="50.5804070" lon="6.2390860">
    <ele>530.7</ele>
    <time>2025-09-12T10:52:45Z</time>
   </trkpt>
   <trkpt lat="50.5802510" lon="6.2391150">
    <ele>530.5</ele>
    <time>2025-09-12T10:52:47Z</time>
   </trkpt>
   <trkpt lat="50.5797120" lon="6.2391970">
    <ele>530.3</ele>
    <time>2025-09-12T10:52:54Z</time>
   </trkpt>
   <trkpt lat="50.5791790" lon="6.2392700">
    <ele>529.8</ele>
    <time>2025-09-12T10:53:01Z</time>
   </trkpt>
   <trkpt lat="50.5786760" lon="6.2393350">
    <ele>529.4</ele>
    <time>2025-09-12T10:53:08Z</time>
   </trkpt>
   <trkpt lat="50.5781250" lon="6.2393660">
    <ele>528.4</ele>
    <time>2025-09-12T10:53:15Z</time>
   </trkpt>
   <trkpt lat="50.5779680" lon="6.2393620">
    <ele>528.2</ele>
    <time>2025-09-12T10:53:17Z</time>
   </trkpt>
   <trkpt lat="50.5773580" lon="6.2392690">
    <ele>527.5</ele>
    <time>2025-09-12T10:53:25Z</time>
   </trkpt>
   <trkpt lat="50.5767550" lon="6.2390700">
    <ele>526.7</ele>
    <time>2025-09-12T10:53:33Z</time>
   </trkpt>
   <trkpt lat="50.5766780" lon="6.2390360">
    <ele>526.6</ele>
    <time>2025-09-12T10:53:34Z</time>
   </trkpt>
   <trkpt lat="50.5762360" lon="6.2388200">
    <ele>526.0</ele>
    <time>2025-09-12T10:53:40Z</time>
   </trkpt>
   <trkpt lat="50.5757130" lon="6.2385780">
    <ele>525.3</ele>
    <time>2025-09-12T10:53:47Z</time>
   </trkpt>
   <trkpt lat="50.5755730" lon="6.2385090">
    <ele>525.3</ele>
    <time>2025-09-12T10:53:49Z</time>
   </trkpt>
   <trkpt lat="50.5753760" lon="6.2384050">
    <ele>525.4</ele>
    <time>2025-09-12T10:53:53Z</time>
   </trkpt>
   <trkpt lat="50.5752710" lon="6.2383480">
    <ele>525.6</ele>
    <time>2025-09-12T10:53:57Z</time>
   </trkpt>
   <trkpt lat="50.5752180" lon="6.2383290">
    <ele>525.7</ele>
    <time>2025-09-12T10:54:01Z</time>
   </trkpt>
   <trkpt lat="50.5751870" lon="6.2383150">
    <ele>525.8</ele>
    <time>2025-09-12T10:54:19Z</time>
   </trkpt>
   <trkpt lat="50.5750190" lon="6.2382210">
    <ele>525.3</ele>
    <time>2025-09-12T10:54:26Z</time>
   </trkpt>
   <trkpt lat="50.5747870" lon="6.2380770">
    <ele>524.4</ele>
    <time>2025-09-12T10:54:31Z</time>
   </trkpt>
   <trkpt lat="50.5744000" lon="6.2377920">
    <ele>523.6</ele>
    <time>2025-09-12T10:54:38Z</time>
   </trkpt>
   <trkpt lat="50.5739120" lon="6.2373920">
    <ele>522.8</ele>
    <time>2025-09-12T10:54:46Z</time>
   </trkpt>
   <trkpt lat="50.5734000" lon="6.2369250">
    <ele>522.3</ele>
    <time>2025-09-12T10:54:54Z</time>
   </trkpt>
   <trkpt lat="50.5733370" lon="6.2368680">
    <ele>522.2</ele>
    <time>2025-09-12T10:54:55Z</time>
   </trkpt>
   <trkpt lat="50.5728110" lon="6.2364610">
    <ele>521.9</ele>
    <time>2025-09-12T10:55:03Z</time>
   </trkpt>
   <trkpt lat="50.5723040" lon="6.2362500">
    <ele>521.3</ele>
    <time>2025-09-12T10:55:10Z</time>
   </trkpt>
   <trkpt lat="50.5718520" lon="6.2361810">
    <ele>520.9</ele>
    <time>2025-09-12T10:55:16Z</time>
   </trkpt>
   <trkpt lat="50.5712640" lon="6.2361770">
    <ele>521.0</ele>
    <time>2025-09-12T10:55:24Z</time>
   </trkpt>
   <trkpt lat="50.5707050" lon="6.2361750">
    <ele>520.0</ele>
    <time>2025-09-12T10:55:32Z</time>
   </trkpt>
   <trkpt lat="50.5701070" lon="6.2361860">
    <ele>519.4</ele>
    <time>2025-09-12T10:55:40Z</time>
   </trkpt>
   <trkpt lat="50.5699610" lon="6.2361880">
    <ele>519.3</ele>
    <time>2025-09-12T10:55:42Z</time>
   </trkpt>
   <trkpt lat="50.5694020" lon="6.2361990">
    <ele>518.9</ele>
    <time>2025-09-12T10:55:50Z</time>
   </trkpt>
   <trkpt lat="50.5692670" lon="6.2361970">
    <ele>518.9</ele>
    <time>2025-09-12T10:55:52Z</time>
   </trkpt>
   <trkpt lat="50.5686620" lon="6.2361990">
    <ele>518.7</ele>
    <time>2025-09-12T10:56:01Z</time>
   </trkpt>
   <trkpt lat="50.5685250" lon="6.2362040">
    <ele>518.7</ele>
    <time>2025-09-12T10:56:03Z</time>
   </trkpt>
   <trkpt lat="50.5679690" lon="6.2362110">
    <ele>518.8</ele>
    <time>2025-09-12T10:56:11Z</time>
   </trkpt>
   <trkpt lat="50.5678990" lon="6.2362150">
    <ele>518.8</ele>
    <time>2025-09-12T10:56:12Z</time>
   </trkpt>
   <trkpt lat="50.5673480" lon="6.2361850">
    <ele>518.9</ele>
    <time>2025-09-12T10:56:20Z</time>
   </trkpt>
   <trkpt lat="50.5671450" lon="6.2361660">
    <ele>519.0</ele>
    <time>2025-09-12T10:56:23Z</time>
   </trkpt>
   <trkpt lat="50.5667660" lon="6.2360680">
    <ele>519.1</ele>
    <time>2025-09-12T10:56:29Z</time>
   </trkpt>
   <trkpt lat="50.5663940" lon="6.2358920">
    <ele>519.2</ele>
    <time>2025-09-12T10:56:35Z</time>
   </trkpt>
   <trkpt lat="50.5659870" lon="6.2355980">
    <ele>519.2</ele>
    <time>2025-09-12T10:56:42Z</time>
   </trkpt>
   <trkpt lat="50.5656020" lon="6.2352040">
    <ele>519.2</ele>
    <time>2025-09-12T10:56:49Z</time>
   </trkpt>
   <trkpt lat="50.5652700" lon="6.2348530">
    <ele>519.5</ele>
    <time>2025-09-12T10:56:56Z</time>
   </trkpt>
   <trkpt lat="50.5650450" lon="6.2345340">
    <ele>520.0</ele>
    <time>2025-09-12T10:57:03Z</time>
   </trkpt>
   <trkpt lat="50.5649510" lon="6.2343750">
    <ele>520.1</ele>
    <time>2025-09-12T10:57:08Z</time>
   </trkpt>
   <trkpt lat="50.5647960" lon="6.2340730">
    <ele>519.8</ele>
    <time>2025-09-12T10:57:13Z</time>
   </trkpt>
   <trkpt lat="50.5645860" lon="6.2335320">
    <ele>519.9</ele>
    <time>2025-09-12T10:57:20Z</time>
   </trkpt>
   <trkpt lat="50.5643420" lon="6.2328940">
    <ele>520.0</ele>
    <time>2025-09-12T10:57:28Z</time>
   </trkpt>
   <trkpt lat="50.5640510" lon="6.2321370">
    <ele>520.1</ele>
    <time>2025-09-12T10:57:37Z</time>
   </trkpt>
   <trkpt lat="50.5637470" lon="6.2313560">
    <ele>519.8</ele>
    <time>2025-09-12T10:57:46Z</time>
   </trkpt>
   <trkpt lat="50.5636720" lon="6.2311840">
    <ele>519.8</ele>
    <time>2025-09-12T10:57:48Z</time>
   </trkpt>
   <trkpt lat="50.5633950" lon="6.2304730">
    <ele>519.8</ele>
    <time>2025-09-12T10:57:56Z</time>
   </trkpt>
   <trkpt lat="50.5630940" lon="6.2297150">
    <ele>520.0</ele>
    <time>2025-09-12T10:58:05Z</time>
   </trkpt>
   <trkpt lat="50.5627760" lon="6.2291080">
    <ele>519.9</ele>
    <time>2025-09-12T10:58:13Z</time>
   </trkpt>
   <trkpt lat="50.5623750" lon="6.2284410">
    <ele>519.7</ele>
    <time>2025-09-12T10:58:22Z</time>
   </trkpt>
   <trkpt lat="50.5623330" lon="6.2283670">
    <ele>519.8</ele>
    <time>2025-09-12T10:58:23Z</time>
   </trkpt>
   <trkpt lat="50.5620340" lon="6.2278620">
    <ele>519.9</ele>
    <time>2025-09-12T10:58:30Z</time>
   </trkpt>
   <trkpt lat="50.5616600" lon="6.2273480">
    <ele>520.5</ele>
    <time>2025-09-12T10:58:38Z</time>
   </trkpt>
   <trkpt lat="50.5612930" lon="6.2270080">
    <ele>521.1</ele>
    <time>2025-09-12T10:58:45Z</time>
   </trkpt>
   <trkpt lat="50.5609670" lon="6.2268050">
    <ele>521.5</ele>
    <time>2025-09-12T10:58:51Z</time>
   </trkpt>
   <trkpt lat="50.5605760" lon="6.2266530">
    <ele>521.9</ele>
    <time>2025-09-12T10:58:58Z</time>
   </trkpt>
   <trkpt lat="50.5602960" lon="6.2266070">
    <ele>522.2</ele>
    <time>2025-09-12T10:59:03Z</time>
   </trkpt>
   <trkpt lat="50.5602430" lon="6.2266040">
    <ele>522.3</ele>
    <time>2025-09-12T10:59:04Z</time>
   </trkpt>
   <trkpt lat="50.5597290" lon="6.2266120">
    <ele>522.8</ele>
    <time>2025-09-12T10:59:14Z</time>
   </trkpt>
   <trkpt lat="50.5591710" lon="6.2266180">
    <ele>523.4</ele>
    <time>2025-09-12T10:59:25Z</time>
   </trkpt>
   <trkpt lat="50.5588020" lon="6.2266110">
    <ele>523.7</ele>
    <time>2025-09-12T10:59:32Z</time>
   </trkpt>
   <trkpt lat="50.5583210" lon="6.2266130">
    <ele>524.1</ele>
    <time>2025-09-12T10:59:41Z</time>
   </trkpt>
   <trkpt lat="50.5581080" lon="6.2266060">
    <ele>524.4</ele>
    <time>2025-09-12T10:59:45Z</time>
   </trkpt>
   <trkpt lat="50.5579480" lon="6.2266030">
    <ele>524.5</ele>
    <time>2025-09-12T10:59:48Z</time>
   </trkpt>
   <trkpt lat="50.5573950" lon="6.2266090">
    <ele>525.0</ele>
    <time>2025-09-12T10:59:58Z</time>
   </trkpt>
   <trkpt lat="50.5569700" lon="6.2265490">
    <ele>525.4</ele>
    <time>2025-09-12T11:00:06Z</time>
   </trkpt>
   <trkpt lat="50.5565160" lon="6.2263660">
    <ele>526.1</ele>
    <time>2025-09-12T11:00:15Z</time>
   </trkpt>
   <trkpt lat="50.5561870" lon="6.2261440">
    <ele>526.6</ele>
    <time>2025-09-12T11:00:22Z</time>
   </trkpt>
   <trkpt lat="50.5558340" lon="6.2257840">
    <ele>527.0</ele>
    <time>2025-09-12T11:00:30Z</time>
   </trkpt>
   <trkpt lat="50.5554410" lon="6.2252590">
    <ele>527.3</ele>
    <time>2025-09-12T11:00:40Z</time>
   </trkpt>
   <trkpt lat="50.5552270" lon="6.2248520">
    <ele>527.4</ele>
    <time>2025-09-12T11:00:47Z</time>
   </trkpt>
   <trkpt lat="50.5551200" lon="6.2245870">
    <ele>527.4</ele>
    <time>2025-09-12T11:00:51Z</time>
   </trkpt>
   <trkpt lat="50.5550710" lon="6.2244590">
    <ele>527.5</ele>
    <time>2025-09-12T11:00:53Z</time>
   </trkpt>
   <trkpt lat="50.5549340" lon="6.2239930">
    <ele>527.6</ele>
    <time>2025-09-12T11:01:00Z</time>
   </trkpt>
   <trkpt lat="50.5548460" lon="6.2236120">
    <ele>527.6</ele>
    <time>2025-09-12T11:01:05Z</time>
   </trkpt>
   <trkpt lat="50.5548330" lon="6.2235340">
    <ele>527.6</ele>
    <time>2025-09-12T11:01:06Z</time>
   </trkpt>
   <trkpt lat="50.5547700" lon="6.2230510">
    <ele>527.7</ele>
    <time>2025-09-12T11:01:12Z</time>
   </trkpt>
   <trkpt lat="50.5547630" lon="6.2229680">
    <ele>527.8</ele>
    <time>2025-09-12T11:01:13Z</time>
   </trkpt>
   <trkpt lat="50.5547420" lon="6.2225460">
    <ele>527.9</ele>
    <time>2025-09-12T11:01:18Z</time>
   </trkpt>
   <trkpt lat="50.5547650" lon="6.2218420">
    <ele>527.9</ele>
    <time>2025-09-12T11:01:26Z</time>
   </trkpt>
   <trkpt lat="50.5548400" lon="6.2213060">
    <ele>527.8</ele>
    <time>2025-09-12T11:01:32Z</time>
   </trkpt>
   <trkpt lat="50.5549610" lon="6.2207780">
    <ele>527.8</ele>
    <time>2025-09-12T11:01:38Z</time>
   </trkpt>
   <trkpt lat="50.5550960" lon="6.2203610">
    <ele>527.8</ele>
    <time>2025-09-12T11:01:43Z</time>
   </trkpt>
   <trkpt lat="50.5551290" lon="6.2202790">
    <ele>527.9</ele>
    <time>2025-09-12T11:01:44Z</time>
   </trkpt>
   <trkpt lat="50.5552710" lon="6.2199550">
    <ele>527.9</ele>
    <time>2025-09-12T11:01:48Z</time>
   </trkpt>
   <trkpt lat="50.5553040" lon="6.2198750">
    <ele>527.9</ele>
    <time>2025-09-12T11:01:49Z</time>
   </trkpt>
   <trkpt lat="50.5554950" lon="6.2194700">
    <ele>527.8</ele>
    <time>2025-09-12T11:01:54Z</time>
   </trkpt>
   <trkpt lat="50.5555320" lon="6.2193880">
    <ele>527.8</ele>
    <time>2025-09-12T11:01:55Z</time>
   </trkpt>
   <trkpt lat="50.5556860" lon="6.2190690">
    <ele>527.7</ele>
    <time>2025-09-12T11:01:59Z</time>
   </trkpt>
   <trkpt lat="50.5557190" lon="6.2189910">
    <ele>527.6</ele>
    <time>2025-09-12T11:02:00Z</time>
   </trkpt>
   <trkpt lat="50.5559840" lon="6.2183700">
    <ele>527.4</ele>
    <time>2025-09-12T11:02:07Z</time>
   </trkpt>
   <trkpt lat="50.5562530" lon="6.2177220">
    <ele>527.3</ele>
    <time>2025-09-12T11:02:14Z</time>
   </trkpt>
   <trkpt lat="50.5564290" lon="6.2169410">
    <ele>527.2</ele>
    <time>2025-09-12T11:02:22Z</time>
   </trkpt>
   <trkpt lat="50.5564830" lon="6.2162410">
    <ele>527.4</ele>
    <time>2025-09-12T11:02:29Z</time>
   </trkpt>
   <trkpt lat="50.5564510" lon="6.2154370">
    <ele>527.5</ele>
    <time>2025-09-12T11:02:37Z</time>
   </trkpt>
   <trkpt lat="50.5563350" lon="6.2147520">
    <ele>527.7</ele>
    <time>2025-09-12T11:02:44Z</time>
   </trkpt>
   <trkpt lat="50.5561400" lon="6.2140890">
    <ele>527.8</ele>
    <time>2025-09-12T11:02:51Z</time>
   </trkpt>
   <trkpt lat="50.5559720" lon="6.2136550">
    <ele>527.7</ele>
    <time>2025-09-12T11:02:56Z</time>
   </trkpt>
   <trkpt lat="50.5559060" lon="6.2134780">
    <ele>527.7</ele>
    <time>2025-09-12T11:02:58Z</time>
   </trkpt>
   <trkpt lat="50.5556330" lon="6.2128920">
    <ele>527.7</ele>
    <time>2025-09-12T11:03:05Z</time>
   </trkpt>
   <trkpt lat="50.5555640" lon="6.2127190">
    <ele>527.7</ele>
    <time>2025-09-12T11:03:07Z</time>
   </trkpt>
   <trkpt lat="50.5554510" lon="6.2124940">
    <ele>527.7</ele>
    <time>2025-09-12T11:03:10Z</time>
   </trkpt>
   <trkpt lat="50.5552350" lon="6.2120240">
    <ele>527.8</ele>
    <time>2025-09-12T11:03:16Z</time>
   </trkpt>
   <trkpt lat="50.5549230" lon="6.2113710">
    <ele>527.8</ele>
    <time>2025-09-12T11:03:24Z</time>
   </trkpt>
   <trkpt lat="50.5546440" lon="6.2109050">
    <ele>527.5</ele>
    <time>2025-09-12T11:03:30Z</time>
   </trkpt>
   <trkpt lat="50.5543810" lon="6.2105680">
    <ele>526.9</ele>
    <time>2025-09-12T11:03:35Z</time>
   </trkpt>
   <trkpt lat="50.5540090" lon="6.2101880">
    <ele>526.2</ele>
    <time>2025-09-12T11:03:41Z</time>
   </trkpt>
   <trkpt lat="50.5535810" lon="6.2099050">
    <ele>525.4</ele>
    <time>2025-09-12T11:03:47Z</time>
   </trkpt>
   <trkpt lat="50.5531310" lon="6.2097350">
    <ele>525.1</ele>
    <time>2025-09-12T11:03:53Z</time>
   </trkpt>
   <trkpt lat="50.5526880" lon="6.2096730">
    <ele>524.5</ele>
    <time>2025-09-12T11:03:59Z</time>
   </trkpt>
   <trkpt lat="50.5523960" lon="6.2096500">
    <ele>524.1</ele>
    <time>2025-09-12T11:04:03Z</time>
   </trkpt>
   <trkpt lat="50.5521700" lon="6.2096450">
    <ele>523.8</ele>
    <time>2025-09-12T11:04:06Z</time>
   </trkpt>
   <trkpt lat="50.5517870" lon="6.2096110">
    <ele>523.2</ele>
    <time>2025-09-12T11:04:11Z</time>
   </trkpt>
   <trkpt lat="50.5513140" lon="6.2094550">
    <ele>522.2</ele>
    <time>2025-09-12T11:04:17Z</time>
   </trkpt>
   <trkpt lat="50.5508550" lon="6.2091360">
    <ele>521.7</ele>
    <time>2025-09-12T11:04:23Z</time>
   </trkpt>
   <trkpt lat="50.5503650" lon="6.2086970">
    <ele>521.1</ele>
    <time>2025-09-12T11:04:30Z</time>
   </trkpt>
   <trkpt lat="50.5502940" lon="6.2086340">
    <ele>521.0</ele>
    <time>2025-09-12T11:04:31Z</time>
   </trkpt>
   <trkpt lat="50.5499460" lon="6.2082840">
    <ele>520.4</ele>
    <time>2025-09-12T11:04:36Z</time>
   </trkpt>
   <trkpt lat="50.5495710" lon="6.2079920">
    <ele>519.4</ele>
    <time>2025-09-12T11:04:41Z</time>
   </trkpt>
   <trkpt lat="50.5491240" lon="6.2077320">
    <ele>518.8</ele>
    <time>2025-09-12T11:04:47Z</time>
   </trkpt>
   <trkpt lat="50.5485840" lon="6.2076090">
    <ele>518.1</ele>
    <time>2025-09-12T11:04:54Z</time>
   </trkpt>
   <trkpt lat="50.5480400" lon="6.2076240">
    <ele>517.6</ele>
    <time>2025-09-12T11:05:01Z</time>
   </trkpt>
   <trkpt lat="50.5479630" lon="6.2076300">
    <ele>517.5</ele>
    <time>2025-09-12T11:05:02Z</time>
   </trkpt>
   <trkpt lat="50.5474070" lon="6.2075780">
    <ele>516.8</ele>
    <time>2025-09-12T11:05:09Z</time>
   </trkpt>
   <trkpt lat="50.5469550" lon="6.2074290">
    <ele>516.3</ele>
    <time>2025-09-12T11:05:15Z</time>
   </trkpt>
   <trkpt lat="50.5464970" lon="6.2071550">
    <ele>515.7</ele>
    <time>2025-09-12T11:05:22Z</time>
   </trkpt>
   <trkpt lat="50.5463780" lon="6.2070680">
    <ele>515.5</ele>
    <time>2025-09-12T11:05:24Z</time>
   </trkpt>
   <trkpt lat="50.5462110" lon="6.2069070">
    <ele>515.2</ele>
    <time>2025-09-12T11:05:27Z</time>
   </trkpt>
   <trkpt lat="50.5461020" lon="6.2067960">
    <ele>515.1</ele>
    <time>2025-09-12T11:05:29Z</time>
   </trkpt>
   <trkpt lat="50.5458970" lon="6.2065460">
    <ele>514.8</ele>
    <time>2025-09-12T11:05:33Z</time>
   </trkpt>
   <trkpt lat="50.5457100" lon="6.2062770">
    <ele>514.5</ele>
    <time>2025-09-12T11:05:37Z</time>
   </trkpt>
   <trkpt lat="50.5455790" lon="6.2060610">
    <ele>514.3</ele>
    <time>2025-09-12T11:05:40Z</time>
   </trkpt>
   <trkpt lat="50.5452500" lon="6.2054170">
    <ele>513.3</ele>
    <time>2025-09-12T11:05:48Z</time>
   </trkpt>
   <trkpt lat="50.5450220" lon="6.2047640">
    <ele>512.4</ele>
    <time>2025-09-12T11:05:55Z</time>
   </trkpt>
   <trkpt lat="50.5448150" lon="6.2040130">
    <ele>512.0</ele>
    <time>2025-09-12T11:06:03Z</time>
   </trkpt>
   <trkpt lat="50.5446390" lon="6.2033440">
    <ele>511.5</ele>
    <time>2025-09-12T11:06:10Z</time>
   </trkpt>
   <trkpt lat="50.5444060" lon="6.2026730">
    <ele>511.2</ele>
    <time>2025-09-12T11:06:17Z</time>
   </trkpt>
   <trkpt lat="50.5443680" lon="6.2025840">
    <ele>511.1</ele>
    <time>2025-09-12T11:06:18Z</time>
   </trkpt>
   <trkpt lat="50.5442910" lon="6.2024130">
    <ele>511.1</ele>
    <time>2025-09-12T11:06:20Z</time>
   </trkpt>
   <trkpt lat="50.5442470" lon="6.2023310">
    <ele>511.0</ele>
    <time>2025-09-12T11:06:21Z</time>
   </trkpt>
   <trkpt lat="50.5441580" lon="6.2021650">
    <ele>511.0</ele>
    <time>2025-09-12T11:06:23Z</time>
   </trkpt>
   <trkpt lat="50.5439760" lon="6.2018510">
    <ele>510.8</ele>
    <time>2025-09-12T11:06:27Z</time>
   </trkpt>
   <trkpt lat="50.5438220" lon="6.2016290">
    <ele>510.7</ele>
    <time>2025-09-12T11:06:30Z</time>
   </trkpt>
   <trkpt lat="50.5437150" lon="6.2014880">
    <ele>510.6</ele>
    <time>2025-09-12T11:06:32Z</time>
   </trkpt>
   <trkpt lat="50.5436600" lon="6.2014180">
    <ele>510.6</ele>
    <time>2025-09-12T11:06:33Z</time>
   </trkpt>
   <trkpt lat="50.5433710" lon="6.2010910">
    <ele>510.2</ele>
    <time>2025-09-12T11:06:38Z</time>
   </trkpt>
   <trkpt lat="50.5431850" lon="6.2009240">
    <ele>510.0</ele>
    <time>2025-09-12T11:06:41Z</time>
   </trkpt>
   <trkpt lat="50.5429900" lon="6.2007900">
    <ele>509.8</ele>
    <time>2025-09-12T11:06:44Z</time>
   </trkpt>
   <trkpt lat="50.5424510" lon="6.2004690">
    <ele>509.3</ele>
    <time>2025-09-12T11:06:52Z</time>
   </trkpt>
   <trkpt lat="50.5423160" lon="6.2003870">
    <ele>509.2</ele>
    <time>2025-09-12T11:06:54Z</time>
   </trkpt>
   <trkpt lat="50.5417820" lon="6.2000270">
    <ele>509.0</ele>
    <time>2025-09-12T11:07:02Z</time>
   </trkpt>
   <trkpt lat="50.5414240" lon="6.1996640">
    <ele>508.7</ele>
    <time>2025-09-12T11:07:08Z</time>
   </trkpt>
   <trkpt lat="50.5410760" lon="6.1992400">
    <ele>508.2</ele>
    <time>2025-09-12T11:07:14Z</time>
   </trkpt>
   <trkpt lat="50.5406710" lon="6.1987830">
    <ele>507.8</ele>
    <time>2025-09-12T11:07:21Z</time>
   </trkpt>
   <trkpt lat="50.5402550" lon="6.1984200">
    <ele>507.6</ele>
    <time>2025-09-12T11:07:28Z</time>
   </trkpt>
   <trkpt lat="50.5398210" lon="6.1981840">
    <ele>507.7</ele>
    <time>2025-09-12T11:07:35Z</time>
   </trkpt>
   <trkpt lat="50.5393520" lon="6.1980490">
    <ele>507.7</ele>
    <time>2025-09-12T11:07:43Z</time>
   </trkpt>
   <trkpt lat="50.5389820" lon="6.1980040">
    <ele>507.6</ele>
    <time>2025-09-12T11:07:49Z</time>
   </trkpt>
   <trkpt lat="50.5388570" lon="6.1979960">
    <ele>507.6</ele>
    <time>2025-09-12T11:07:51Z</time>
   </trkpt>
   <trkpt lat="50.5382920" lon="6.1979930">
    <ele>507.8</ele>
    <time>2025-09-12T11:08:00Z</time>
   </trkpt>
   <trkpt lat="50.5382290" lon="6.1979960">
    <ele>507.8</ele>
    <time>2025-09-12T11:08:01Z</time>
   </trkpt>
   <trkpt lat="50.5379070" lon="6.1980210">
    <ele>507.9</ele>
    <time>2025-09-12T11:08:06Z</time>
   </trkpt>
   <trkpt lat="50.5377130" lon="6.1980620">
    <ele>507.9</ele>
    <time>2025-09-12T11:08:09Z</time>
   </trkpt>
   <trkpt lat="50.5371340" lon="6.1981790">
    <ele>508.1</ele>
    <time>2025-09-12T11:08:18Z</time>
   </trkpt>
   <trkpt lat="50.5370690" lon="6.1981890">
    <ele>508.0</ele>
    <time>2025-09-12T11:08:19Z</time>
   </trkpt>
   <trkpt lat="50.5364710" lon="6.1982660">
    <ele>508.1</ele>
    <time>2025-09-12T11:08:28Z</time>
   </trkpt>
   <trkpt lat="50.5360800" lon="6.1982900">
    <ele>508.3</ele>
    <time>2025-09-12T11:08:34Z</time>
   </trkpt>
   <trkpt lat="50.5355730" lon="6.1982190">
    <ele>508.2</ele>
    <time>2025-09-12T11:08:42Z</time>
   </trkpt>
   <trkpt lat="50.5351320" lon="6.1980980">
    <ele>508.1</ele>
    <time>2025-09-12T11:08:49Z</time>
   </trkpt>
   <trkpt lat="50.5346820" lon="6.1978750">
    <ele>508.1</ele>
    <time>2025-09-12T11:08:56Z</time>
   </trkpt>
   <trkpt lat="50.5343070" lon="6.1976320">
    <ele>508.0</ele>
    <time>2025-09-12T11:09:02Z</time>
   </trkpt>
   <trkpt lat="50.5338740" lon="6.1973360">
    <ele>507.9</ele>
    <time>2025-09-12T11:09:09Z</time>
   </trkpt>
   <trkpt lat="50.5334610" lon="6.1970470">
    <ele>508.0</ele>
    <time>2025-09-12T11:09:16Z</time>
   </trkpt>
   <trkpt lat="50.5331160" lon="6.1968390">
    <ele>507.9</ele>
    <time>2025-09-12T11:09:22Z</time>
   </trkpt>
   <trkpt lat="50.5326660" lon="6.1966670">
    <ele>507.8</ele>
    <time>2025-09-12T11:09:29Z</time>
   </trkpt>
   <trkpt lat="50.5320650" lon="6.1965330">
    <ele>507.8</ele>
    <time>2025-09-12T11:09:38Z</time>
   </trkpt>
   <trkpt lat="50.5315400" lon="6.1964770">
    <ele>507.9</ele>
    <time>2025-09-12T11:09:46Z</time>
   </trkpt>
   <trkpt lat="50.5311460" lon="6.1964710">
    <ele>507.9</ele>
    <time>2025-09-12T11:09:52Z</time>
   </trkpt>
   <trkpt lat="50.5308840" lon="6.1964940">
    <ele>507.9</ele>
    <time>2025-09-12T11:09:56Z</time>
   </trkpt>
   <trkpt lat="50.5308200" lon="6.1965100">
    <ele>507.9</ele>
    <time>2025-09-12T11:09:57Z</time>
   </trkpt>
   <trkpt lat="50.5303780" lon="6.1966370">
    <ele>508.0</ele>
    <time>2025-09-12T11:10:04Z</time>
   </trkpt>
   <trkpt lat="50.5302530" lon="6.1966850">
    <ele>508.0</ele>
    <time>2025-09-12T11:10:06Z</time>
   </trkpt>
   <trkpt lat="50.5300630" lon="6.1967640">
    <ele>508.1</ele>
    <time>2025-09-12T11:10:09Z</time>
   </trkpt>
   <trkpt lat="50.5296840" lon="6.1969710">
    <ele>508.1</ele>
    <time>2025-09-12T11:10:15Z</time>
   </trkpt>
   <trkpt lat="50.5293070" lon="6.1971820">
    <ele>508.0</ele>
    <time>2025-09-12T11:10:21Z</time>
   </trkpt>
   <trkpt lat="50.5288760" lon="6.1974090">
    <ele>508.1</ele>
    <time>2025-09-12T11:10:28Z</time>
   </trkpt>
   <trkpt lat="50.5287440" lon="6.1975750">
    <ele>508.1</ele>
    <time>2025-09-12T11:10:30Z</time>
   </trkpt>
   <trkpt lat="50.5286210" lon="6.1976670">
    <ele>508.1</ele>
    <time>2025-09-12T11:10:32Z</time>
   </trkpt>
   <trkpt lat="50.5282440" lon="6.1979730">
    <ele>508.0</ele>
    <time>2025-09-12T11:10:38Z</time>
   </trkpt>
   <trkpt lat="50.5278860" lon="6.1982530">
    <ele>507.9</ele>
    <time>2025-09-12T11:10:44Z</time>
   </trkpt>
   <trkpt lat="50.5276330" lon="6.1985610">
    <ele>507.8</ele>
    <time>2025-09-12T11:10:49Z</time>
   </trkpt>
   <trkpt lat="50.5274560" lon="6.1988670">
    <ele>507.7</ele>
    <time>2025-09-12T11:10:53Z</time>
   </trkpt>
   <trkpt lat="50.5273130" lon="6.1991550">
    <ele>507.7</ele>
    <time>2025-09-12T11:10:56Z</time>
   </trkpt>
   <trkpt lat="50.5272310" lon="6.1993460">
    <ele>507.7</ele>
    <time>2025-09-12T11:10:58Z</time>
   </trkpt>
   <trkpt lat="50.5270570" lon="6.1998580">
    <ele>507.8</ele>
    <time>2025-09-12T11:11:03Z</time>
   </trkpt>
   <trkpt lat="50.5268930" lon="6.2004260">
    <ele>507.8</ele>
    <time>2025-09-12T11:11:08Z</time>
   </trkpt>
   <trkpt lat="50.5267150" lon="6.2012940">
    <ele>507.6</ele>
    <time>2025-09-12T11:11:15Z</time>
   </trkpt>
   <trkpt lat="50.5265150" lon="6.2021970">
    <ele>507.6</ele>
    <time>2025-09-12T11:11:23Z</time>
   </trkpt>
   <trkpt lat="50.5264440" lon="6.2025040">
    <ele>507.6</ele>
    <time>2025-09-12T11:11:26Z</time>
   </trkpt>
   <trkpt lat="50.5262140" lon="6.2031630">
    <ele>507.5</ele>
    <time>2025-09-12T11:11:33Z</time>
   </trkpt>
   <trkpt lat="50.5258840" lon="6.2038400">
    <ele>507.5</ele>
    <time>2025-09-12T11:11:41Z</time>
   </trkpt>
   <trkpt lat="50.5255330" lon="6.2043420">
    <ele>507.5</ele>
    <time>2025-09-12T11:11:48Z</time>
   </trkpt>
   <trkpt lat="50.5250600" lon="6.2049290">
    <ele>507.4</ele>
    <time>2025-09-12T11:11:57Z</time>
   </trkpt>
   <trkpt lat="50.5246360" lon="6.2054560">
    <ele>507.4</ele>
    <time>2025-09-12T11:12:05Z</time>
   </trkpt>
   <trkpt lat="50.5245350" lon="6.2055830">
    <ele>507.5</ele>
    <time>2025-09-12T11:12:07Z</time>
   </trkpt>
   <trkpt lat="50.5241450" lon="6.2059950">
    <ele>507.5</ele>
    <time>2025-09-12T11:12:14Z</time>
   </trkpt>
   <trkpt lat="50.5237660" lon="6.2063540">
    <ele>507.5</ele>
    <time>2025-09-12T11:12:21Z</time>
   </trkpt>
   <trkpt lat="50.5234130" lon="6.2065940">
    <ele>507.6</ele>
    <time>2025-09-12T11:12:27Z</time>
   </trkpt>
   <trkpt lat="50.5229840" lon="6.2067950">
    <ele>507.8</ele>
    <time>2025-09-12T11:12:34Z</time>
   </trkpt>
   <trkpt lat="50.5223860" lon="6.2069190">
    <ele>507.7</ele>
    <time>2025-09-12T11:12:43Z</time>
   </trkpt>
   <trkpt lat="50.5219930" lon="6.2068610">
    <ele>507.8</ele>
    <time>2025-09-12T11:12:49Z</time>
   </trkpt>
   <trkpt lat="50.5215500" lon="6.2067160">
    <ele>507.9</ele>
    <time>2025-09-12T11:12:56Z</time>
   </trkpt>
   <trkpt lat="50.5213070" lon="6.2066270">
    <ele>508.1</ele>
    <time>2025-09-12T11:13:01Z</time>
   </trkpt>
   <trkpt lat="50.5212040" lon="6.2065110">
    <ele>508.2</ele>
    <time>2025-09-12T11:13:05Z</time>
   </trkpt>
   <trkpt lat="50.5210490" lon="6.2064110">
    <ele>508.0</ele>
    <time>2025-09-12T11:13:09Z</time>
   </trkpt>
   <trkpt lat="50.5207720" lon="6.2062210">
    <ele>507.6</ele>
    <time>2025-09-12T11:13:15Z</time>
   </trkpt>
   <trkpt lat="50.5204950" lon="6.2060230">
    <ele>507.6</ele>
    <time>2025-09-12T11:13:22Z</time>
   </trkpt>
   <trkpt lat="50.5203760" lon="6.2059590">
    <ele>507.7</ele>
    <time>2025-09-12T11:13:27Z</time>
   </trkpt>
   <trkpt lat="50.5203690" lon="6.2059560">
    <ele>507.7</ele>
    <time>2025-09-12T11:13:28Z</time>
   </trkpt>
   <trkpt lat="50.5203200" lon="6.2059370">
    <ele>507.7</ele>
    <time>2025-09-12T11:16:40Z</time>
   </trkpt>
   <trkpt lat="50.5202830" lon="6.2059010">
    <ele>507.7</ele>
    <time>2025-09-12T11:16:42Z</time>
   </trkpt>
   <trkpt lat="50.5201110" lon="6.2057650">
    <ele>507.7</ele>
    <time>2025-09-12T11:16:50Z</time>
   </trkpt>
   <trkpt lat="50.5199460" lon="6.2056410">
    <ele>507.7</ele>
    <time>2025-09-12T11:16:56Z</time>
   </trkpt>
   <trkpt lat="50.5197430" lon="6.2055060">
    <ele>507.7</ele>
    <time>2025-09-12T11:17:02Z</time>
   </trkpt>
   <trkpt lat="50.5194680" lon="6.2052950">
    <ele>507.8</ele>
    <time>2025-09-12T11:17:09Z</time>
   </trkpt>
   <trkpt lat="50.5190660" lon="6.2050010">
    <ele>508.1</ele>
    <time>2025-09-12T11:17:18Z</time>
   </trkpt>
   <trkpt lat="50.5186350" lon="6.2046830">
    <ele>508.2</ele>
    <time>2025-09-12T11:17:27Z</time>
   </trkpt>
   <trkpt lat="50.5183940" lon="6.2045060">
    <ele>508.2</ele>
    <time>2025-09-12T11:17:32Z</time>
   </trkpt>
   <trkpt lat="50.5183030" lon="6.2044290">
    <ele>508.2</ele>
    <time>2025-09-12T11:17:34Z</time>
   </trkpt>
   <trkpt lat="50.5179040" lon="6.2041310">
    <ele>508.2</ele>
    <time>2025-09-12T11:17:42Z</time>
   </trkpt>
   <trkpt lat="50.5174300" lon="6.2037870">
    <ele>508.2</ele>
    <time>2025-09-12T11:17:51Z</time>
   </trkpt>
   <trkpt lat="50.5169660" lon="6.2034270">
    <ele>508.3</ele>
    <time>2025-09-12T11:18:00Z</time>
   </trkpt>
   <trkpt lat="50.5168150" lon="6.2033130">
    <ele>508.4</ele>
    <time>2025-09-12T11:18:03Z</time>
   </trkpt>
   <trkpt lat="50.5167200" lon="6.2032150">
    <ele>508.4</ele>
    <time>2025-09-12T11:18:05Z</time>
   </trkpt>
   <trkpt lat="50.5163000" lon="6.2027620">
    <ele>508.6</ele>
    <time>2025-09-12T11:18:14Z</time>
   </trkpt>
   <trkpt lat="50.5159580" lon="6.2023870">
    <ele>509.0</ele>
    <time>2025-09-12T11:18:22Z</time>
   </trkpt>
   <trkpt lat="50.5156210" lon="6.2020100">
    <ele>509.3</ele>
    <time>2025-09-12T11:18:30Z</time>
   </trkpt>
   <trkpt lat="50.5152930" lon="6.2015810">
    <ele>509.9</ele>
    <time>2025-09-12T11:18:38Z</time>
   </trkpt>
   <trkpt lat="50.5149540" lon="6.2010630">
    <ele>510.5</ele>
    <time>2025-09-12T11:18:47Z</time>
   </trkpt>
   <trkpt lat="50.5145930" lon="6.2004460">
    <ele>511.1</ele>
    <time>2025-09-12T11:18:57Z</time>
   </trkpt>
   <trkpt lat="50.5142120" lon="6.1997930">
    <ele>511.8</ele>
    <time>2025-09-12T11:19:07Z</time>
   </trkpt>
   <trkpt lat="50.5138780" lon="6.1992290">
    <ele>512.5</ele>
    <time>2025-09-12T11:19:16Z</time>
   </trkpt>
   <trkpt lat="50.5135490" lon="6.1986990">
    <ele>513.2</ele>
    <time>2025-09-12T11:19:25Z</time>
   </trkpt>
   <trkpt lat="50.5132600" lon="6.1983050">
    <ele>513.5</ele>
    <time>2025-09-12T11:19:32Z</time>
   </trkpt>
   <trkpt lat="50.5128440" lon="6.1979300">
    <ele>514.2</ele>
    <time>2025-09-12T11:19:41Z</time>
   </trkpt>
   <trkpt lat="50.5125130" lon="6.1976640">
    <ele>515.4</ele>
    <time>2025-09-12T11:19:48Z</time>
   </trkpt>
   <trkpt lat="50.5124720" lon="6.1976520">
    <ele>515.5</ele>
    <time>2025-09-12T11:19:49Z</time>
   </trkpt>
   <trkpt lat="50.5124390" lon="6.1976620">
    <ele>515.6</ele>
    <time>2025-09-12T11:19:50Z</time>
   </trkpt>
   <trkpt lat="50.5123710" lon="6.1976510">
    <ele>515.6</ele>
    <time>2025-09-12T11:19:52Z</time>
   </trkpt>
   <trkpt lat="50.5121330" lon="6.1974810">
    <ele>515.1</ele>
    <time>2025-09-12T11:19:58Z</time>
   </trkpt>
   <trkpt lat="50.5120920" lon="6.1974470">
    <ele>515.1</ele>
    <time>2025-09-12T11:19:59Z</time>
   </trkpt>
   <trkpt lat="50.5119220" lon="6.1973040">
    <ele>515.0</ele>
    <time>2025-09-12T11:20:03Z</time>
   </trkpt>
   <trkpt lat="50.5117860" lon="6.1972120">
    <ele>515.1</ele>
    <time>2025-09-12T11:20:06Z</time>
   </trkpt>
   <trkpt lat="50.5116650" lon="6.1970880">
    <ele>515.2</ele>
    <time>2025-09-12T11:20:09Z</time>
   </trkpt>
   <trkpt lat="50.5113070" lon="6.1967690">
    <ele>515.5</ele>
    <time>2025-09-12T11:20:17Z</time>
   </trkpt>
   <trkpt lat="50.5109510" lon="6.1963900">
    <ele>515.9</ele>
    <time>2025-09-12T11:20:25Z</time>
   </trkpt>
   <trkpt lat="50.5106370" lon="6.1960420">
    <ele>516.2</ele>
    <time>2025-09-12T11:20:32Z</time>
   </trkpt>
   <trkpt lat="50.5103720" lon="6.1957560">
    <ele>516.5</ele>
    <time>2025-09-12T11:20:38Z</time>
   </trkpt>
   <trkpt lat="50.5099630" lon="6.1953800">
    <ele>516.8</ele>
    <time>2025-09-12T11:20:47Z</time>
   </trkpt>
   <trkpt lat="50.5094980" lon="6.1950790">
    <ele>517.1</ele>
    <time>2025-09-12T11:20:56Z</time>
   </trkpt>
   <trkpt lat="50.5091750" lon="6.1949370">
    <ele>517.4</ele>
    <time>2025-09-12T11:21:02Z</time>
   </trkpt>
   <trkpt lat="50.5087200" lon="6.1947220">
    <ele>518.0</ele>
    <time>2025-09-12T11:21:11Z</time>
   </trkpt>
   <trkpt lat="50.5084270" lon="6.1945630">
    <ele>518.4</ele>
    <time>2025-09-12T11:21:17Z</time>
   </trkpt>
   <trkpt lat="50.5080870" lon="6.1943440">
    <ele>518.7</ele>
    <time>2025-09-12T11:21:24Z</time>
   </trkpt>
   <trkpt lat="50.5077050" lon="6.1940430">
    <ele>519.1</ele>
    <time>2025-09-12T11:21:32Z</time>
   </trkpt>
   <trkpt lat="50.5074140" lon="6.1937660">
    <ele>519.5</ele>
    <time>2025-09-12T11:21:39Z</time>
   </trkpt>
   <trkpt lat="50.5070680" lon="6.1934200">
    <ele>519.8</ele>
    <time>2025-09-12T11:21:47Z</time>
   </trkpt>
   <trkpt lat="50.5067590" lon="6.1931050">
    <ele>520.1</ele>
    <time>2025-09-12T11:21:54Z</time>
   </trkpt>
   <trkpt lat="50.5066200" lon="6.1929640">
    <ele>520.3</ele>
    <time>2025-09-12T11:21:57Z</time>
   </trkpt>
   <trkpt lat="50.5065270" lon="6.1928740">
    <ele>520.4</ele>
    <time>2025-09-12T11:21:59Z</time>
   </trkpt>
   <trkpt lat="50.5064860" lon="6.1928260">
    <ele>520.5</ele>
    <time>2025-09-12T11:22:00Z</time>
   </trkpt>
   <trkpt lat="50.5062780" lon="6.1925950">
    <ele>520.7</ele>
    <time>2025-09-12T11:22:05Z</time>
   </trkpt>
   <trkpt lat="50.5060660" lon="6.1923670">
    <ele>521.0</ele>
    <time>2025-09-12T11:22:10Z</time>
   </trkpt>
   <trkpt lat="50.5060270" lon="6.1923170">
    <ele>521.0</ele>
    <time>2025-09-12T11:22:11Z</time>
   </trkpt>
   <trkpt lat="50.5058220" lon="6.1920780">
    <ele>521.2</ele>
    <time>2025-09-12T11:22:16Z</time>
   </trkpt>
   <trkpt lat="50.5055110" lon="6.1916220">
    <ele>521.6</ele>
    <time>2025-09-12T11:22:24Z</time>
   </trkpt>
   <trkpt lat="50.5054340" lon="6.1915060">
    <ele>521.6</ele>
    <time>2025-09-12T11:22:26Z</time>
   </trkpt>
   <trkpt lat="50.5053330" lon="6.1913210">
    <ele>521.8</ele>
    <time>2025-09-12T11:22:29Z</time>
   </trkpt>
   <trkpt lat="50.5051320" lon="6.1909670">
    <ele>522.0</ele>
    <time>2025-09-12T11:22:35Z</time>
   </trkpt>
   <trkpt lat="50.5049080" lon="6.1905250">
    <ele>522.2</ele>
    <time>2025-09-12T11:22:42Z</time>
   </trkpt>
   <trkpt lat="50.5046670" lon="6.1899960">
    <ele>522.5</ele>
    <time>2025-09-12T11:22:50Z</time>
   </trkpt>
   <trkpt lat="50.5044390" lon="6.1894230">
    <ele>522.7</ele>
    <time>2025-09-12T11:22:58Z</time>
   </trkpt>
   <trkpt lat="50.5042130" lon="6.1887400">
    <ele>523.2</ele>
    <time>2025-09-12T11:23:07Z</time>
   </trkpt>
   <trkpt lat="50.5040500" lon="6.1881470">
    <ele>523.6</ele>
    <time>2025-09-12T11:23:15Z</time>
   </trkpt>
   <trkpt lat="50.5038930" lon="6.1874650">
    <ele>524.1</ele>
    <time>2025-09-12T11:23:24Z</time>
   </trkpt>
   <trkpt lat="50.5038400" lon="6.1872460">
    <ele>524.4</ele>
    <time>2025-09-12T11:23:27Z</time>
   </trkpt>
   <trkpt lat="50.5037920" lon="6.1870250">
    <ele>524.5</ele>
    <time>2025-09-12T11:23:30Z</time>
   </trkpt>
   <trkpt lat="50.5036750" lon="6.1865080">
    <ele>524.7</ele>
    <time>2025-09-12T11:23:37Z</time>
   </trkpt>
   <trkpt lat="50.5035410" lon="6.1859460">
    <ele>525.0</ele>
    <time>2025-09-12T11:23:45Z</time>
   </trkpt>
   <trkpt lat="50.5034270" lon="6.1854340">
    <ele>525.4</ele>
    <time>2025-09-12T11:23:52Z</time>
   </trkpt>
   <trkpt lat="50.5033160" lon="6.1849890">
    <ele>525.7</ele>
    <time>2025-09-12T11:23:58Z</time>
   </trkpt>
   <trkpt lat="50.5031340" lon="6.1844250">
    <ele>525.9</ele>
    <time>2025-09-12T11:24:06Z</time>
   </trkpt>
   <trkpt lat="50.5029150" lon="6.1838950">
    <ele>526.2</ele>
    <time>2025-09-12T11:24:14Z</time>
   </trkpt>
   <trkpt lat="50.5026690" lon="6.1834140">
    <ele>526.6</ele>
    <time>2025-09-12T11:24:22Z</time>
   </trkpt>
   <trkpt lat="50.5024830" lon="6.1830520">
    <ele>527.0</ele>
    <time>2025-09-12T11:24:28Z</time>
   </trkpt>
   <trkpt lat="50.5024190" lon="6.1829320">
    <ele>527.1</ele>
    <time>2025-09-12T11:24:30Z</time>
   </trkpt>
   <trkpt lat="50.5023260" lon="6.1827570">
    <ele>527.3</ele>
    <time>2025-09-12T11:24:33Z</time>
   </trkpt>
   <trkpt lat="50.5022620" lon="6.1826370">
    <ele>527.4</ele>
    <time>2025-09-12T11:24:35Z</time>
   </trkpt>
   <trkpt lat="50.5021560" lon="6.1824110">
    <ele>527.6</ele>
    <time>2025-09-12T11:24:39Z</time>
   </trkpt>
   <trkpt lat="50.5021250" lon="6.1823500">
    <ele>527.6</ele>
    <time>2025-09-12T11:24:40Z</time>
   </trkpt>
   <trkpt lat="50.5019860" lon="6.1820470">
    <ele>527.8</ele>
    <time>2025-09-12T11:24:45Z</time>
   </trkpt>
   <trkpt lat="50.5017960" lon="6.1815280">
    <ele>528.1</ele>
    <time>2025-09-12T11:24:53Z</time>
   </trkpt>
   <trkpt lat="50.5017260" lon="6.1813280">
    <ele>528.3</ele>
    <time>2025-09-12T11:24:56Z</time>
   </trkpt>
   <trkpt lat="50.5016600" lon="6.1811250">
    <ele>528.5</ele>
    <time>2025-09-12T11:24:59Z</time>
   </trkpt>
   <trkpt lat="50.5015310" lon="6.1805600">
    <ele>528.8</ele>
    <time>2025-09-12T11:25:07Z</time>
   </trkpt>
   <trkpt lat="50.5013960" lon="6.1799790">
    <ele>529.0</ele>
    <time>2025-09-12T11:25:15Z</time>
   </trkpt>
   <trkpt lat="50.5012680" lon="6.1794090">
    <ele>529.3</ele>
    <time>2025-09-12T11:25:23Z</time>
   </trkpt>
   <trkpt lat="50.5011370" lon="6.1788980">
    <ele>529.4</ele>
    <time>2025-09-12T11:25:30Z</time>
   </trkpt>
   <trkpt lat="50.5010550" lon="6.1786000">
    <ele>529.6</ele>
    <time>2025-09-12T11:25:34Z</time>
   </trkpt>
   <trkpt lat="50.5009590" lon="6.1783090">
    <ele>529.8</ele>
    <time>2025-09-12T11:25:38Z</time>
   </trkpt>
   <trkpt lat="50.5007610" lon="6.1778160">
    <ele>530.2</ele>
    <time>2025-09-12T11:25:45Z</time>
   </trkpt>
   <trkpt lat="50.5005600" lon="6.1774300">
    <ele>530.6</ele>
    <time>2025-09-12T11:25:51Z</time>
   </trkpt>
   <trkpt lat="50.5002640" lon="6.1769550">
    <ele>530.9</ele>
    <time>2025-09-12T11:25:59Z</time>
   </trkpt>
   <trkpt lat="50.4999740" lon="6.1765800">
    <ele>531.3</ele>
    <time>2025-09-12T11:26:06Z</time>
   </trkpt>
   <trkpt lat="50.4996840" lon="6.1762670">
    <ele>531.6</ele>
    <time>2025-09-12T11:26:13Z</time>
   </trkpt>
   <trkpt lat="50.4995730" lon="6.1761390">
    <ele>531.7</ele>
    <time>2025-09-12T11:26:16Z</time>
   </trkpt>
   <trkpt lat="50.4994490" lon="6.1760060">
    <ele>531.8</ele>
    <time>2025-09-12T11:26:19Z</time>
   </trkpt>
   <trkpt lat="50.4992810" lon="6.1758240">
    <ele>531.9</ele>
    <time>2025-09-12T11:26:23Z</time>
   </trkpt>
   <trkpt lat="50.4991890" lon="6.1757300">
    <ele>532.0</ele>
    <time>2025-09-12T11:26:25Z</time>
   </trkpt>
   <trkpt lat="50.4989240" lon="6.1754770">
    <ele>532.2</ele>
    <time>2025-09-12T11:26:31Z</time>
   </trkpt>
   <trkpt lat="50.4984040" lon="6.1750880">
    <ele>532.5</ele>
    <time>2025-09-12T11:26:42Z</time>
   </trkpt>
   <trkpt lat="50.4979580" lon="6.1748220">
    <ele>532.8</ele>
    <time>2025-09-12T11:26:51Z</time>
   </trkpt>
   <trkpt lat="50.4976240" lon="6.1746130">
    <ele>533.0</ele>
    <time>2025-09-12T11:26:58Z</time>
   </trkpt>
   <trkpt lat="50.4972460" lon="6.1743010">
    <ele>533.1</ele>
    <time>2025-09-12T11:27:06Z</time>
   </trkpt>
   <trkpt lat="50.4968760" lon="6.1739070">
    <ele>533.1</ele>
    <time>2025-09-12T11:27:14Z</time>
   </trkpt>
   <trkpt lat="50.4965450" lon="6.1734570">
    <ele>533.2</ele>
    <time>2025-09-12T11:27:22Z</time>
   </trkpt>
   <trkpt lat="50.4962190" lon="6.1728650">
    <ele>533.2</ele>
    <time>2025-09-12T11:27:31Z</time>
   </trkpt>
   <trkpt lat="50.4958770" lon="6.1722170">
    <ele>533.3</ele>
    <time>2025-09-12T11:27:41Z</time>
   </trkpt>
   <trkpt lat="50.4955890" lon="6.1717040">
    <ele>533.4</ele>
    <time>2025-09-12T11:27:49Z</time>
   </trkpt>
   <trkpt lat="50.4953040" lon="6.1713030">
    <ele>533.7</ele>
    <time>2025-09-12T11:27:56Z</time>
   </trkpt>
   <trkpt lat="50.4950460" lon="6.1710240">
    <ele>533.9</ele>
    <time>2025-09-12T11:28:02Z</time>
   </trkpt>
   <trkpt lat="50.4946670" lon="6.1706800">
    <ele>534.0</ele>
    <time>2025-09-12T11:28:10Z</time>
   </trkpt>
   <trkpt lat="50.4942540" lon="6.1704320">
    <ele>534.1</ele>
    <time>2025-09-12T11:28:18Z</time>
   </trkpt>
   <trkpt lat="50.4938450" lon="6.1702760">
    <ele>534.3</ele>
    <time>2025-09-12T11:28:26Z</time>
   </trkpt>
   <trkpt lat="50.4936390" lon="6.1702370">
    <ele>534.1</ele>
    <time>2025-09-12T11:28:30Z</time>
   </trkpt>
   <trkpt lat="50.4935350" lon="6.1702300">
    <ele>534.1</ele>
    <time>2025-09-12T11:28:32Z</time>
   </trkpt>
   <trkpt lat="50.4932320" lon="6.1702260">
    <ele>534.1</ele>
    <time>2025-09-12T11:28:38Z</time>
   </trkpt>
   <trkpt lat="50.4928640" lon="6.1702760">
    <ele>534.2</ele>
    <time>2025-09-12T11:28:45Z</time>
   </trkpt>
   <trkpt lat="50.4923840" lon="6.1703570">
    <ele>534.3</ele>
    <time>2025-09-12T11:28:54Z</time>
   </trkpt>
   <trkpt lat="50.4919560" lon="6.1704230">
    <ele>535.0</ele>
    <time>2025-09-12T11:29:02Z</time>
   </trkpt>
   <trkpt lat="50.4918220" lon="6.1703440">
    <ele>535.2</ele>
    <time>2025-09-12T11:29:05Z</time>
   </trkpt>
   <trkpt lat="50.4917760" lon="6.1703360">
    <ele>535.3</ele>
    <time>2025-09-12T11:29:06Z</time>
   </trkpt>
   <trkpt lat="50.4914040" lon="6.1703130">
    <ele>536.6</ele>
    <time>2025-09-12T11:29:14Z</time>
   </trkpt>
   <trkpt lat="50.4913480" lon="6.1702290">
    <ele>536.9</ele>
    <time>2025-09-12T11:29:16Z</time>
   </trkpt>
   <trkpt lat="50.4913450" lon="6.1701770">
    <ele>537.1</ele>
    <time>2025-09-12T11:29:17Z</time>
   </trkpt>
   <trkpt lat="50.4913130" lon="6.1698080">
    <ele>537.9</ele>
    <time>2025-09-12T11:29:23Z</time>
   </trkpt>
   <trkpt lat="50.4912640" lon="6.1693850">
    <ele>539.4</ele>
    <time>2025-09-12T11:29:30Z</time>
   </trkpt>
   <trkpt lat="50.4912030" lon="6.1690700">
    <ele>540.3</ele>
    <time>2025-09-12T11:29:36Z</time>
   </trkpt>
   <trkpt lat="50.4910690" lon="6.1686210">
    <ele>540.8</ele>
    <time>2025-09-12T11:29:44Z</time>
   </trkpt>
   <trkpt lat="50.4908670" lon="6.1679580">
    <ele>541.6</ele>
    <time>2025-09-12T11:29:55Z</time>
   </trkpt>
   <trkpt lat="50.4908180" lon="6.1677830">
    <ele>541.8</ele>
    <time>2025-09-12T11:29:58Z</time>
   </trkpt>
   <trkpt lat="50.4907600" lon="6.1676110">
    <ele>541.9</ele>
    <time>2025-09-12T11:30:01Z</time>
   </trkpt>
   <trkpt lat="50.4906170" lon="6.1671280">
    <ele>542.3</ele>
    <time>2025-09-12T11:30:09Z</time>
   </trkpt>
   <trkpt lat="50.4904360" lon="6.1665190">
    <ele>544.0</ele>
    <time>2025-09-12T11:30:19Z</time>
   </trkpt>
   <trkpt lat="50.4903670" lon="6.1662980">
    <ele>544.9</ele>
    <time>2025-09-12T11:30:23Z</time>
   </trkpt>
   <trkpt lat="50.4903480" lon="6.1662420">
    <ele>545.1</ele>
    <time>2025-09-12T11:30:24Z</time>
   </trkpt>
   <trkpt lat="50.4902570" lon="6.1659370">
    <ele>546.4</ele>
    <time>2025-09-12T11:30:30Z</time>
   </trkpt>
   <trkpt lat="50.4901950" lon="6.1656920">
    <ele>547.3</ele>
    <time>2025-09-12T11:30:35Z</time>
   </trkpt>
   <trkpt lat="50.4900920" lon="6.1653610">
    <ele>548.5</ele>
    <time>2025-09-12T11:30:42Z</time>
   </trkpt>
   <trkpt lat="50.4900080" lon="6.1650300">
    <ele>549.5</ele>
    <time>2025-09-12T11:30:49Z</time>
   </trkpt>
   <trkpt lat="50.4899550" lon="6.1647910">
    <ele>550.0</ele>
    <time>2025-09-12T11:30:54Z</time>
   </trkpt>
   <trkpt lat="50.4898690" lon="6.1645510">
    <ele>550.3</ele>
    <time>2025-09-12T11:30:59Z</time>
   </trkpt>
   <trkpt lat="50.4897820" lon="6.1642550">
    <ele>550.4</ele>
    <time>2025-09-12T11:31:05Z</time>
   </trkpt>
   <trkpt lat="50.4896920" lon="6.1639810">
    <ele>550.5</ele>
    <time>2025-09-12T11:31:12Z</time>
   </trkpt>
   <trkpt lat="50.4896350" lon="6.1637840">
    <ele>550.5</ele>
    <time>2025-09-12T11:31:18Z</time>
   </trkpt>
   <trkpt lat="50.4895760" lon="6.1635430">
    <ele>550.4</ele>
    <time>2025-09-12T11:31:24Z</time>
   </trkpt>
   <trkpt lat="50.4894860" lon="6.1632390">
    <ele>550.0</ele>
    <time>2025-09-12T11:31:30Z</time>
   </trkpt>
   <trkpt lat="50.4893580" lon="6.1628010">
    <ele>549.5</ele>
    <time>2025-09-12T11:31:38Z</time>
   </trkpt>
   <trkpt lat="50.4892400" lon="6.1623890">
    <ele>549.0</ele>
    <time>2025-09-12T11:31:45Z</time>
   </trkpt>
   <trkpt lat="50.4891440" lon="6.1620480">
    <ele>548.6</ele>
    <time>2025-09-12T11:31:51Z</time>
   </trkpt>
   <trkpt lat="50.4890620" lon="6.1617740">
    <ele>548.5</ele>
    <time>2025-09-12T11:31:56Z</time>
   </trkpt>
   <trkpt lat="50.4889790" lon="6.1615080">
    <ele>548.3</ele>
    <time>2025-09-12T11:32:01Z</time>
   </trkpt>
   <trkpt lat="50.4888610" lon="6.1611120">
    <ele>548.2</ele>
    <time>2025-09-12T11:32:07Z</time>
   </trkpt>
   <trkpt lat="50.4887200" lon="6.1606100">
    <ele>548.2</ele>
    <time>2025-09-12T11:32:14Z</time>
   </trkpt>
   <trkpt lat="50.4885250" lon="6.1600350">
    <ele>548.2</ele>
    <time>2025-09-12T11:32:21Z</time>
   </trkpt>
   <trkpt lat="50.4883480" lon="6.1594430">
    <ele>548.0</ele>
    <time>2025-09-12T11:32:28Z</time>
   </trkpt>
   <trkpt lat="50.4883020" lon="6.1592760">
    <ele>547.9</ele>
    <time>2025-09-12T11:32:30Z</time>
   </trkpt>
   <trkpt lat="50.4882280" lon="6.1590230">
    <ele>547.8</ele>
    <time>2025-09-12T11:32:33Z</time>
   </trkpt>
   <trkpt lat="50.4881050" lon="6.1585910">
    <ele>548.1</ele>
    <time>2025-09-12T11:32:38Z</time>
   </trkpt>
   <trkpt lat="50.4878830" lon="6.1578390">
    <ele>549.1</ele>
    <time>2025-09-12T11:32:47Z</time>
   </trkpt>
   <trkpt lat="50.4877970" lon="6.1575480">
    <ele>549.7</ele>
    <time>2025-09-12T11:32:51Z</time>
   </trkpt>
   <trkpt lat="50.4877220" lon="6.1574800">
    <ele>549.9</ele>
    <time>2025-09-12T11:32:53Z</time>
   </trkpt>
   <trkpt lat="50.4876370" lon="6.1575100">
    <ele>549.9</ele>
    <time>2025-09-12T11:32:55Z</time>
   </trkpt>
   <trkpt lat="50.4875540" lon="6.1575720">
    <ele>549.7</ele>
    <time>2025-09-12T11:32:57Z</time>
   </trkpt>
   <trkpt lat="50.4875080" lon="6.1576020">
    <ele>549.6</ele>
    <time>2025-09-12T11:32:58Z</time>
   </trkpt>
   <trkpt lat="50.4873100" lon="6.1577430">
    <ele>549.2</ele>
    <time>2025-09-12T11:33:02Z</time>
   </trkpt>
   <trkpt lat="50.4869220" lon="6.1580240">
    <ele>547.9</ele>
    <time>2025-09-12T11:33:09Z</time>
   </trkpt>
   <trkpt lat="50.4865280" lon="6.1583040">
    <ele>545.7</ele>
    <time>2025-09-12T11:33:15Z</time>
   </trkpt>
   <trkpt lat="50.4859940" lon="6.1586750">
    <ele>542.5</ele>
    <time>2025-09-12T11:33:22Z</time>
   </trkpt>
   <trkpt lat="50.4854650" lon="6.1590480">
    <ele>541.1</ele>
    <time>2025-09-12T11:33:29Z</time>
   </trkpt>
   <trkpt lat="50.4852570" lon="6.1592230">
    <ele>541.3</ele>
    <time>2025-09-12T11:33:33Z</time>
   </trkpt>
   <trkpt lat="50.4852360" lon="6.1593850">
    <ele>541.4</ele>
    <time>2025-09-12T11:33:35Z</time>
   </trkpt>
   <trkpt lat="50.4852840" lon="6.1595160">
    <ele>541.4</ele>
    <time>2025-09-12T11:33:37Z</time>
   </trkpt>
   <trkpt lat="50.4853170" lon="6.1595730">
    <ele>541.5</ele>
    <time>2025-09-12T11:33:38Z</time>
   </trkpt>
   <trkpt lat="50.4855980" lon="6.1600760">
    <ele>542.1</ele>
    <time>2025-09-12T11:33:47Z</time>
   </trkpt>
   <trkpt lat="50.4856220" lon="6.1601930">
    <ele>542.3</ele>
    <time>2025-09-12T11:33:49Z</time>
   </trkpt>
   <trkpt lat="50.4856020" lon="6.1602320">
    <ele>542.4</ele>
    <time>2025-09-12T11:33:50Z</time>
   </trkpt>
   <trkpt lat="50.4855230" lon="6.1601500">
    <ele>542.4</ele>
    <time>2025-09-12T11:33:53Z</time>
   </trkpt>
   <trkpt lat="50.4853460" lon="6.1598080">
    <ele>542.7</ele>
    <time>2025-09-12T11:34:00Z</time>
   </trkpt>
   <trkpt lat="50.4851220" lon="6.1594560">
    <ele>543.3</ele>
    <time>2025-09-12T11:34:07Z</time>
   </trkpt>
   <trkpt lat="50.4850230" lon="6.1593140">
    <ele>543.5</ele>
    <time>2025-09-12T11:34:10Z</time>
   </trkpt>
   <trkpt lat="50.4849310" lon="6.1591860">
    <ele>543.6</ele>
    <time>2025-09-12T11:34:13Z</time>
   </trkpt>
   <trkpt lat="50.4846090" lon="6.1588140">
    <ele>544.1</ele>
    <time>2025-09-12T11:34:22Z</time>
   </trkpt>
   <trkpt lat="50.4843350" lon="6.1585400">
    <ele>544.3</ele>
    <time>2025-09-12T11:34:30Z</time>
   </trkpt>
   <trkpt lat="50.4840750" lon="6.1582760">
    <ele>544.8</ele>
    <time>2025-09-12T11:34:37Z</time>
   </trkpt>
   <trkpt lat="50.4840370" lon="6.1582340">
    <ele>544.9</ele>
    <time>2025-09-12T11:34:38Z</time>
   </trkpt>
   <trkpt lat="50.4839300" lon="6.1581210">
    <ele>545.1</ele>
    <time>2025-09-12T11:34:41Z</time>
   </trkpt>
   <trkpt lat="50.4837820" lon="6.1579690">
    <ele>545.4</ele>
    <time>2025-09-12T11:34:45Z</time>
   </trkpt>
   <trkpt lat="50.4837010" lon="6.1578900">
    <ele>545.6</ele>
    <time>2025-09-12T11:34:47Z</time>
   </trkpt>
   <trkpt lat="50.4833530" lon="6.1574930">
    <ele>546.3</ele>
    <time>2025-09-12T11:34:56Z</time>
   </trkpt>
   <trkpt lat="50.4830430" lon="6.1571390">
    <ele>546.9</ele>
    <time>2025-09-12T11:35:04Z</time>
   </trkpt>
   <trkpt lat="50.4828200" lon="6.1568790">
    <ele>547.3</ele>
    <time>2025-09-12T11:35:10Z</time>
   </trkpt>
   <trkpt lat="50.4827240" lon="6.1567440">
    <ele>547.6</ele>
    <time>2025-09-12T11:35:13Z</time>
   </trkpt>
   <trkpt lat="50.4823610" lon="6.1562340">
    <ele>548.2</ele>
    <time>2025-09-12T11:35:24Z</time>
   </trkpt>
   <trkpt lat="50.4821800" lon="6.1559720">
    <ele>548.5</ele>
    <time>2025-09-12T11:35:30Z</time>
   </trkpt>
   <trkpt lat="50.4819450" lon="6.1556300">
    <ele>548.9</ele>
    <time>2025-09-12T11:35:38Z</time>
   </trkpt>
   <trkpt lat="50.4817440" lon="6.1553380">
    <ele>549.3</ele>
    <time>2025-09-12T11:35:45Z</time>
   </trkpt>
   <trkpt lat="50.4814740" lon="6.1549530">
    <ele>549.9</ele>
    <time>2025-09-12T11:35:54Z</time>
   </trkpt>
   <trkpt lat="50.4812610" lon="6.1546420">
    <ele>550.4</ele>
    <time>2025-09-12T11:36:01Z</time>
   </trkpt>
   <trkpt lat="50.4810580" lon="6.1543150">
    <ele>550.8</ele>
    <time>2025-09-12T11:36:08Z</time>
   </trkpt>
   <trkpt lat="50.4808450" lon="6.1539770">
    <ele>551.2</ele>
    <time>2025-09-12T11:36:15Z</time>
   </trkpt>
   <trkpt lat="50.4806180" lon="6.1535760">
    <ele>551.7</ele>
    <time>2025-09-12T11:36:23Z</time>
   </trkpt>
   <trkpt lat="50.4803900" lon="6.1531400">
    <ele>552.2</ele>
    <time>2025-09-12T11:36:31Z</time>
   </trkpt>
   <trkpt lat="50.4801720" lon="6.1527180">
    <ele>552.7</ele>
    <time>2025-09-12T11:36:39Z</time>
   </trkpt>
   <trkpt lat="50.4800700" lon="6.1525090">
    <ele>552.9</ele>
    <time>2025-09-12T11:36:43Z</time>
   </trkpt>
   <trkpt lat="50.4799910" lon="6.1523340">
    <ele>553.1</ele>
    <time>2025-09-12T11:36:46Z</time>
   </trkpt>
   <trkpt lat="50.4799330" lon="6.1522230">
    <ele>553.2</ele>
    <time>2025-09-12T11:36:48Z</time>
   </trkpt>
   <trkpt lat="50.4796770" lon="6.1516940">
    <ele>553.7</ele>
    <time>2025-09-12T11:36:57Z</time>
   </trkpt>
   <trkpt lat="50.4795180" lon="6.1513560">
    <ele>554.1</ele>
    <time>2025-09-12T11:37:03Z</time>
   </trkpt>
   <trkpt lat="50.4794580" lon="6.1512460">
    <ele>554.2</ele>
    <time>2025-09-12T11:37:05Z</time>
   </trkpt>
   <trkpt lat="50.4793500" lon="6.1510280">
    <ele>554.5</ele>
    <time>2025-09-12T11:37:09Z</time>
   </trkpt>
   <trkpt lat="50.4792200" lon="6.1507600">
    <ele>554.8</ele>
    <time>2025-09-12T11:37:14Z</time>
   </trkpt>
   <trkpt lat="50.4791080" lon="6.1505110">
    <ele>555.2</ele>
    <time>2025-09-12T11:37:19Z</time>
   </trkpt>
   <trkpt lat="50.4789110" lon="6.1501210">
    <ele>555.6</ele>
    <time>2025-09-12T11:37:26Z</time>
   </trkpt>
   <trkpt lat="50.4786740" lon="6.1496190">
    <ele>556.2</ele>
    <time>2025-09-12T11:37:35Z</time>
   </trkpt>
   <trkpt lat="50.4785010" lon="6.1492200">
    <ele>556.7</ele>
    <time>2025-09-12T11:37:42Z</time>
   </trkpt>
   <trkpt lat="50.4782980" lon="6.1487710">
    <ele>557.4</ele>
    <time>2025-09-12T11:37:50Z</time>
   </trkpt>
   <trkpt lat="50.4780800" lon="6.1483430">
    <ele>558.0</ele>
    <time>2025-09-12T11:37:58Z</time>
   </trkpt>
   <trkpt lat="50.4778630" lon="6.1479160">
    <ele>558.6</ele>
    <time>2025-09-12T11:38:06Z</time>
   </trkpt>
   <trkpt lat="50.4776140" lon="6.1475310">
    <ele>559.3</ele>
    <time>2025-09-12T11:38:14Z</time>
   </trkpt>
   <trkpt lat="50.4773750" lon="6.1472150">
    <ele>559.9</ele>
    <time>2025-09-12T11:38:21Z</time>
   </trkpt>
   <trkpt lat="50.4771510" lon="6.1469640">
    <ele>560.4</ele>
    <time>2025-09-12T11:38:27Z</time>
   </trkpt>
   <trkpt lat="50.4768780" lon="6.1466450">
    <ele>561.4</ele>
    <time>2025-09-12T11:38:35Z</time>
   </trkpt>
   <trkpt lat="50.4767510" lon="6.1464500">
    <ele>562.2</ele>
    <time>2025-09-12T11:38:41Z</time>
   </trkpt>
   <trkpt lat="50.4766890" lon="6.1462910">
    <ele>562.0</ele>
    <time>2025-09-12T11:38:45Z</time>
   </trkpt>
   <trkpt lat="50.4765470" lon="6.1461490">
    <ele>561.7</ele>
    <time>2025-09-12T11:38:51Z</time>
   </trkpt>
   <trkpt lat="50.4764200" lon="6.1460510">
    <ele>561.5</ele>
    <time>2025-09-12T11:38:56Z</time>
   </trkpt>
   <trkpt lat="50.4762020" lon="6.1458820">
    <ele>561.5</ele>
    <time>2025-09-12T11:39:02Z</time>
   </trkpt>
   <trkpt lat="50.4759120" lon="6.1456550">
    <ele>561.6</ele>
    <time>2025-09-12T11:39:09Z</time>
   </trkpt>
   <trkpt lat="50.4754870" lon="6.1453390">
    <ele>561.7</ele>
    <time>2025-09-12T11:39:18Z</time>
   </trkpt>
   <trkpt lat="50.4749640" lon="6.1449710">
    <ele>562.0</ele>
    <time>2025-09-12T11:39:29Z</time>
   </trkpt>
   <trkpt lat="50.4746740" lon="6.1447560">
    <ele>562.2</ele>
    <time>2025-09-12T11:39:35Z</time>
   </trkpt>
   <trkpt lat="50.4744340" lon="6.1446070">
    <ele>562.5</ele>
    <time>2025-09-12T11:39:40Z</time>
   </trkpt>
   <trkpt lat="50.4743790" lon="6.1446010">
    <ele>562.5</ele>
    <time>2025-09-12T11:39:41Z</time>
   </trkpt>
   <trkpt lat="50.4743260" lon="6.1445890">
    <ele>562.5</ele>
    <time>2025-09-12T11:39:42Z</time>
   </trkpt>
   <trkpt lat="50.4741760" lon="6.1444980">
    <ele>562.4</ele>
    <time>2025-09-12T11:39:45Z</time>
   </trkpt>
   <trkpt lat="50.4737250" lon="6.1441810">
    <ele>562.5</ele>
    <time>2025-09-12T11:39:54Z</time>
   </trkpt>
   <trkpt lat="50.4735490" lon="6.1440590">
    <ele>562.7</ele>
    <time>2025-09-12T11:39:58Z</time>
   </trkpt>
   <trkpt lat="50.4735080" lon="6.1440630">
    <ele>562.7</ele>
    <time>2025-09-12T11:39:59Z</time>
   </trkpt>
   <trkpt lat="50.4733780" lon="6.1440520">
    <ele>562.8</ele>
    <time>2025-09-12T11:40:03Z</time>
   </trkpt>
   <trkpt lat="50.4733590" lon="6.1440210">
    <ele>562.8</ele>
    <time>2025-09-12T11:40:04Z</time>
   </trkpt>
   <trkpt lat="50.4733620" lon="6.1439410">
    <ele>562.8</ele>
    <time>2025-09-12T11:40:06Z</time>
   </trkpt>
   <trkpt lat="50.4733610" lon="6.1439000">
    <ele>562.8</ele>
    <time>2025-09-12T11:40:07Z</time>
   </trkpt>
   <trkpt lat="50.4733170" lon="6.1438520">
    <ele>562.8</ele>
    <time>2025-09-12T11:40:09Z</time>
   </trkpt>
   <trkpt lat="50.4732330" lon="6.1438230">
    <ele>562.7</ele>
    <time>2025-09-12T11:40:12Z</time>
   </trkpt>
   <trkpt lat="50.4732000" lon="6.1437900">
    <ele>562.7</ele>
    <time>2025-09-12T11:40:13Z</time>
   </trkpt>
   <trkpt lat="50.4731290" lon="6.1437190">
    <ele>562.4</ele>
    <time>2025-09-12T11:40:15Z</time>
   </trkpt>
   <trkpt lat="50.4730530" lon="6.1436600">
    <ele>562.2</ele>
    <time>2025-09-12T11:40:17Z</time>
   </trkpt>
   <trkpt lat="50.4730170" lon="6.1436410">
    <ele>562.2</ele>
    <time>2025-09-12T11:40:18Z</time>
   </trkpt>
   <trkpt lat="50.4728010" lon="6.1434710">
    <ele>561.8</ele>
    <time>2025-09-12T11:40:24Z</time>
   </trkpt>
   <trkpt lat="50.4725400" lon="6.1432530">
    <ele>561.5</ele>
    <time>2025-09-12T11:40:30Z</time>
   </trkpt>
   <trkpt lat="50.4722360" lon="6.1430060">
    <ele>561.4</ele>
    <time>2025-09-12T11:40:36Z</time>
   </trkpt>
   <trkpt lat="50.4717890" lon="6.1427480">
    <ele>561.3</ele>
    <time>2025-09-12T11:40:44Z</time>
   </trkpt>
   <trkpt lat="50.4717330" lon="6.1427260">
    <ele>561.3</ele>
    <time>2025-09-12T11:40:45Z</time>
   </trkpt>
   <trkpt lat="50.4715130" lon="6.1426730">
    <ele>561.3</ele>
    <time>2025-09-12T11:40:49Z</time>
   </trkpt>
   <trkpt lat="50.4712630" lon="6.1426260">
    <ele>561.4</ele>
    <time>2025-09-12T11:40:54Z</time>
   </trkpt>
   <trkpt lat="50.4709540" lon="6.1425680">
    <ele>561.9</ele>
    <time>2025-09-12T11:41:00Z</time>
   </trkpt>
   <trkpt lat="50.4709120" lon="6.1425530">
    <ele>561.9</ele>
    <time>2025-09-12T11:41:01Z</time>
   </trkpt>
   <trkpt lat="50.4708720" lon="6.1425580">
    <ele>561.9</ele>
    <time>2025-09-12T11:41:02Z</time>
   </trkpt>
   <trkpt lat="50.4708100" lon="6.1426020">
    <ele>561.9</ele>
    <time>2025-09-12T11:41:04Z</time>
   </trkpt>
   <trkpt lat="50.4707560" lon="6.1426470">
    <ele>561.8</ele>
    <time>2025-09-12T11:41:06Z</time>
   </trkpt>
   <trkpt lat="50.4706830" lon="6.1426610">
    <ele>561.7</ele>
    <time>2025-09-12T11:41:08Z</time>
   </trkpt>
   <trkpt lat="50.4704460" lon="6.1426890">
    <ele>561.5</ele>
    <time>2025-09-12T11:41:14Z</time>
   </trkpt>
   <trkpt lat="50.4704020" lon="6.1426890">
    <ele>561.5</ele>
    <time>2025-09-12T11:41:15Z</time>
   </trkpt>
   <trkpt lat="50.4701790" lon="6.1426960">
    <ele>561.5</ele>
    <time>2025-09-12T11:41:20Z</time>
   </trkpt>
   <trkpt lat="50.4700910" lon="6.1426780">
    <ele>561.4</ele>
    <time>2025-09-12T11:41:22Z</time>
   </trkpt>
   <trkpt lat="50.4698750" lon="6.1426280">
    <ele>560.9</ele>
    <time>2025-09-12T11:41:26Z</time>
   </trkpt>
   <trkpt lat="50.4698120" lon="6.1426380">
    <ele>560.7</ele>
    <time>2025-09-12T11:41:27Z</time>
   </trkpt>
   <trkpt lat="50.4695220" lon="6.1427820">
    <ele>560.0</ele>
    <time>2025-09-12T11:41:32Z</time>
   </trkpt>
   <trkpt lat="50.4691850" lon="6.1429790">
    <ele>559.4</ele>
    <time>2025-09-12T11:41:38Z</time>
   </trkpt>
   <trkpt lat="50.4689540" lon="6.1431160">
    <ele>559.3</ele>
    <time>2025-09-12T11:41:43Z</time>
   </trkpt>
   <trkpt lat="50.4687430" lon="6.1432060">
    <ele>558.6</ele>
    <time>2025-09-12T11:41:48Z</time>
   </trkpt>
   <trkpt lat="50.4683630" lon="6.1433810">
    <ele>557.7</ele>
    <time>2025-09-12T11:41:55Z</time>
   </trkpt>
   <trkpt lat="50.4680100" lon="6.1434690">
    <ele>557.2</ele>
    <time>2025-09-12T11:42:01Z</time>
   </trkpt>
   <trkpt lat="50.4676010" lon="6.1434720">
    <ele>556.8</ele>
    <time>2025-09-12T11:42:08Z</time>
   </trkpt>
   <trkpt lat="50.4671900" lon="6.1434150">
    <ele>556.6</ele>
    <time>2025-09-12T11:42:15Z</time>
   </trkpt>
   <trkpt lat="50.4668450" lon="6.1432890">
    <ele>556.2</ele>
    <time>2025-09-12T11:42:21Z</time>
   </trkpt>
   <trkpt lat="50.4664810" lon="6.1430780">
    <ele>555.8</ele>
    <time>2025-09-12T11:42:27Z</time>
   </trkpt>
   <trkpt lat="50.4660780" lon="6.1427470">
    <ele>555.5</ele>
    <time>2025-09-12T11:42:34Z</time>
   </trkpt>
   <trkpt lat="50.4656340" lon="6.1422540">
    <ele>555.1</ele>
    <time>2025-09-12T11:42:42Z</time>
   </trkpt>
   <trkpt lat="50.4655300" lon="6.1421200">
    <ele>554.9</ele>
    <time>2025-09-12T11:42:44Z</time>
   </trkpt>
   <trkpt lat="50.4653760" lon="6.1419250">
    <ele>554.8</ele>
    <time>2025-09-12T11:42:47Z</time>
   </trkpt>
   <trkpt lat="50.4650300" lon="6.1415300">
    <ele>554.7</ele>
    <time>2025-09-12T11:42:54Z</time>
   </trkpt>
   <trkpt lat="50.4647710" lon="6.1412620">
    <ele>554.5</ele>
    <time>2025-09-12T11:42:59Z</time>
   </trkpt>
   <trkpt lat="50.4644750" lon="6.1410210">
    <ele>554.1</ele>
    <time>2025-09-12T11:43:04Z</time>
   </trkpt>
   <trkpt lat="50.4641670" lon="6.1408440">
    <ele>553.7</ele>
    <time>2025-09-12T11:43:09Z</time>
   </trkpt>
   <trkpt lat="50.4641040" lon="6.1408170">
    <ele>553.6</ele>
    <time>2025-09-12T11:43:10Z</time>
   </trkpt>
   <trkpt lat="50.4637190" lon="6.1406860">
    <ele>553.1</ele>
    <time>2025-09-12T11:43:16Z</time>
   </trkpt>
   <trkpt lat="50.4632020" lon="6.1406270">
    <ele>552.6</ele>
    <time>2025-09-12T11:43:24Z</time>
   </trkpt>
   <trkpt lat="50.4628080" lon="6.1406630">
    <ele>551.8</ele>
    <time>2025-09-12T11:43:30Z</time>
   </trkpt>
   <trkpt lat="50.4626900" lon="6.1406490">
    <ele>551.6</ele>
    <time>2025-09-12T11:43:32Z</time>
   </trkpt>
   <trkpt lat="50.4626300" lon="6.1406570">
    <ele>551.6</ele>
    <time>2025-09-12T11:43:33Z</time>
   </trkpt>
   <trkpt lat="50.4625690" lon="6.1406630">
    <ele>551.5</ele>
    <time>2025-09-12T11:43:34Z</time>
   </trkpt>
   <trkpt lat="50.4624260" lon="6.1407240">
    <ele>551.2</ele>
    <time>2025-09-12T11:43:36Z</time>
   </trkpt>
   <trkpt lat="50.4621450" lon="6.1409010">
    <ele>550.7</ele>
    <time>2025-09-12T11:43:40Z</time>
   </trkpt>
   <trkpt lat="50.4617320" lon="6.1412240">
    <ele>550.3</ele>
    <time>2025-09-12T11:43:46Z</time>
   </trkpt>
   <trkpt lat="50.4616030" lon="6.1413260">
    <ele>550.1</ele>
    <time>2025-09-12T11:43:48Z</time>
   </trkpt>
   <trkpt lat="50.4614060" lon="6.1414830">
    <ele>549.8</ele>
    <time>2025-09-12T11:43:51Z</time>
   </trkpt>
   <trkpt lat="50.4610880" lon="6.1417520">
    <ele>549.4</ele>
    <time>2025-09-12T11:43:56Z</time>
   </trkpt>
   <trkpt lat="50.4606360" lon="6.1421110">
    <ele>548.7</ele>
    <time>2025-09-12T11:44:03Z</time>
   </trkpt>
   <trkpt lat="50.4602370" lon="6.1424290">
    <ele>548.2</ele>
    <time>2025-09-12T11:44:09Z</time>
   </trkpt>
   <trkpt lat="50.4599290" lon="6.1426870">
    <ele>548.0</ele>
    <time>2025-09-12T11:44:14Z</time>
   </trkpt>
   <trkpt lat="50.4595640" lon="6.1429860">
    <ele>548.1</ele>
    <time>2025-09-12T11:44:20Z</time>
   </trkpt>
   <trkpt lat="50.4592910" lon="6.1431610">
    <ele>547.3</ele>
    <time>2025-09-12T11:44:25Z</time>
   </trkpt>
   <trkpt lat="50.4592340" lon="6.1432070">
    <ele>547.2</ele>
    <time>2025-09-12T11:44:26Z</time>
   </trkpt>
   <trkpt lat="50.4591790" lon="6.1432440">
    <ele>547.1</ele>
    <time>2025-09-12T11:44:27Z</time>
   </trkpt>
   <trkpt lat="50.4589660" lon="6.1433980">
    <ele>546.9</ele>
    <time>2025-09-12T11:44:31Z</time>
   </trkpt>
   <trkpt lat="50.4588560" lon="6.1434770">
    <ele>546.8</ele>
    <time>2025-09-12T11:44:33Z</time>
   </trkpt>
   <trkpt lat="50.4586840" lon="6.1436330">
    <ele>546.8</ele>
    <time>2025-09-12T11:44:36Z</time>
   </trkpt>
   <trkpt lat="50.4585260" lon="6.1437730">
    <ele>546.8</ele>
    <time>2025-09-12T11:44:39Z</time>
   </trkpt>
   <trkpt lat="50.4584250" lon="6.1438800">
    <ele>546.7</ele>
    <time>2025-09-12T11:44:41Z</time>
   </trkpt>
   <trkpt lat="50.4580320" lon="6.1442710">
    <ele>545.8</ele>
    <time>2025-09-12T11:44:48Z</time>
   </trkpt>
   <trkpt lat="50.4575570" lon="6.1447230">
    <ele>545.5</ele>
    <time>2025-09-12T11:44:56Z</time>
   </trkpt>
   <trkpt lat="50.4574410" lon="6.1448360">
    <ele>545.5</ele>
    <time>2025-09-12T11:44:58Z</time>
   </trkpt>
   <trkpt lat="50.4569800" lon="6.1452330">
    <ele>545.3</ele>
    <time>2025-09-12T11:45:06Z</time>
   </trkpt>
   <trkpt lat="50.4566720" lon="6.1454700">
    <ele>545.2</ele>
    <time>2025-09-12T11:45:12Z</time>
   </trkpt>
   <trkpt lat="50.4563510" lon="6.1457710">
    <ele>545.1</ele>
    <time>2025-09-12T11:45:18Z</time>
   </trkpt>
   <trkpt lat="50.4560710" lon="6.1460480">
    <ele>545.0</ele>
    <time>2025-09-12T11:45:23Z</time>
   </trkpt>
   <trkpt lat="50.4556640" lon="6.1464450">
    <ele>544.7</ele>
    <time>2025-09-12T11:45:30Z</time>
   </trkpt>
   <trkpt lat="50.4552800" lon="6.1468260">
    <ele>544.5</ele>
    <time>2025-09-12T11:45:37Z</time>
   </trkpt>
   <trkpt lat="50.4548910" lon="6.1471660">
    <ele>544.6</ele>
    <time>2025-09-12T11:45:44Z</time>
   </trkpt>
   <trkpt lat="50.4545390" lon="6.1474680">
    <ele>544.1</ele>
    <time>2025-09-12T11:45:51Z</time>
   </trkpt>
   <trkpt lat="50.4542880" lon="6.1476650">
    <ele>543.7</ele>
    <time>2025-09-12T11:45:56Z</time>
   </trkpt>
   <trkpt lat="50.4541290" lon="6.1478130">
    <ele>543.5</ele>
    <time>2025-09-12T11:45:59Z</time>
   </trkpt>
   <trkpt lat="50.4540230" lon="6.1478860">
    <ele>543.5</ele>
    <time>2025-09-12T11:46:01Z</time>
   </trkpt>
   <trkpt lat="50.4539280" lon="6.1479410">
    <ele>543.4</ele>
    <time>2025-09-12T11:46:03Z</time>
   </trkpt>
   <trkpt lat="50.4538420" lon="6.1479540">
    <ele>543.4</ele>
    <time>2025-09-12T11:46:05Z</time>
   </trkpt>
   <trkpt lat="50.4537290" lon="6.1479670">
    <ele>543.3</ele>
    <time>2025-09-12T11:46:08Z</time>
   </trkpt>
   <trkpt lat="50.4535470" lon="6.1480480">
    <ele>543.2</ele>
    <time>2025-09-12T11:46:12Z</time>
   </trkpt>
   <trkpt lat="50.4534450" lon="6.1481170">
    <ele>543.2</ele>
    <time>2025-09-12T11:46:14Z</time>
   </trkpt>
   <trkpt lat="50.4533400" lon="6.1482150">
    <ele>543.1</ele>
    <time>2025-09-12T11:46:16Z</time>
   </trkpt>
   <trkpt lat="50.4532870" lon="6.1482620">
    <ele>543.1</ele>
    <time>2025-09-12T11:46:17Z</time>
   </trkpt>
   <trkpt lat="50.4531270" lon="6.1483680">
    <ele>543.0</ele>
    <time>2025-09-12T11:46:20Z</time>
   </trkpt>
   <trkpt lat="50.4528320" lon="6.1486480">
    <ele>542.8</ele>
    <time>2025-09-12T11:46:25Z</time>
   </trkpt>
   <trkpt lat="50.4526970" lon="6.1488190">
    <ele>542.7</ele>
    <time>2025-09-12T11:46:27Z</time>
   </trkpt>
   <trkpt lat="50.4525650" lon="6.1489750">
    <ele>542.7</ele>
    <time>2025-09-12T11:46:29Z</time>
   </trkpt>
   <trkpt lat="50.4521170" lon="6.1495200">
    <ele>542.4</ele>
    <time>2025-09-12T11:46:35Z</time>
   </trkpt>
   <trkpt lat="50.4519120" lon="6.1497500">
    <ele>542.2</ele>
    <time>2025-09-12T11:46:38Z</time>
   </trkpt>
   <trkpt lat="50.4518510" lon="6.1498050">
    <ele>542.1</ele>
    <time>2025-09-12T11:46:39Z</time>
   </trkpt>
   <trkpt lat="50.4515140" lon="6.1502360">
    <ele>541.5</ele>
    <time>2025-09-12T11:46:44Z</time>
   </trkpt>
   <trkpt lat="50.4510920" lon="6.1507370">
    <ele>540.8</ele>
    <time>2025-09-12T11:46:50Z</time>
   </trkpt>
   <trkpt lat="50.4507440" lon="6.1512780">
    <ele>540.3</ele>
    <time>2025-09-12T11:46:56Z</time>
   </trkpt>
   <trkpt lat="50.4505650" lon="6.1516320">
    <ele>540.0</ele>
    <time>2025-09-12T11:47:00Z</time>
   </trkpt>
   <trkpt lat="50.4502600" lon="6.1522660">
    <ele>539.5</ele>
    <time>2025-09-12T11:47:06Z</time>
   </trkpt>
   <trkpt lat="50.4499690" lon="6.1528530">
    <ele>539.2</ele>
    <time>2025-09-12T11:47:12Z</time>
   </trkpt>
   <trkpt lat="50.4497660" lon="6.1532410">
    <ele>539.0</ele>
    <time>2025-09-12T11:47:16Z</time>
   </trkpt>
   <trkpt lat="50.4496520" lon="6.1534290">
    <ele>538.7</ele>
    <time>2025-09-12T11:47:18Z</time>
   </trkpt>
   <trkpt lat="50.4494790" lon="6.1536850">
    <ele>538.4</ele>
    <time>2025-09-12T11:47:21Z</time>
   </trkpt>
   <trkpt lat="50.4491740" lon="6.1540680">
    <ele>537.8</ele>
    <time>2025-09-12T11:47:26Z</time>
   </trkpt>
   <trkpt lat="50.4488510" lon="6.1543880">
    <ele>537.3</ele>
    <time>2025-09-12T11:47:31Z</time>
   </trkpt>
   <trkpt lat="50.4485770" lon="6.1545850">
    <ele>536.8</ele>
    <time>2025-09-12T11:47:35Z</time>
   </trkpt>
   <trkpt lat="50.4482810" lon="6.1547850">
    <ele>536.0</ele>
    <time>2025-09-12T11:47:39Z</time>
   </trkpt>
   <trkpt lat="50.4477810" lon="6.1550070">
    <ele>535.2</ele>
    <time>2025-09-12T11:47:45Z</time>
   </trkpt>
   <trkpt lat="50.4473920" lon="6.1550890">
    <ele>534.8</ele>
    <time>2025-09-12T11:47:50Z</time>
   </trkpt>
   <trkpt lat="50.4469310" lon="6.1551040">
    <ele>534.3</ele>
    <time>2025-09-12T11:47:56Z</time>
   </trkpt>
   <trkpt lat="50.4466100" lon="6.1551160">
    <ele>533.9</ele>
    <time>2025-09-12T11:48:00Z</time>
   </trkpt>
   <trkpt lat="50.4465250" lon="6.1551200">
    <ele>533.8</ele>
    <time>2025-09-12T11:48:01Z</time>
   </trkpt>
   <trkpt lat="50.4460200" lon="6.1551650">
    <ele>533.2</ele>
    <time>2025-09-12T11:48:07Z</time>
   </trkpt>
   <trkpt lat="50.4455590" lon="6.1552310">
    <ele>532.5</ele>
    <time>2025-09-12T11:48:13Z</time>
   </trkpt>
   <trkpt lat="50.4451580" lon="6.1554360">
    <ele>532.2</ele>
    <time>2025-09-12T11:48:18Z</time>
   </trkpt>
   <trkpt lat="50.4447340" lon="6.1557570">
    <ele>532.2</ele>
    <time>2025-09-12T11:48:24Z</time>
   </trkpt>
   <trkpt lat="50.4444150" lon="6.1560710">
    <ele>531.5</ele>
    <time>2025-09-12T11:48:29Z</time>
   </trkpt>
   <trkpt lat="50.4440940" lon="6.1565180">
    <ele>530.8</ele>
    <time>2025-09-12T11:48:35Z</time>
   </trkpt>
   <trkpt lat="50.4438980" lon="6.1569150">
    <ele>530.4</ele>
    <time>2025-09-12T11:48:39Z</time>
   </trkpt>
   <trkpt lat="50.4436790" lon="6.1574900">
    <ele>530.0</ele>
    <time>2025-09-12T11:48:44Z</time>
   </trkpt>
   <trkpt lat="50.4436120" lon="6.1577580">
    <ele>529.8</ele>
    <time>2025-09-12T11:48:47Z</time>
   </trkpt>
   <trkpt lat="50.4436170" lon="6.1579470">
    <ele>529.6</ele>
    <time>2025-09-12T11:48:51Z</time>
   </trkpt>
   <trkpt lat="50.4436490" lon="6.1581770">
    <ele>529.4</ele>
    <time>2025-09-12T11:48:55Z</time>
   </trkpt>
   <trkpt lat="50.4436560" lon="6.1582430">
    <ele>529.3</ele>
    <time>2025-09-12T11:48:56Z</time>
   </trkpt>
   <trkpt lat="50.4436560" lon="6.1584140">
    <ele>529.2</ele>
    <time>2025-09-12T11:48:58Z</time>
   </trkpt>
   <trkpt lat="50.4436120" lon="6.1588500">
    <ele>528.9</ele>
    <time>2025-09-12T11:49:01Z</time>
   </trkpt>
   <trkpt lat="50.4436190" lon="6.1589560">
    <ele>528.8</ele>
    <time>2025-09-12T11:49:02Z</time>
   </trkpt>
   <trkpt lat="50.4435830" lon="6.1593070">
    <ele>528.6</ele>
    <time>2025-09-12T11:49:04Z</time>
   </trkpt>
   <trkpt lat="50.4434690" lon="6.1603070">
    <ele>527.8</ele>
    <time>2025-09-12T11:49:09Z</time>
   </trkpt>
   <trkpt lat="50.4434790" lon="6.1604300">
    <ele>527.7</ele>
    <time>2025-09-12T11:49:10Z</time>
   </trkpt>
   <trkpt lat="50.4435740" lon="6.1613570">
    <ele>527.1</ele>
    <time>2025-09-12T11:49:18Z</time>
   </trkpt>
   <trkpt lat="50.4436150" lon="6.1615540">
    <ele>527.0</ele>
    <time>2025-09-12T11:49:20Z</time>
   </trkpt>
   <trkpt lat="50.4437150" lon="6.1621910">
    <ele>526.6</ele>
    <time>2025-09-12T11:49:26Z</time>
   </trkpt>
   <trkpt lat="50.4438340" lon="6.1630810">
    <ele>526.2</ele>
    <time>2025-09-12T11:49:34Z</time>
   </trkpt>
   <trkpt lat="50.4438720" lon="6.1636140">
    <ele>526.3</ele>
    <time>2025-09-12T11:49:39Z</time>
   </trkpt>
   <trkpt lat="50.4438690" lon="6.1637180">
    <ele>526.3</ele>
    <time>2025-09-12T11:49:40Z</time>
   </trkpt>
   <trkpt lat="50.4438380" lon="6.1641470">
    <ele>526.2</ele>
    <time>2025-09-12T11:49:44Z</time>
   </trkpt>
   <trkpt lat="50.4437710" lon="6.1645850">
    <ele>526.1</ele>
    <time>2025-09-12T11:49:48Z</time>
   </trkpt>
   <trkpt lat="50.4437290" lon="6.1647990">
    <ele>526.1</ele>
    <time>2025-09-12T11:49:50Z</time>
   </trkpt>
   <trkpt lat="50.4437100" lon="6.1649010">
    <ele>526.1</ele>
    <time>2025-09-12T11:49:51Z</time>
   </trkpt>
   <trkpt lat="50.4436390" lon="6.1652020">
    <ele>526.0</ele>
    <time>2025-09-12T11:49:54Z</time>
   </trkpt>
   <trkpt lat="50.4434000" lon="6.1658850">
    <ele>526.2</ele>
    <time>2025-09-12T11:50:01Z</time>
   </trkpt>
   <trkpt lat="50.4432140" lon="6.1663070">
    <ele>526.3</ele>
    <time>2025-09-12T11:50:06Z</time>
   </trkpt>
   <trkpt lat="50.4429850" lon="6.1666680">
    <ele>526.5</ele>
    <time>2025-09-12T11:50:11Z</time>
   </trkpt>
   <trkpt lat="50.4428360" lon="6.1668640">
    <ele>526.6</ele>
    <time>2025-09-12T11:50:14Z</time>
   </trkpt>
   <trkpt lat="50.4427420" lon="6.1669670">
    <ele>526.7</ele>
    <time>2025-09-12T11:50:16Z</time>
   </trkpt>
   <trkpt lat="50.4423890" lon="6.1673260">
    <ele>526.9</ele>
    <time>2025-09-12T11:50:22Z</time>
   </trkpt>
   <trkpt lat="50.4419950" lon="6.1676970">
    <ele>527.5</ele>
    <time>2025-09-12T11:50:29Z</time>
   </trkpt>
   <trkpt lat="50.4417510" lon="6.1679340">
    <ele>527.8</ele>
    <time>2025-09-12T11:50:34Z</time>
   </trkpt>
   <trkpt lat="50.4414470" lon="6.1682000">
    <ele>528.4</ele>
    <time>2025-09-12T11:50:41Z</time>
   </trkpt>
   <trkpt lat="50.4411340" lon="6.1684790">
    <ele>529.2</ele>
    <time>2025-09-12T11:50:49Z</time>
   </trkpt>
   <trkpt lat="50.4409600" lon="6.1686390">
    <ele>529.8</ele>
    <time>2025-09-12T11:50:55Z</time>
   </trkpt>
   <trkpt lat="50.4408290" lon="6.1688090">
    <ele>530.0</ele>
    <time>2025-09-12T11:51:00Z</time>
   </trkpt>
   <trkpt lat="50.4406520" lon="6.1689160">
    <ele>529.9</ele>
    <time>2025-09-12T11:51:05Z</time>
   </trkpt>
   <trkpt lat="50.4404080" lon="6.1691210">
    <ele>530.2</ele>
    <time>2025-09-12T11:51:12Z</time>
   </trkpt>
   <trkpt lat="50.4402400" lon="6.1692480">
    <ele>530.5</ele>
    <time>2025-09-12T11:51:17Z</time>
   </trkpt>
   <trkpt lat="50.4399570" lon="6.1694860">
    <ele>530.7</ele>
    <time>2025-09-12T11:51:24Z</time>
   </trkpt>
   <trkpt lat="50.4396440" lon="6.1698060">
    <ele>531.2</ele>
    <time>2025-09-12T11:51:31Z</time>
   </trkpt>
   <trkpt lat="50.4392070" lon="6.1702260">
    <ele>532.2</ele>
    <time>2025-09-12T11:51:41Z</time>
   </trkpt>
   <trkpt lat="50.4391240" lon="6.1703090">
    <ele>532.4</ele>
    <time>2025-09-12T11:51:43Z</time>
   </trkpt>
   <trkpt lat="50.4389730" lon="6.1704380">
    <ele>532.9</ele>
    <time>2025-09-12T11:51:47Z</time>
   </trkpt>
   <trkpt lat="50.4387870" lon="6.1706010">
    <ele>533.3</ele>
    <time>2025-09-12T11:51:52Z</time>
   </trkpt>
   <trkpt lat="50.4387470" lon="6.1706280">
    <ele>533.3</ele>
    <time>2025-09-12T11:51:53Z</time>
   </trkpt>
   <trkpt lat="50.4385750" lon="6.1707720">
    <ele>533.7</ele>
    <time>2025-09-12T11:51:57Z</time>
   </trkpt>
   <trkpt lat="50.4383680" lon="6.1709330">
    <ele>534.1</ele>
    <time>2025-09-12T11:52:02Z</time>
   </trkpt>
   <trkpt lat="50.4383280" lon="6.1709540">
    <ele>534.1</ele>
    <time>2025-09-12T11:52:03Z</time>
   </trkpt>
   <trkpt lat="50.4382050" lon="6.1710150">
    <ele>534.3</ele>
    <time>2025-09-12T11:52:06Z</time>
   </trkpt>
   <trkpt lat="50.4381140" lon="6.1710710">
    <ele>534.5</ele>
    <time>2025-09-12T11:52:08Z</time>
   </trkpt>
   <trkpt lat="50.4380320" lon="6.1711290">
    <ele>534.7</ele>
    <time>2025-09-12T11:52:10Z</time>
   </trkpt>
   <trkpt lat="50.4379870" lon="6.1711510">
    <ele>534.7</ele>
    <time>2025-09-12T11:52:11Z</time>
   </trkpt>
   <trkpt lat="50.4379000" lon="6.1711860">
    <ele>534.9</ele>
    <time>2025-09-12T11:52:13Z</time>
   </trkpt>
   <trkpt lat="50.4378070" lon="6.1712350">
    <ele>535.1</ele>
    <time>2025-09-12T11:52:15Z</time>
   </trkpt>
   <trkpt lat="50.4377560" lon="6.1712520">
    <ele>535.2</ele>
    <time>2025-09-12T11:52:16Z</time>
   </trkpt>
   <trkpt lat="50.4375980" lon="6.1713190">
    <ele>535.6</ele>
    <time>2025-09-12T11:52:19Z</time>
   </trkpt>
   <trkpt lat="50.4375050" lon="6.1713500">
    <ele>535.8</ele>
    <time>2025-09-12T11:52:21Z</time>
   </trkpt>
   <trkpt lat="50.4374130" lon="6.1713720">
    <ele>536.0</ele>
    <time>2025-09-12T11:52:23Z</time>
   </trkpt>
   <trkpt lat="50.4372750" lon="6.1714040">
    <ele>536.3</ele>
    <time>2025-09-12T11:52:26Z</time>
   </trkpt>
   <trkpt lat="50.4371730" lon="6.1714200">
    <ele>536.5</ele>
    <time>2025-09-12T11:52:28Z</time>
   </trkpt>
   <trkpt lat="50.4368460" lon="6.1714280">
    <ele>537.1</ele>
    <time>2025-09-12T11:52:35Z</time>
   </trkpt>
   <trkpt lat="50.4367220" lon="6.1714040">
    <ele>537.3</ele>
    <time>2025-09-12T11:52:38Z</time>
   </trkpt>
   <trkpt lat="50.4366380" lon="6.1713970">
    <ele>537.5</ele>
    <time>2025-09-12T11:52:40Z</time>
   </trkpt>
   <trkpt lat="50.4364240" lon="6.1713770">
    <ele>537.8</ele>
    <time>2025-09-12T11:52:45Z</time>
   </trkpt>
   <trkpt lat="50.4363390" lon="6.1713650">
    <ele>537.9</ele>
    <time>2025-09-12T11:52:47Z</time>
   </trkpt>
   <trkpt lat="50.4360780" lon="6.1713350">
    <ele>538.3</ele>
    <time>2025-09-12T11:52:53Z</time>
   </trkpt>
   <trkpt lat="50.4357270" lon="6.1712800">
    <ele>538.9</ele>
    <time>2025-09-12T11:53:01Z</time>
   </trkpt>
   <trkpt lat="50.4354360" lon="6.1712260">
    <ele>539.1</ele>
    <time>2025-09-12T11:53:08Z</time>
   </trkpt>
   <trkpt lat="50.4353380" lon="6.1712170">
    <ele>539.2</ele>
    <time>2025-09-12T11:53:10Z</time>
   </trkpt>
   <trkpt lat="50.4351960" lon="6.1712260">
    <ele>539.2</ele>
    <time>2025-09-12T11:53:13Z</time>
   </trkpt>
   <trkpt lat="50.4351480" lon="6.1712380">
    <ele>539.3</ele>
    <time>2025-09-12T11:53:14Z</time>
   </trkpt>
   <trkpt lat="50.4350090" lon="6.1712660">
    <ele>539.4</ele>
    <time>2025-09-12T11:53:17Z</time>
   </trkpt>
   <trkpt lat="50.4349140" lon="6.1712850">
    <ele>539.5</ele>
    <time>2025-09-12T11:53:19Z</time>
   </trkpt>
   <trkpt lat="50.4345860" lon="6.1713870">
    <ele>540.0</ele>
    <time>2025-09-12T11:53:26Z</time>
   </trkpt>
   <trkpt lat="50.4342290" lon="6.1715800">
    <ele>540.6</ele>
    <time>2025-09-12T11:53:34Z</time>
   </trkpt>
   <trkpt lat="50.4339760" lon="6.1717450">
    <ele>541.0</ele>
    <time>2025-09-12T11:53:40Z</time>
   </trkpt>
   <trkpt lat="50.4338010" lon="6.1718710">
    <ele>541.3</ele>
    <time>2025-09-12T11:53:44Z</time>
   </trkpt>
   <trkpt lat="50.4337140" lon="6.1719330">
    <ele>541.5</ele>
    <time>2025-09-12T11:53:46Z</time>
   </trkpt>
   <trkpt lat="50.4334080" lon="6.1721530">
    <ele>542.0</ele>
    <time>2025-09-12T11:53:53Z</time>
   </trkpt>
   <trkpt lat="50.4330280" lon="6.1724350">
    <ele>542.7</ele>
    <time>2025-09-12T11:54:02Z</time>
   </trkpt>
   <trkpt lat="50.4326830" lon="6.1726820">
    <ele>543.5</ele>
    <time>2025-09-12T11:54:10Z</time>
   </trkpt>
   <trkpt lat="50.4325250" lon="6.1727900">
    <ele>544.1</ele>
    <time>2025-09-12T11:54:14Z</time>
   </trkpt>
   <trkpt lat="50.4324430" lon="6.1728480">
    <ele>544.1</ele>
    <time>2025-09-12T11:54:16Z</time>
   </trkpt>
   <trkpt lat="50.4321310" lon="6.1730630">
    <ele>544.5</ele>
    <time>2025-09-12T11:54:23Z</time>
   </trkpt>
   <trkpt lat="50.4318230" lon="6.1732960">
    <ele>545.1</ele>
    <time>2025-09-12T11:54:30Z</time>
   </trkpt>
   <trkpt lat="50.4314760" lon="6.1734730">
    <ele>545.8</ele>
    <time>2025-09-12T11:54:38Z</time>
   </trkpt>
   <trkpt lat="50.4313070" lon="6.1735330">
    <ele>546.1</ele>
    <time>2025-09-12T11:54:42Z</time>
   </trkpt>
   <trkpt lat="50.4312630" lon="6.1735430">
    <ele>546.2</ele>
    <time>2025-09-12T11:54:43Z</time>
   </trkpt>
   <trkpt lat="50.4309650" lon="6.1736170">
    <ele>546.8</ele>
    <time>2025-09-12T11:54:49Z</time>
   </trkpt>
   <trkpt lat="50.4308230" lon="6.1736670">
    <ele>547.1</ele>
    <time>2025-09-12T11:54:52Z</time>
   </trkpt>
   <trkpt lat="50.4306860" lon="6.1737050">
    <ele>547.3</ele>
    <time>2025-09-12T11:54:55Z</time>
   </trkpt>
   <trkpt lat="50.4306410" lon="6.1737110">
    <ele>547.3</ele>
    <time>2025-09-12T11:54:56Z</time>
   </trkpt>
   <trkpt lat="50.4305600" lon="6.1737230">
    <ele>547.4</ele>
    <time>2025-09-12T11:54:58Z</time>
   </trkpt>
   <trkpt lat="50.4305170" lon="6.1737360">
    <ele>547.4</ele>
    <time>2025-09-12T11:54:59Z</time>
   </trkpt>
   <trkpt lat="50.4303140" lon="6.1737470">
    <ele>547.7</ele>
    <time>2025-09-12T11:55:04Z</time>
   </trkpt>
   <trkpt lat="50.4301010" lon="6.1737850">
    <ele>548.2</ele>
    <time>2025-09-12T11:55:09Z</time>
   </trkpt>
   <trkpt lat="50.4298510" lon="6.1738450">
    <ele>548.5</ele>
    <time>2025-09-12T11:55:15Z</time>
   </trkpt>
   <trkpt lat="50.4296110" lon="6.1739260">
    <ele>548.8</ele>
    <time>2025-09-12T11:55:20Z</time>
   </trkpt>
   <trkpt lat="50.4294010" lon="6.1739950">
    <ele>549.0</ele>
    <time>2025-09-12T11:55:24Z</time>
   </trkpt>
   <trkpt lat="50.4292480" lon="6.1740320">
    <ele>549.3</ele>
    <time>2025-09-12T11:55:27Z</time>
   </trkpt>
   <trkpt lat="50.4289980" lon="6.1740790">
    <ele>549.7</ele>
    <time>2025-09-12T11:55:32Z</time>
   </trkpt>
   <trkpt lat="50.4289030" lon="6.1740840">
    <ele>549.9</ele>
    <time>2025-09-12T11:55:34Z</time>
   </trkpt>
   <trkpt lat="50.4286640" lon="6.1740730">
    <ele>550.3</ele>
    <time>2025-09-12T11:55:39Z</time>
   </trkpt>
   <trkpt lat="50.4286160" lon="6.1740710">
    <ele>550.4</ele>
    <time>2025-09-12T11:55:40Z</time>
   </trkpt>
   <trkpt lat="50.4285700" lon="6.1740680">
    <ele>550.5</ele>
    <time>2025-09-12T11:55:41Z</time>
   </trkpt>
   <trkpt lat="50.4283730" lon="6.1740560">
    <ele>550.9</ele>
    <time>2025-09-12T11:55:45Z</time>
   </trkpt>
   <trkpt lat="50.4280370" lon="6.1739670">
    <ele>551.4</ele>
    <time>2025-09-12T11:55:52Z</time>
   </trkpt>
   <trkpt lat="50.4279950" lon="6.1739510">
    <ele>551.5</ele>
    <time>2025-09-12T11:55:53Z</time>
   </trkpt>
   <trkpt lat="50.4279500" lon="6.1739360">
    <ele>551.5</ele>
    <time>2025-09-12T11:55:54Z</time>
   </trkpt>
   <trkpt lat="50.4277280" lon="6.1738360">
    <ele>551.9</ele>
    <time>2025-09-12T11:55:59Z</time>
   </trkpt>
   <trkpt lat="50.4274220" lon="6.1736270">
    <ele>552.4</ele>
    <time>2025-09-12T11:56:06Z</time>
   </trkpt>
   <trkpt lat="50.4273800" lon="6.1735980">
    <ele>552.5</ele>
    <time>2025-09-12T11:56:07Z</time>
   </trkpt>
   <trkpt lat="50.4270990" lon="6.1733530">
    <ele>553.0</ele>
    <time>2025-09-12T11:56:14Z</time>
   </trkpt>
   <trkpt lat="50.4267760" lon="6.1729800">
    <ele>553.8</ele>
    <time>2025-09-12T11:56:23Z</time>
   </trkpt>
   <trkpt lat="50.4266450" lon="6.1727980">
    <ele>554.0</ele>
    <time>2025-09-12T11:56:27Z</time>
   </trkpt>
   <trkpt lat="50.4265820" lon="6.1726950">
    <ele>554.2</ele>
    <time>2025-09-12T11:56:29Z</time>
   </trkpt>
   <trkpt lat="50.4263800" lon="6.1723030">
    <ele>554.7</ele>
    <time>2025-09-12T11:56:36Z</time>
   </trkpt>
   <trkpt lat="50.4263210" lon="6.1721930">
    <ele>554.9</ele>
    <time>2025-09-12T11:56:38Z</time>
   </trkpt>
   <trkpt lat="50.4262130" lon="6.1719890">
    <ele>555.2</ele>
    <time>2025-09-12T11:56:42Z</time>
   </trkpt>
   <trkpt lat="50.4261020" lon="6.1717690">
    <ele>555.5</ele>
    <time>2025-09-12T11:56:46Z</time>
   </trkpt>
   <trkpt lat="50.4260390" lon="6.1716510">
    <ele>555.6</ele>
    <time>2025-09-12T11:56:48Z</time>
   </trkpt>
   <trkpt lat="50.4258970" lon="6.1713800">
    <ele>555.9</ele>
    <time>2025-09-12T11:56:53Z</time>
   </trkpt>
   <trkpt lat="50.4258120" lon="6.1712170">
    <ele>556.2</ele>
    <time>2025-09-12T11:56:56Z</time>
   </trkpt>
   <trkpt lat="50.4257530" lon="6.1711170">
    <ele>556.3</ele>
    <time>2025-09-12T11:56:58Z</time>
   </trkpt>
   <trkpt lat="50.4257220" lon="6.1710650">
    <ele>556.4</ele>
    <time>2025-09-12T11:56:59Z</time>
   </trkpt>
   <trkpt lat="50.4254700" lon="6.1706500">
    <ele>556.9</ele>
    <time>2025-09-12T11:57:07Z</time>
   </trkpt>
   <trkpt lat="50.4253650" lon="6.1705200">
    <ele>557.1</ele>
    <time>2025-09-12T11:57:10Z</time>
   </trkpt>
   <trkpt lat="50.4252890" lon="6.1704410">
    <ele>557.3</ele>
    <time>2025-09-12T11:57:12Z</time>
   </trkpt>
   <trkpt lat="50.4250870" lon="6.1702180">
    <ele>557.7</ele>
    <time>2025-09-12T11:57:18Z</time>
   </trkpt>
   <trkpt lat="50.4249230" lon="6.1700990">
    <ele>558.0</ele>
    <time>2025-09-12T11:57:22Z</time>
   </trkpt>
   <trkpt lat="50.4248800" lon="6.1700660">
    <ele>558.0</ele>
    <time>2025-09-12T11:57:23Z</time>
   </trkpt>
   <trkpt lat="50.4248360" lon="6.1700290">
    <ele>558.1</ele>
    <time>2025-09-12T11:57:24Z</time>
   </trkpt>
   <trkpt lat="50.4246990" lon="6.1699230">
    <ele>558.2</ele>
    <time>2025-09-12T11:57:27Z</time>
   </trkpt>
   <trkpt lat="50.4245610" lon="6.1698260">
    <ele>558.4</ele>
    <time>2025-09-12T11:57:30Z</time>
   </trkpt>
   <trkpt lat="50.4244290" lon="6.1697210">
    <ele>558.7</ele>
    <time>2025-09-12T11:57:33Z</time>
   </trkpt>
   <trkpt lat="50.4240680" lon="6.1695220">
    <ele>559.4</ele>
    <time>2025-09-12T11:57:41Z</time>
   </trkpt>
   <trkpt lat="50.4237550" lon="6.1694220">
    <ele>559.5</ele>
    <time>2025-09-12T11:57:48Z</time>
   </trkpt>
   <trkpt lat="50.4236660" lon="6.1693940">
    <ele>559.6</ele>
    <time>2025-09-12T11:57:50Z</time>
   </trkpt>
   <trkpt lat="50.4235310" lon="6.1693590">
    <ele>559.6</ele>
    <time>2025-09-12T11:57:53Z</time>
   </trkpt>
   <trkpt lat="50.4234390" lon="6.1693340">
    <ele>559.6</ele>
    <time>2025-09-12T11:57:55Z</time>
   </trkpt>
   <trkpt lat="50.4232880" lon="6.1693330">
    <ele>559.6</ele>
    <time>2025-09-12T11:57:58Z</time>
   </trkpt>
   <trkpt lat="50.4229830" lon="6.1693730">
    <ele>559.7</ele>
    <time>2025-09-12T11:58:04Z</time>
   </trkpt>
   <trkpt lat="50.4226900" lon="6.1694030">
    <ele>559.7</ele>
    <time>2025-09-12T11:58:10Z</time>
   </trkpt>
   <trkpt lat="50.4225970" lon="6.1694160">
    <ele>559.7</ele>
    <time>2025-09-12T11:58:12Z</time>
   </trkpt>
   <trkpt lat="50.4224430" lon="6.1694370">
    <ele>559.6</ele>
    <time>2025-09-12T11:58:15Z</time>
   </trkpt>
   <trkpt lat="50.4223910" lon="6.1694470">
    <ele>559.5</ele>
    <time>2025-09-12T11:58:16Z</time>
   </trkpt>
   <trkpt lat="50.4221870" lon="6.1695020">
    <ele>559.5</ele>
    <time>2025-09-12T11:58:20Z</time>
   </trkpt>
   <trkpt lat="50.4218640" lon="6.1696260">
    <ele>559.5</ele>
    <time>2025-09-12T11:58:26Z</time>
   </trkpt>
   <trkpt lat="50.4215830" lon="6.1697550">
    <ele>559.5</ele>
    <time>2025-09-12T11:58:31Z</time>
   </trkpt>
   <trkpt lat="50.4212990" lon="6.1698720">
    <ele>559.5</ele>
    <time>2025-09-12T11:58:36Z</time>
   </trkpt>
   <trkpt lat="50.4209520" lon="6.1700290">
    <ele>559.7</ele>
    <time>2025-09-12T11:58:42Z</time>
   </trkpt>
   <trkpt lat="50.4208390" lon="6.1700750">
    <ele>559.7</ele>
    <time>2025-09-12T11:58:44Z</time>
   </trkpt>
   <trkpt lat="50.4206240" lon="6.1701850">
    <ele>559.8</ele>
    <time>2025-09-12T11:58:48Z</time>
   </trkpt>
   <trkpt lat="50.4203050" lon="6.1703670">
    <ele>559.8</ele>
    <time>2025-09-12T11:58:54Z</time>
   </trkpt>
   <trkpt lat="50.4201500" lon="6.1704600">
    <ele>559.8</ele>
    <time>2025-09-12T11:58:57Z</time>
   </trkpt>
   <trkpt lat="50.4197090" lon="6.1707000">
    <ele>559.8</ele>
    <time>2025-09-12T11:59:05Z</time>
   </trkpt>
   <trkpt lat="50.4194400" lon="6.1708500">
    <ele>559.8</ele>
    <time>2025-09-12T11:59:10Z</time>
   </trkpt>
   <trkpt lat="50.4191120" lon="6.1710300">
    <ele>559.7</ele>
    <time>2025-09-12T11:59:16Z</time>
   </trkpt>
   <trkpt lat="50.4188300" lon="6.1711940">
    <ele>559.6</ele>
    <time>2025-09-12T11:59:21Z</time>
   </trkpt>
   <trkpt lat="50.4185060" lon="6.1713740">
    <ele>559.6</ele>
    <time>2025-09-12T11:59:27Z</time>
   </trkpt>
   <trkpt lat="50.4182340" lon="6.1715370">
    <ele>559.6</ele>
    <time>2025-09-12T11:59:32Z</time>
   </trkpt>
   <trkpt lat="50.4179750" lon="6.1716840">
    <ele>559.7</ele>
    <time>2025-09-12T11:59:37Z</time>
   </trkpt>
   <trkpt lat="50.4176990" lon="6.1718310">
    <ele>559.7</ele>
    <time>2025-09-12T11:59:42Z</time>
   </trkpt>
   <trkpt lat="50.4172480" lon="6.1720680">
    <ele>559.8</ele>
    <time>2025-09-12T11:59:50Z</time>
   </trkpt>
   <trkpt lat="50.4169800" lon="6.1722070">
    <ele>559.7</ele>
    <time>2025-09-12T11:59:55Z</time>
   </trkpt>
   <trkpt lat="50.4166540" lon="6.1723620">
    <ele>559.7</ele>
    <time>2025-09-12T12:00:01Z</time>
   </trkpt>
   <trkpt lat="50.4164210" lon="6.1724600">
    <ele>559.7</ele>
    <time>2025-09-12T12:00:05Z</time>
   </trkpt>
   <trkpt lat="50.4161350" lon="6.1725880">
    <ele>559.7</ele>
    <time>2025-09-12T12:00:10Z</time>
   </trkpt>
   <trkpt lat="50.4157040" lon="6.1726750">
    <ele>559.7</ele>
    <time>2025-09-12T12:00:17Z</time>
   </trkpt>
   <trkpt lat="50.4153930" lon="6.1726870">
    <ele>559.7</ele>
    <time>2025-09-12T12:00:22Z</time>
   </trkpt>
   <trkpt lat="50.4151440" lon="6.1726930">
    <ele>559.7</ele>
    <time>2025-09-12T12:00:26Z</time>
   </trkpt>
   <trkpt lat="50.4146900" lon="6.1727550">
    <ele>559.2</ele>
    <time>2025-09-12T12:00:33Z</time>
   </trkpt>
   <trkpt lat="50.4141640" lon="6.1727480">
    <ele>558.7</ele>
    <time>2025-09-12T12:00:41Z</time>
   </trkpt>
   <trkpt lat="50.4137590" lon="6.1726750">
    <ele>558.1</ele>
    <time>2025-09-12T12:00:47Z</time>
   </trkpt>
   <trkpt lat="50.4133350" lon="6.1725790">
    <ele>557.3</ele>
    <time>2025-09-12T12:00:53Z</time>
   </trkpt>
   <trkpt lat="50.4128310" lon="6.1724860">
    <ele>556.5</ele>
    <time>2025-09-12T12:01:00Z</time>
   </trkpt>
   <trkpt lat="50.4124370" lon="6.1723890">
    <ele>556.2</ele>
    <time>2025-09-12T12:01:06Z</time>
   </trkpt>
   <trkpt lat="50.4123100" lon="6.1723690">
    <ele>555.9</ele>
    <time>2025-09-12T12:01:08Z</time>
   </trkpt>
   <trkpt lat="50.4121210" lon="6.1723330">
    <ele>555.6</ele>
    <time>2025-09-12T12:01:11Z</time>
   </trkpt>
   <trkpt lat="50.4116640" lon="6.1722460">
    <ele>554.8</ele>
    <time>2025-09-12T12:01:18Z</time>
   </trkpt>
   <trkpt lat="50.4111650" lon="6.1721580">
    <ele>554.0</ele>
    <time>2025-09-12T12:01:25Z</time>
   </trkpt>
   <trkpt lat="50.4107830" lon="6.1720870">
    <ele>553.4</ele>
    <time>2025-09-12T12:01:30Z</time>
   </trkpt>
   <trkpt lat="50.4104660" lon="6.1720170">
    <ele>553.0</ele>
    <time>2025-09-12T12:01:34Z</time>
   </trkpt>
   <trkpt lat="50.4099780" lon="6.1718600">
    <ele>552.3</ele>
    <time>2025-09-12T12:01:40Z</time>
   </trkpt>
   <trkpt lat="50.4098970" lon="6.1718280">
    <ele>552.2</ele>
    <time>2025-09-12T12:01:41Z</time>
   </trkpt>
   <trkpt lat="50.4095780" lon="6.1716830">
    <ele>551.7</ele>
    <time>2025-09-12T12:01:45Z</time>
   </trkpt>
   <trkpt lat="50.4094990" lon="6.1716340">
    <ele>551.6</ele>
    <time>2025-09-12T12:01:46Z</time>
   </trkpt>
   <trkpt lat="50.4091860" lon="6.1713880">
    <ele>550.9</ele>
    <time>2025-09-12T12:01:50Z</time>
   </trkpt>
   <trkpt lat="50.4088330" lon="6.1710450">
    <ele>550.2</ele>
    <time>2025-09-12T12:01:55Z</time>
   </trkpt>
   <trkpt lat="50.4084510" lon="6.1705400">
    <ele>549.4</ele>
    <time>2025-09-12T12:02:01Z</time>
   </trkpt>
   <trkpt lat="50.4081950" lon="6.1700720">
    <ele>548.8</ele>
    <time>2025-09-12T12:02:06Z</time>
   </trkpt>
   <trkpt lat="50.4080160" lon="6.1696820">
    <ele>548.3</ele>
    <time>2025-09-12T12:02:10Z</time>
   </trkpt>
   <trkpt lat="50.4079710" lon="6.1695860">
    <ele>548.1</ele>
    <time>2025-09-12T12:02:11Z</time>
   </trkpt>
   <trkpt lat="50.4077580" lon="6.1691040">
    <ele>547.5</ele>
    <time>2025-09-12T12:02:16Z</time>
   </trkpt>
   <trkpt lat="50.4075240" lon="6.1685810">
    <ele>546.8</ele>
    <time>2025-09-12T12:02:21Z</time>
   </trkpt>
   <trkpt lat="50.4074790" lon="6.1684730">
    <ele>546.6</ele>
    <time>2025-09-12T12:02:22Z</time>
   </trkpt>
   <trkpt lat="50.4072470" lon="6.1679340">
    <ele>546.0</ele>
    <time>2025-09-12T12:02:27Z</time>
   </trkpt>
   <trkpt lat="50.4071050" lon="6.1676050">
    <ele>545.6</ele>
    <time>2025-09-12T12:02:30Z</time>
   </trkpt>
   <trkpt lat="50.4070230" lon="6.1673790">
    <ele>545.3</ele>
    <time>2025-09-12T12:02:32Z</time>
   </trkpt>
   <trkpt lat="50.4068370" lon="6.1667850">
    <ele>544.6</ele>
    <time>2025-09-12T12:02:37Z</time>
   </trkpt>
   <trkpt lat="50.4068090" lon="6.1666590">
    <ele>544.4</ele>
    <time>2025-09-12T12:02:38Z</time>
   </trkpt>
   <trkpt lat="50.4066890" lon="6.1660380">
    <ele>543.7</ele>
    <time>2025-09-12T12:02:43Z</time>
   </trkpt>
   <trkpt lat="50.4066240" lon="6.1655160">
    <ele>543.1</ele>
    <time>2025-09-12T12:02:47Z</time>
   </trkpt>
   <trkpt lat="50.4066080" lon="6.1653880">
    <ele>542.9</ele>
    <time>2025-09-12T12:02:48Z</time>
   </trkpt>
   <trkpt lat="50.4065980" lon="6.1652580">
    <ele>542.8</ele>
    <time>2025-09-12T12:02:49Z</time>
   </trkpt>
   <trkpt lat="50.4065920" lon="6.1648590">
    <ele>542.4</ele>
    <time>2025-09-12T12:02:52Z</time>
   </trkpt>
   <trkpt lat="50.4066210" lon="6.1641990">
    <ele>541.7</ele>
    <time>2025-09-12T12:02:57Z</time>
   </trkpt>
   <trkpt lat="50.4066730" lon="6.1635600">
    <ele>541.2</ele>
    <time>2025-09-12T12:03:02Z</time>
   </trkpt>
   <trkpt lat="50.4067490" lon="6.1631530">
    <ele>541.0</ele>
    <time>2025-09-12T12:03:06Z</time>
   </trkpt>
   <trkpt lat="50.4068560" lon="6.1626350">
    <ele>540.1</ele>
    <time>2025-09-12T12:03:11Z</time>
   </trkpt>
   <trkpt lat="50.4068810" lon="6.1625340">
    <ele>540.0</ele>
    <time>2025-09-12T12:03:12Z</time>
   </trkpt>
   <trkpt lat="50.4069700" lon="6.1622500">
    <ele>539.7</ele>
    <time>2025-09-12T12:03:15Z</time>
   </trkpt>
   <trkpt lat="50.4069980" lon="6.1621550">
    <ele>539.6</ele>
    <time>2025-09-12T12:03:16Z</time>
   </trkpt>
   <trkpt lat="50.4072290" lon="6.1614780">
    <ele>538.8</ele>
    <time>2025-09-12T12:03:23Z</time>
   </trkpt>
   <trkpt lat="50.4073850" lon="6.1609470">
    <ele>538.3</ele>
    <time>2025-09-12T12:03:28Z</time>
   </trkpt>
   <trkpt lat="50.4074920" lon="6.1603920">
    <ele>537.6</ele>
    <time>2025-09-12T12:03:33Z</time>
   </trkpt>
   <trkpt lat="50.4075580" lon="6.1597540">
    <ele>536.9</ele>
    <time>2025-09-12T12:03:38Z</time>
   </trkpt>
   <trkpt lat="50.4075650" lon="6.1591100">
    <ele>536.2</ele>
    <time>2025-09-12T12:03:43Z</time>
   </trkpt>
   <trkpt lat="50.4074710" lon="6.1582420">
    <ele>535.2</ele>
    <time>2025-09-12T12:03:50Z</time>
   </trkpt>
   <trkpt lat="50.4072830" lon="6.1574180">
    <ele>534.2</ele>
    <time>2025-09-12T12:03:57Z</time>
   </trkpt>
   <trkpt lat="50.4070610" lon="6.1565890">
    <ele>533.2</ele>
    <time>2025-09-12T12:04:04Z</time>
   </trkpt>
   <trkpt lat="50.4069960" lon="6.1563610">
    <ele>532.9</ele>
    <time>2025-09-12T12:04:06Z</time>
   </trkpt>
   <trkpt lat="50.4067860" lon="6.1555640">
    <ele>532.2</ele>
    <time>2025-09-12T12:04:13Z</time>
   </trkpt>
   <trkpt lat="50.4067580" lon="6.1554540">
    <ele>532.1</ele>
    <time>2025-09-12T12:04:14Z</time>
   </trkpt>
   <trkpt lat="50.4065260" lon="6.1546000">
    <ele>531.6</ele>
    <time>2025-09-12T12:04:22Z</time>
   </trkpt>
   <trkpt lat="50.4062950" lon="6.1537170">
    <ele>530.3</ele>
    <time>2025-09-12T12:04:30Z</time>
   </trkpt>
   <trkpt lat="50.4060930" lon="6.1530440">
    <ele>529.5</ele>
    <time>2025-09-12T12:04:36Z</time>
   </trkpt>
   <trkpt lat="50.4060620" lon="6.1529310">
    <ele>529.4</ele>
    <time>2025-09-12T12:04:37Z</time>
   </trkpt>
   <trkpt lat="50.4058210" lon="6.1521620">
    <ele>528.5</ele>
    <time>2025-09-12T12:04:44Z</time>
   </trkpt>
   <trkpt lat="50.4056020" lon="6.1514860">
    <ele>527.6</ele>
    <time>2025-09-12T12:04:50Z</time>
   </trkpt>
   <trkpt lat="50.4054100" lon="6.1506810">
    <ele>526.8</ele>
    <time>2025-09-12T12:04:57Z</time>
   </trkpt>
   <trkpt lat="50.4053930" lon="6.1505630">
    <ele>526.7</ele>
    <time>2025-09-12T12:04:58Z</time>
   </trkpt>
   <trkpt lat="50.4053130" lon="6.1498250">
    <ele>525.9</ele>
    <time>2025-09-12T12:05:04Z</time>
   </trkpt>
   <trkpt lat="50.4053080" lon="6.1489660">
    <ele>525.1</ele>
    <time>2025-09-12T12:05:11Z</time>
   </trkpt>
   <trkpt lat="50.4053620" lon="6.1483860">
    <ele>524.5</ele>
    <time>2025-09-12T12:05:16Z</time>
   </trkpt>
   <trkpt lat="50.4053910" lon="6.1481640">
    <ele>524.3</ele>
    <time>2025-09-12T12:05:18Z</time>
   </trkpt>
   <trkpt lat="50.4054760" lon="6.1477390">
    <ele>523.9</ele>
    <time>2025-09-12T12:05:22Z</time>
   </trkpt>
   <trkpt lat="50.4056990" lon="6.1469840">
    <ele>523.0</ele>
    <time>2025-09-12T12:05:29Z</time>
   </trkpt>
   <trkpt lat="50.4059730" lon="6.1462360">
    <ele>522.3</ele>
    <time>2025-09-12T12:05:36Z</time>
   </trkpt>
   <trkpt lat="50.4060540" lon="6.1460220">
    <ele>522.1</ele>
    <time>2025-09-12T12:05:38Z</time>
   </trkpt>
   <trkpt lat="50.4063030" lon="6.1452630">
    <ele>521.4</ele>
    <time>2025-09-12T12:05:45Z</time>
   </trkpt>
   <trkpt lat="50.4064430" lon="6.1445930">
    <ele>520.7</ele>
    <time>2025-09-12T12:05:51Z</time>
   </trkpt>
   <trkpt lat="50.4065750" lon="6.1437320">
    <ele>520.1</ele>
    <time>2025-09-12T12:05:58Z</time>
   </trkpt>
   <trkpt lat="50.4065960" lon="6.1436140">
    <ele>520.1</ele>
    <time>2025-09-12T12:05:59Z</time>
   </trkpt>
   <trkpt lat="50.4067130" lon="6.1428220">
    <ele>519.9</ele>
    <time>2025-09-12T12:06:06Z</time>
   </trkpt>
   <trkpt lat="50.4068490" lon="6.1419350">
    <ele>519.7</ele>
    <time>2025-09-12T12:06:14Z</time>
   </trkpt>
   <trkpt lat="50.4069040" lon="6.1416170">
    <ele>519.6</ele>
    <time>2025-09-12T12:06:17Z</time>
   </trkpt>
   <trkpt lat="50.4069540" lon="6.1412920">
    <ele>519.4</ele>
    <time>2025-09-12T12:06:20Z</time>
   </trkpt>
   <trkpt lat="50.4070990" lon="6.1404460">
    <ele>519.0</ele>
    <time>2025-09-12T12:06:28Z</time>
   </trkpt>
   <trkpt lat="50.4071340" lon="6.1402290">
    <ele>518.9</ele>
    <time>2025-09-12T12:06:30Z</time>
   </trkpt>
   <trkpt lat="50.4072690" lon="6.1393370">
    <ele>518.1</ele>
    <time>2025-09-12T12:06:38Z</time>
   </trkpt>
   <trkpt lat="50.4074100" lon="6.1384270">
    <ele>517.4</ele>
    <time>2025-09-12T12:06:46Z</time>
   </trkpt>
   <trkpt lat="50.4075720" lon="6.1375200">
    <ele>516.7</ele>
    <time>2025-09-12T12:06:54Z</time>
   </trkpt>
   <trkpt lat="50.4076980" lon="6.1367640">
    <ele>516.6</ele>
    <time>2025-09-12T12:07:01Z</time>
   </trkpt>
   <trkpt lat="50.4077900" lon="6.1362920">
    <ele>516.8</ele>
    <time>2025-09-12T12:07:06Z</time>
   </trkpt>
   <trkpt lat="50.4078670" lon="6.1358900">
    <ele>517.2</ele>
    <time>2025-09-12T12:07:11Z</time>
   </trkpt>
   <trkpt lat="50.4079500" lon="6.1354790">
    <ele>516.7</ele>
    <time>2025-09-12T12:07:16Z</time>
   </trkpt>
   <trkpt lat="50.4080910" lon="6.1348480">
    <ele>515.8</ele>
    <time>2025-09-12T12:07:23Z</time>
   </trkpt>
   <trkpt lat="50.4082870" lon="6.1340800">
    <ele>514.8</ele>
    <time>2025-09-12T12:07:31Z</time>
   </trkpt>
   <trkpt lat="50.4085240" lon="6.1332590">
    <ele>514.0</ele>
    <time>2025-09-12T12:07:39Z</time>
   </trkpt>
   <trkpt lat="50.4085520" lon="6.1331520">
    <ele>513.9</ele>
    <time>2025-09-12T12:07:40Z</time>
   </trkpt>
   <trkpt lat="50.4088070" lon="6.1323020">
    <ele>513.1</ele>
    <time>2025-09-12T12:07:48Z</time>
   </trkpt>
   <trkpt lat="50.4088810" lon="6.1320840">
    <ele>512.9</ele>
    <time>2025-09-12T12:07:50Z</time>
   </trkpt>
   <trkpt lat="50.4091240" lon="6.1312940">
    <ele>512.4</ele>
    <time>2025-09-12T12:07:57Z</time>
   </trkpt>
   <trkpt lat="50.4093530" lon="6.1304830">
    <ele>511.6</ele>
    <time>2025-09-12T12:08:04Z</time>
   </trkpt>
   <trkpt lat="50.4095830" lon="6.1296550">
    <ele>511.0</ele>
    <time>2025-09-12T12:08:11Z</time>
   </trkpt>
   <trkpt lat="50.4098180" lon="6.1288180">
    <ele>510.3</ele>
    <time>2025-09-12T12:08:18Z</time>
   </trkpt>
   <trkpt lat="50.4099090" lon="6.1284550">
    <ele>510.1</ele>
    <time>2025-09-12T12:08:21Z</time>
   </trkpt>
   <trkpt lat="50.4099620" lon="6.1282110">
    <ele>509.9</ele>
    <time>2025-09-12T12:08:23Z</time>
   </trkpt>
   <trkpt lat="50.4100820" lon="6.1275240">
    <ele>509.6</ele>
    <time>2025-09-12T12:08:29Z</time>
   </trkpt>
   <trkpt lat="50.4101770" lon="6.1268450">
    <ele>509.5</ele>
    <time>2025-09-12T12:08:35Z</time>
   </trkpt>
   <trkpt lat="50.4102890" lon="6.1260600">
    <ele>509.6</ele>
    <time>2025-09-12T12:08:42Z</time>
   </trkpt>
   <trkpt lat="50.4104140" lon="6.1251840">
    <ele>509.6</ele>
    <time>2025-09-12T12:08:50Z</time>
   </trkpt>
   <trkpt lat="50.4104820" lon="6.1244220">
    <ele>509.8</ele>
    <time>2025-09-12T12:08:57Z</time>
   </trkpt>
   <trkpt lat="50.4104940" lon="6.1238750">
    <ele>509.9</ele>
    <time>2025-09-12T12:09:02Z</time>
   </trkpt>
   <trkpt lat="50.4105070" lon="6.1230740">
    <ele>510.0</ele>
    <time>2025-09-12T12:09:09Z</time>
   </trkpt>
   <trkpt lat="50.4104660" lon="6.1223980">
    <ele>510.0</ele>
    <time>2025-09-12T12:09:15Z</time>
   </trkpt>
   <trkpt lat="50.4104530" lon="6.1222970">
    <ele>510.1</ele>
    <time>2025-09-12T12:09:16Z</time>
   </trkpt>
   <trkpt lat="50.4103960" lon="6.1221340">
    <ele>510.1</ele>
    <time>2025-09-12T12:09:18Z</time>
   </trkpt>
   <trkpt lat="50.4103440" lon="6.1220000">
    <ele>510.2</ele>
    <time>2025-09-12T12:09:20Z</time>
   </trkpt>
   <trkpt lat="50.4103240" lon="6.1218430">
    <ele>510.2</ele>
    <time>2025-09-12T12:09:22Z</time>
   </trkpt>
   <trkpt lat="50.4102290" lon="6.1213250">
    <ele>510.1</ele>
    <time>2025-09-12T12:09:29Z</time>
   </trkpt>
   <trkpt lat="50.4102030" lon="6.1211790">
    <ele>510.0</ele>
    <time>2025-09-12T12:09:31Z</time>
   </trkpt>
   <trkpt lat="50.4101140" lon="6.1208860">
    <ele>509.9</ele>
    <time>2025-09-12T12:09:35Z</time>
   </trkpt>
   <trkpt lat="50.4099330" lon="6.1204870">
    <ele>510.1</ele>
    <time>2025-09-12T12:09:41Z</time>
   </trkpt>
   <trkpt lat="50.4097650" lon="6.1201420">
    <ele>510.3</ele>
    <time>2025-09-12T12:09:47Z</time>
   </trkpt>
   <trkpt lat="50.4097430" lon="6.1199550">
    <ele>510.1</ele>
    <time>2025-09-12T12:09:50Z</time>
   </trkpt>
   <trkpt lat="50.4097400" lon="6.1198780">
    <ele>510.0</ele>
    <time>2025-09-12T12:09:51Z</time>
   </trkpt>
   <trkpt lat="50.4097250" lon="6.1198110">
    <ele>509.8</ele>
    <time>2025-09-12T12:09:52Z</time>
   </trkpt>
   <trkpt lat="50.4096600" lon="6.1197030">
    <ele>509.6</ele>
    <time>2025-09-12T12:09:54Z</time>
   </trkpt>
   <trkpt lat="50.4094160" lon="6.1193840">
    <ele>508.9</ele>
    <time>2025-09-12T12:10:00Z</time>
   </trkpt>
   <trkpt lat="50.4090520" lon="6.1188970">
    <ele>508.3</ele>
    <time>2025-09-12T12:10:08Z</time>
   </trkpt>
   <trkpt lat="50.4089150" lon="6.1187410">
    <ele>508.1</ele>
    <time>2025-09-12T12:10:11Z</time>
   </trkpt>
   <trkpt lat="50.4088270" lon="6.1186620">
    <ele>508.0</ele>
    <time>2025-09-12T12:10:13Z</time>
   </trkpt>
   <trkpt lat="50.4087830" lon="6.1186210">
    <ele>508.0</ele>
    <time>2025-09-12T12:10:14Z</time>
   </trkpt>
   <trkpt lat="50.4085940" lon="6.1184680">
    <ele>507.8</ele>
    <time>2025-09-12T12:10:18Z</time>
   </trkpt>
   <trkpt lat="50.4083010" lon="6.1182710">
    <ele>508.2</ele>
    <time>2025-09-12T12:10:24Z</time>
   </trkpt>
   <trkpt lat="50.4082530" lon="6.1182550">
    <ele>508.4</ele>
    <time>2025-09-12T12:10:25Z</time>
   </trkpt>
   <trkpt lat="50.4081760" lon="6.1182490">
    <ele>508.6</ele>
    <time>2025-09-12T12:10:27Z</time>
   </trkpt>
   <trkpt lat="50.4081210" lon="6.1181960">
    <ele>508.7</ele>
    <time>2025-09-12T12:10:29Z</time>
   </trkpt>
   <trkpt lat="50.4080560" lon="6.1181410">
    <ele>508.4</ele>
    <time>2025-09-12T12:10:31Z</time>
   </trkpt>
   <trkpt lat="50.4080190" lon="6.1181320">
    <ele>508.2</ele>
    <time>2025-09-12T12:10:32Z</time>
   </trkpt>
   <trkpt lat="50.4078400" lon="6.1180700">
    <ele>507.3</ele>
    <time>2025-09-12T12:10:36Z</time>
   </trkpt>
   <trkpt lat="50.4077360" lon="6.1180380">
    <ele>506.9</ele>
    <time>2025-09-12T12:10:38Z</time>
   </trkpt>
   <trkpt lat="50.4075290" lon="6.1179960">
    <ele>506.4</ele>
    <time>2025-09-12T12:10:42Z</time>
   </trkpt>
   <trkpt lat="50.4072540" lon="6.1179970">
    <ele>505.9</ele>
    <time>2025-09-12T12:10:47Z</time>
   </trkpt>
   <trkpt lat="50.4070820" lon="6.1180080">
    <ele>505.6</ele>
    <time>2025-09-12T12:10:50Z</time>
   </trkpt>
   <trkpt lat="50.4069630" lon="6.1180380">
    <ele>505.4</ele>
    <time>2025-09-12T12:10:52Z</time>
   </trkpt>
   <trkpt lat="50.4066350" lon="6.1181660">
    <ele>504.9</ele>
    <time>2025-09-12T12:10:57Z</time>
   </trkpt>
   <trkpt lat="50.4062410" lon="6.1184090">
    <ele>504.6</ele>
    <time>2025-09-12T12:11:04Z</time>
   </trkpt>
   <trkpt lat="50.4060870" lon="6.1185170">
    <ele>504.4</ele>
    <time>2025-09-12T12:11:07Z</time>
   </trkpt>
   <trkpt lat="50.4060380" lon="6.1185620">
    <ele>504.3</ele>
    <time>2025-09-12T12:11:08Z</time>
   </trkpt>
   <trkpt lat="50.4058790" lon="6.1187180">
    <ele>504.1</ele>
    <time>2025-09-12T12:11:11Z</time>
   </trkpt>
   <trkpt lat="50.4057770" lon="6.1188410">
    <ele>504.0</ele>
    <time>2025-09-12T12:11:13Z</time>
   </trkpt>
   <trkpt lat="50.4056120" lon="6.1190500">
    <ele>503.7</ele>
    <time>2025-09-12T12:11:17Z</time>
   </trkpt>
   <trkpt lat="50.4055030" lon="6.1191900">
    <ele>503.5</ele>
    <time>2025-09-12T12:11:19Z</time>
   </trkpt>
   <trkpt lat="50.4054510" lon="6.1192640">
    <ele>503.4</ele>
    <time>2025-09-12T12:11:20Z</time>
   </trkpt>
   <trkpt lat="50.4052450" lon="6.1196290">
    <ele>503.1</ele>
    <time>2025-09-12T12:11:24Z</time>
   </trkpt>
   <trkpt lat="50.4050590" lon="6.1200350">
    <ele>502.7</ele>
    <time>2025-09-12T12:11:28Z</time>
   </trkpt>
   <trkpt lat="50.4049290" lon="6.1203560">
    <ele>502.5</ele>
    <time>2025-09-12T12:11:32Z</time>
   </trkpt>
   <trkpt lat="50.4046770" lon="6.1209270">
    <ele>502.0</ele>
    <time>2025-09-12T12:11:38Z</time>
   </trkpt>
   <trkpt lat="50.4045680" lon="6.1211350">
    <ele>501.9</ele>
    <time>2025-09-12T12:11:40Z</time>
   </trkpt>
   <trkpt lat="50.4044470" lon="6.1213430">
    <ele>501.9</ele>
    <time>2025-09-12T12:11:42Z</time>
   </trkpt>
   <trkpt lat="50.4041920" lon="6.1218430">
    <ele>501.8</ele>
    <time>2025-09-12T12:11:47Z</time>
   </trkpt>
   <trkpt lat="50.4040830" lon="6.1219900">
    <ele>501.6</ele>
    <time>2025-09-12T12:11:49Z</time>
   </trkpt>
   <trkpt lat="50.4039510" lon="6.1220950">
    <ele>501.2</ele>
    <time>2025-09-12T12:11:51Z</time>
   </trkpt>
   <trkpt lat="50.4038830" lon="6.1221520">
    <ele>501.1</ele>
    <time>2025-09-12T12:11:52Z</time>
   </trkpt>
   <trkpt lat="50.4036960" lon="6.1223100">
    <ele>500.7</ele>
    <time>2025-09-12T12:11:55Z</time>
   </trkpt>
   <trkpt lat="50.4034420" lon="6.1224850">
    <ele>500.2</ele>
    <time>2025-09-12T12:11:59Z</time>
   </trkpt>
   <trkpt lat="50.4031000" lon="6.1226880">
    <ele>499.7</ele>
    <time>2025-09-12T12:12:04Z</time>
   </trkpt>
   <trkpt lat="50.4030270" lon="6.1227170">
    <ele>499.6</ele>
    <time>2025-09-12T12:12:05Z</time>
   </trkpt>
   <trkpt lat="50.4026870" lon="6.1227820">
    <ele>499.2</ele>
    <time>2025-09-12T12:12:10Z</time>
   </trkpt>
   <trkpt lat="50.4026110" lon="6.1227810">
    <ele>499.1</ele>
    <time>2025-09-12T12:12:11Z</time>
   </trkpt>
   <trkpt lat="50.4023840" lon="6.1227800">
    <ele>498.7</ele>
    <time>2025-09-12T12:12:14Z</time>
   </trkpt>
   <trkpt lat="50.4020130" lon="6.1227430">
    <ele>498.1</ele>
    <time>2025-09-12T12:12:19Z</time>
   </trkpt>
   <trkpt lat="50.4015910" lon="6.1225790">
    <ele>497.5</ele>
    <time>2025-09-12T12:12:25Z</time>
   </trkpt>
   <trkpt lat="50.4013770" lon="6.1224890">
    <ele>497.2</ele>
    <time>2025-09-12T12:12:28Z</time>
   </trkpt>
   <trkpt lat="50.4010860" lon="6.1222950">
    <ele>496.6</ele>
    <time>2025-09-12T12:12:32Z</time>
   </trkpt>
   <trkpt lat="50.4009430" lon="6.1221950">
    <ele>496.3</ele>
    <time>2025-09-12T12:12:34Z</time>
   </trkpt>
   <trkpt lat="50.4007980" lon="6.1221040">
    <ele>496.1</ele>
    <time>2025-09-12T12:12:36Z</time>
   </trkpt>
   <trkpt lat="50.4004610" lon="6.1218720">
    <ele>495.6</ele>
    <time>2025-09-12T12:12:41Z</time>
   </trkpt>
   <trkpt lat="50.3999910" lon="6.1215880">
    <ele>494.9</ele>
    <time>2025-09-12T12:12:48Z</time>
   </trkpt>
   <trkpt lat="50.3998830" lon="6.1215350">
    <ele>494.7</ele>
    <time>2025-09-12T12:12:50Z</time>
   </trkpt>
   <trkpt lat="50.3998010" lon="6.1214590">
    <ele>494.5</ele>
    <time>2025-09-12T12:12:52Z</time>
   </trkpt>
   <trkpt lat="50.3997580" lon="6.1214210">
    <ele>494.3</ele>
    <time>2025-09-12T12:12:53Z</time>
   </trkpt>
   <trkpt lat="50.3995990" lon="6.1213590">
    <ele>494.1</ele>
    <time>2025-09-12T12:12:56Z</time>
   </trkpt>
   <trkpt lat="50.3993240" lon="6.1212680">
    <ele>494.0</ele>
    <time>2025-09-12T12:13:01Z</time>
   </trkpt>
   <trkpt lat="50.3989600" lon="6.1211300">
    <ele>493.2</ele>
    <time>2025-09-12T12:13:07Z</time>
   </trkpt>
   <trkpt lat="50.3984940" lon="6.1209840">
    <ele>492.7</ele>
    <time>2025-09-12T12:13:14Z</time>
   </trkpt>
   <trkpt lat="50.3981450" lon="6.1209000">
    <ele>492.1</ele>
    <time>2025-09-12T12:13:19Z</time>
   </trkpt>
   <trkpt lat="50.3975600" lon="6.1207920">
    <ele>491.5</ele>
    <time>2025-09-12T12:13:27Z</time>
   </trkpt>
   <trkpt lat="50.3971920" lon="6.1207190">
    <ele>490.9</ele>
    <time>2025-09-12T12:13:32Z</time>
   </trkpt>
   <trkpt lat="50.3967410" lon="6.1206510">
    <ele>490.4</ele>
    <time>2025-09-12T12:13:38Z</time>
   </trkpt>
   <trkpt lat="50.3963090" lon="6.1205760">
    <ele>489.8</ele>
    <time>2025-09-12T12:13:44Z</time>
   </trkpt>
   <trkpt lat="50.3959240" lon="6.1205350">
    <ele>489.1</ele>
    <time>2025-09-12T12:13:49Z</time>
   </trkpt>
   <trkpt lat="50.3958430" lon="6.1205410">
    <ele>488.9</ele>
    <time>2025-09-12T12:13:50Z</time>
   </trkpt>
   <trkpt lat="50.3954680" lon="6.1205890">
    <ele>488.6</ele>
    <time>2025-09-12T12:13:55Z</time>
   </trkpt>
   <trkpt lat="50.3952440" lon="6.1206340">
    <ele>488.3</ele>
    <time>2025-09-12T12:13:58Z</time>
   </trkpt>
   <trkpt lat="50.3951630" lon="6.1206610">
    <ele>488.2</ele>
    <time>2025-09-12T12:13:59Z</time>
   </trkpt>
   <trkpt lat="50.3949290" lon="6.1207520">
    <ele>487.9</ele>
    <time>2025-09-12T12:14:02Z</time>
   </trkpt>
   <trkpt lat="50.3945500" lon="6.1209500">
    <ele>487.5</ele>
    <time>2025-09-12T12:14:07Z</time>
   </trkpt>
   <trkpt lat="50.3942650" lon="6.1211460">
    <ele>487.0</ele>
    <time>2025-09-12T12:14:11Z</time>
   </trkpt>
   <trkpt lat="50.3939270" lon="6.1214610">
    <ele>486.4</ele>
    <time>2025-09-12T12:14:16Z</time>
   </trkpt>
   <trkpt lat="50.3935040" lon="6.1220040">
    <ele>485.7</ele>
    <time>2025-09-12T12:14:23Z</time>
   </trkpt>
   <trkpt lat="50.3931650" lon="6.1225530">
    <ele>484.9</ele>
    <time>2025-09-12T12:14:29Z</time>
   </trkpt>
   <trkpt lat="50.3928140" lon="6.1231150">
    <ele>484.1</ele>
    <time>2025-09-12T12:14:35Z</time>
   </trkpt>
   <trkpt lat="50.3924770" lon="6.1236690">
    <ele>483.5</ele>
    <time>2025-09-12T12:14:41Z</time>
   </trkpt>
   <trkpt lat="50.3921450" lon="6.1241980">
    <ele>482.9</ele>
    <time>2025-09-12T12:14:47Z</time>
   </trkpt>
   <trkpt lat="50.3919770" lon="6.1244560">
    <ele>482.4</ele>
    <time>2025-09-12T12:14:50Z</time>
   </trkpt>
   <trkpt lat="50.3918160" lon="6.1247100">
    <ele>482.0</ele>
    <time>2025-09-12T12:14:53Z</time>
   </trkpt>
   <trkpt lat="50.3916410" lon="6.1249510">
    <ele>481.7</ele>
    <time>2025-09-12T12:14:56Z</time>
   </trkpt>
   <trkpt lat="50.3911830" lon="6.1254630">
    <ele>480.8</ele>
    <time>2025-09-12T12:15:03Z</time>
   </trkpt>
   <trkpt lat="50.3908410" lon="6.1257430">
    <ele>480.6</ele>
    <time>2025-09-12T12:15:08Z</time>
   </trkpt>
   <trkpt lat="50.3907780" lon="6.1257880">
    <ele>480.6</ele>
    <time>2025-09-12T12:15:09Z</time>
   </trkpt>
   <trkpt lat="50.3905290" lon="6.1259280">
    <ele>480.4</ele>
    <time>2025-09-12T12:15:13Z</time>
   </trkpt>
   <trkpt lat="50.3901790" lon="6.1260930">
    <ele>479.3</ele>
    <time>2025-09-12T12:15:18Z</time>
   </trkpt>
   <trkpt lat="50.3898140" lon="6.1262660">
    <ele>478.6</ele>
    <time>2025-09-12T12:15:23Z</time>
   </trkpt>
   <trkpt lat="50.3893070" lon="6.1265060">
    <ele>477.8</ele>
    <time>2025-09-12T12:15:30Z</time>
   </trkpt>
   <trkpt lat="50.3889340" lon="6.1266750">
    <ele>477.3</ele>
    <time>2025-09-12T12:15:35Z</time>
   </trkpt>
   <trkpt lat="50.3884950" lon="6.1268620">
    <ele>476.9</ele>
    <time>2025-09-12T12:15:41Z</time>
   </trkpt>
   <trkpt lat="50.3881970" lon="6.1269950">
    <ele>476.6</ele>
    <time>2025-09-12T12:15:45Z</time>
   </trkpt>
   <trkpt lat="50.3878590" lon="6.1271490">
    <ele>476.4</ele>
    <time>2025-09-12T12:15:50Z</time>
   </trkpt>
   <trkpt lat="50.3875400" lon="6.1272900">
    <ele>476.2</ele>
    <time>2025-09-12T12:15:55Z</time>
   </trkpt>
   <trkpt lat="50.3872690" lon="6.1273830">
    <ele>475.4</ele>
    <time>2025-09-12T12:15:59Z</time>
   </trkpt>
   <trkpt lat="50.3869910" lon="6.1274720">
    <ele>474.9</ele>
    <time>2025-09-12T12:16:03Z</time>
   </trkpt>
   <trkpt lat="50.3866560" lon="6.1275390">
    <ele>474.5</ele>
    <time>2025-09-12T12:16:08Z</time>
   </trkpt>
   <trkpt lat="50.3862930" lon="6.1275530">
    <ele>474.0</ele>
    <time>2025-09-12T12:16:13Z</time>
   </trkpt>
   <trkpt lat="50.3858920" lon="6.1275180">
    <ele>473.6</ele>
    <time>2025-09-12T12:16:18Z</time>
   </trkpt>
   <trkpt lat="50.3854890" lon="6.1274370">
    <ele>473.3</ele>
    <time>2025-09-12T12:16:23Z</time>
   </trkpt>
   <trkpt lat="50.3851800" lon="6.1273550">
    <ele>473.1</ele>
    <time>2025-09-12T12:16:27Z</time>
   </trkpt>
   <trkpt lat="50.3847930" lon="6.1272550">
    <ele>472.3</ele>
    <time>2025-09-12T12:16:32Z</time>
   </trkpt>
   <trkpt lat="50.3844170" lon="6.1271830">
    <ele>471.6</ele>
    <time>2025-09-12T12:16:37Z</time>
   </trkpt>
   <trkpt lat="50.3840200" lon="6.1270840">
    <ele>471.0</ele>
    <time>2025-09-12T12:16:42Z</time>
   </trkpt>
   <trkpt lat="50.3835430" lon="6.1269500">
    <ele>470.3</ele>
    <time>2025-09-12T12:16:48Z</time>
   </trkpt>
   <trkpt lat="50.3831460" lon="6.1268420">
    <ele>469.6</ele>
    <time>2025-09-12T12:16:53Z</time>
   </trkpt>
   <trkpt lat="50.3826700" lon="6.1267050">
    <ele>468.7</ele>
    <time>2025-09-12T12:16:59Z</time>
   </trkpt>
   <trkpt lat="50.3822250" lon="6.1265750">
    <ele>468.2</ele>
    <time>2025-09-12T12:17:05Z</time>
   </trkpt>
   <trkpt lat="50.3818640" lon="6.1264190">
    <ele>467.7</ele>
    <time>2025-09-12T12:17:10Z</time>
   </trkpt>
   <trkpt lat="50.3815120" lon="6.1261910">
    <ele>467.0</ele>
    <time>2025-09-12T12:17:15Z</time>
   </trkpt>
   <trkpt lat="50.3810940" lon="6.1258360">
    <ele>466.3</ele>
    <time>2025-09-12T12:17:21Z</time>
   </trkpt>
   <trkpt lat="50.3810340" lon="6.1257700">
    <ele>466.2</ele>
    <time>2025-09-12T12:17:22Z</time>
   </trkpt>
   <trkpt lat="50.3809250" lon="6.1256290">
    <ele>466.1</ele>
    <time>2025-09-12T12:17:24Z</time>
   </trkpt>
   <trkpt lat="50.3808680" lon="6.1255580">
    <ele>466.0</ele>
    <time>2025-09-12T12:17:25Z</time>
   </trkpt>
   <trkpt lat="50.3807620" lon="6.1254040">
    <ele>465.9</ele>
    <time>2025-09-12T12:17:27Z</time>
   </trkpt>
   <trkpt lat="50.3806180" lon="6.1251690">
    <ele>465.7</ele>
    <time>2025-09-12T12:17:30Z</time>
   </trkpt>
   <trkpt lat="50.3805730" lon="6.1250950">
    <ele>465.6</ele>
    <time>2025-09-12T12:17:31Z</time>
   </trkpt>
   <trkpt lat="50.3803620" lon="6.1246970">
    <ele>465.4</ele>
    <time>2025-09-12T12:17:36Z</time>
   </trkpt>
   <trkpt lat="50.3802590" lon="6.1244790">
    <ele>465.5</ele>
    <time>2025-09-12T12:17:39Z</time>
   </trkpt>
   <trkpt lat="50.3801920" lon="6.1243810">
    <ele>465.5</ele>
    <time>2025-09-12T12:17:41Z</time>
   </trkpt>
   <trkpt lat="50.3801760" lon="6.1243400">
    <ele>465.4</ele>
    <time>2025-09-12T12:17:42Z</time>
   </trkpt>
   <trkpt lat="50.3801880" lon="6.1242510">
    <ele>465.3</ele>
    <time>2025-09-12T12:17:44Z</time>
   </trkpt>
   <trkpt lat="50.3802160" lon="6.1241530">
    <ele>465.3</ele>
    <time>2025-09-12T12:17:46Z</time>
   </trkpt>
   <trkpt lat="50.3802020" lon="6.1241110">
    <ele>465.3</ele>
    <time>2025-09-12T12:17:47Z</time>
   </trkpt>
   <trkpt lat="50.3801400" lon="6.1240490">
    <ele>465.2</ele>
    <time>2025-09-12T12:17:49Z</time>
   </trkpt>
   <trkpt lat="50.3800830" lon="6.1239400">
    <ele>465.0</ele>
    <time>2025-09-12T12:17:51Z</time>
   </trkpt>
   <trkpt lat="50.3800290" lon="6.1238020">
    <ele>464.7</ele>
    <time>2025-09-12T12:17:53Z</time>
   </trkpt>
   <trkpt lat="50.3799170" lon="6.1234970">
    <ele>464.1</ele>
    <time>2025-09-12T12:17:57Z</time>
   </trkpt>
   <trkpt lat="50.3797340" lon="6.1230120">
    <ele>463.7</ele>
    <time>2025-09-12T12:18:03Z</time>
   </trkpt>
   <trkpt lat="50.3795040" lon="6.1225530">
    <ele>463.5</ele>
    <time>2025-09-12T12:18:09Z</time>
   </trkpt>
   <trkpt lat="50.3791200" lon="6.1220040">
    <ele>463.5</ele>
    <time>2025-09-12T12:18:17Z</time>
   </trkpt>
   <trkpt lat="50.3787800" lon="6.1216690">
    <ele>463.3</ele>
    <time>2025-09-12T12:18:23Z</time>
   </trkpt>
   <trkpt lat="50.3786070" lon="6.1215300">
    <ele>463.2</ele>
    <time>2025-09-12T12:18:26Z</time>
   </trkpt>
   <trkpt lat="50.3784320" lon="6.1214130">
    <ele>463.2</ele>
    <time>2025-09-12T12:18:29Z</time>
   </trkpt>
   <trkpt lat="50.3781960" lon="6.1212900">
    <ele>463.0</ele>
    <time>2025-09-12T12:18:33Z</time>
   </trkpt>
   <trkpt lat="50.3781300" lon="6.1212660">
    <ele>462.9</ele>
    <time>2025-09-12T12:18:34Z</time>
   </trkpt>
   <trkpt lat="50.3778690" lon="6.1211810">
    <ele>462.7</ele>
    <time>2025-09-12T12:18:38Z</time>
   </trkpt>
   <trkpt lat="50.3778050" lon="6.1211630">
    <ele>462.7</ele>
    <time>2025-09-12T12:18:39Z</time>
   </trkpt>
   <trkpt lat="50.3777420" lon="6.1211540">
    <ele>462.6</ele>
    <time>2025-09-12T12:18:40Z</time>
   </trkpt>
   <trkpt lat="50.3774710" lon="6.1211390">
    <ele>462.5</ele>
    <time>2025-09-12T12:18:44Z</time>
   </trkpt>
   <trkpt lat="50.3770600" lon="6.1212020">
    <ele>462.3</ele>
    <time>2025-09-12T12:18:50Z</time>
   </trkpt>
   <trkpt lat="50.3765970" lon="6.1213950">
    <ele>461.7</ele>
    <time>2025-09-12T12:18:57Z</time>
   </trkpt>
   <trkpt lat="50.3761380" lon="6.1216850">
    <ele>461.4</ele>
    <time>2025-09-12T12:19:04Z</time>
   </trkpt>
   <trkpt lat="50.3760150" lon="6.1217930">
    <ele>461.3</ele>
    <time>2025-09-12T12:19:06Z</time>
   </trkpt>
   <trkpt lat="50.3757770" lon="6.1220550">
    <ele>461.0</ele>
    <time>2025-09-12T12:19:10Z</time>
   </trkpt>
   <trkpt lat="50.3755110" lon="6.1224100">
    <ele>460.8</ele>
    <time>2025-09-12T12:19:15Z</time>
   </trkpt>
   <trkpt lat="50.3752610" lon="6.1227960">
    <ele>460.7</ele>
    <time>2025-09-12T12:19:20Z</time>
   </trkpt>
   <trkpt lat="50.3750250" lon="6.1232160">
    <ele>460.4</ele>
    <time>2025-09-12T12:19:25Z</time>
   </trkpt>
   <trkpt lat="50.3748480" lon="6.1235550">
    <ele>460.3</ele>
    <time>2025-09-12T12:19:29Z</time>
   </trkpt>
   <trkpt lat="50.3747200" lon="6.1238390">
    <ele>460.1</ele>
    <time>2025-09-12T12:19:32Z</time>
   </trkpt>
   <trkpt lat="50.3746860" lon="6.1239300">
    <ele>460.0</ele>
    <time>2025-09-12T12:19:33Z</time>
   </trkpt>
   <trkpt lat="50.3745100" lon="6.1244130">
    <ele>459.8</ele>
    <time>2025-09-12T12:19:38Z</time>
   </trkpt>
   <trkpt lat="50.3744740" lon="6.1245080">
    <ele>459.7</ele>
    <time>2025-09-12T12:19:39Z</time>
   </trkpt>
   <trkpt lat="50.3743780" lon="6.1248160">
    <ele>459.5</ele>
    <time>2025-09-12T12:19:42Z</time>
   </trkpt>
   <trkpt lat="50.3741950" lon="6.1255510">
    <ele>459.2</ele>
    <time>2025-09-12T12:19:49Z</time>
   </trkpt>
   <trkpt lat="50.3740920" lon="6.1260720">
    <ele>459.0</ele>
    <time>2025-09-12T12:19:54Z</time>
   </trkpt>
   <trkpt lat="50.3739810" lon="6.1269770">
    <ele>458.7</ele>
    <time>2025-09-12T12:20:02Z</time>
   </trkpt>
   <trkpt lat="50.3739570" lon="6.1277180">
    <ele>458.4</ele>
    <time>2025-09-12T12:20:09Z</time>
   </trkpt>
   <trkpt lat="50.3739940" lon="6.1285930">
    <ele>457.6</ele>
    <time>2025-09-12T12:20:17Z</time>
   </trkpt>
   <trkpt lat="50.3739950" lon="6.1287070">
    <ele>457.5</ele>
    <time>2025-09-12T12:20:18Z</time>
   </trkpt>
   <trkpt lat="50.3739810" lon="6.1293690">
    <ele>457.2</ele>
    <time>2025-09-12T12:20:24Z</time>
   </trkpt>
   <trkpt lat="50.3739460" lon="6.1297930">
    <ele>456.9</ele>
    <time>2025-09-12T12:20:28Z</time>
   </trkpt>
   <trkpt lat="50.3739290" lon="6.1298970">
    <ele>456.9</ele>
    <time>2025-09-12T12:20:29Z</time>
   </trkpt>
   <trkpt lat="50.3738760" lon="6.1303460">
    <ele>456.8</ele>
    <time>2025-09-12T12:20:34Z</time>
   </trkpt>
   <trkpt lat="50.3738570" lon="6.1304500">
    <ele>456.8</ele>
    <time>2025-09-12T12:20:37Z</time>
   </trkpt>
   <trkpt lat="50.3738550" lon="6.1304650">
    <ele>456.8</ele>
    <time>2025-09-12T12:20:38Z</time>
   </trkpt>
   <trkpt lat="50.3738510" lon="6.1305380">
    <ele>456.7</ele>
    <time>2025-09-12T12:20:41Z</time>
   </trkpt>
   <trkpt lat="50.3738270" lon="6.1306650">
    <ele>456.5</ele>
    <time>2025-09-12T12:20:44Z</time>
   </trkpt>
   <trkpt lat="50.3738100" lon="6.1307160">
    <ele>456.4</ele>
    <time>2025-09-12T12:20:45Z</time>
   </trkpt>
   <trkpt lat="50.3737670" lon="6.1308410">
    <ele>456.2</ele>
    <time>2025-09-12T12:20:47Z</time>
   </trkpt>
   <trkpt lat="50.3737460" lon="6.1309100">
    <ele>456.0</ele>
    <time>2025-09-12T12:20:48Z</time>
   </trkpt>
   <trkpt lat="50.3736720" lon="6.1311350">
    <ele>455.7</ele>
    <time>2025-09-12T12:20:51Z</time>
   </trkpt>
   <trkpt lat="50.3735780" lon="6.1313580">
    <ele>455.5</ele>
    <time>2025-09-12T12:20:54Z</time>
   </trkpt>
   <trkpt lat="50.3733780" lon="6.1317560">
    <ele>454.9</ele>
    <time>2025-09-12T12:20:59Z</time>
   </trkpt>
   <trkpt lat="50.3733320" lon="6.1318340">
    <ele>454.8</ele>
    <time>2025-09-12T12:21:00Z</time>
   </trkpt>
   <trkpt lat="50.3729580" lon="6.1323640">
    <ele>454.0</ele>
    <time>2025-09-12T12:21:07Z</time>
   </trkpt>
   <trkpt lat="50.3725130" lon="6.1328030">
    <ele>453.4</ele>
    <time>2025-09-12T12:21:14Z</time>
   </trkpt>
   <trkpt lat="50.3722380" lon="6.1329890">
    <ele>453.0</ele>
    <time>2025-09-12T12:21:18Z</time>
   </trkpt>
   <trkpt lat="50.3718030" lon="6.1331770">
    <ele>452.5</ele>
    <time>2025-09-12T12:21:24Z</time>
   </trkpt>
   <trkpt lat="50.3713630" lon="6.1332530">
    <ele>451.9</ele>
    <time>2025-09-12T12:21:30Z</time>
   </trkpt>
   <trkpt lat="50.3708280" lon="6.1331940">
    <ele>451.0</ele>
    <time>2025-09-12T12:21:37Z</time>
   </trkpt>
   <trkpt lat="50.3703680" lon="6.1330000">
    <ele>450.2</ele>
    <time>2025-09-12T12:21:44Z</time>
   </trkpt>
   <trkpt lat="50.3699280" lon="6.1326740">
    <ele>449.4</ele>
    <time>2025-09-12T12:21:51Z</time>
   </trkpt>
   <trkpt lat="50.3696380" lon="6.1323480">
    <ele>448.8</ele>
    <time>2025-09-12T12:21:56Z</time>
   </trkpt>
   <trkpt lat="50.3693200" lon="6.1318860">
    <ele>448.3</ele>
    <time>2025-09-12T12:22:03Z</time>
   </trkpt>
   <trkpt lat="50.3691810" lon="6.1316350">
    <ele>448.2</ele>
    <time>2025-09-12T12:22:06Z</time>
   </trkpt>
   <trkpt lat="50.3690630" lon="6.1313670">
    <ele>448.0</ele>
    <time>2025-09-12T12:22:09Z</time>
   </trkpt>
   <trkpt lat="50.3690230" lon="6.1312760">
    <ele>447.8</ele>
    <time>2025-09-12T12:22:10Z</time>
   </trkpt>
   <trkpt lat="50.3689250" lon="6.1309850">
    <ele>447.3</ele>
    <time>2025-09-12T12:22:13Z</time>
   </trkpt>
   <trkpt lat="50.3687520" lon="6.1303650">
    <ele>446.4</ele>
    <time>2025-09-12T12:22:19Z</time>
   </trkpt>
   <trkpt lat="50.3685590" lon="6.1296250">
    <ele>445.7</ele>
    <time>2025-09-12T12:22:26Z</time>
   </trkpt>
   <trkpt lat="50.3684630" lon="6.1292960">
    <ele>445.5</ele>
    <time>2025-09-12T12:22:29Z</time>
   </trkpt>
   <trkpt lat="50.3683480" lon="6.1289790">
    <ele>445.3</ele>
    <time>2025-09-12T12:22:32Z</time>
   </trkpt>
   <trkpt lat="50.3680870" lon="6.1284130">
    <ele>444.7</ele>
    <time>2025-09-12T12:22:38Z</time>
   </trkpt>
   <trkpt lat="50.3678660" lon="6.1280790">
    <ele>444.3</ele>
    <time>2025-09-12T12:22:42Z</time>
   </trkpt>
   <trkpt lat="50.3675300" lon="6.1277130">
    <ele>443.6</ele>
    <time>2025-09-12T12:22:47Z</time>
   </trkpt>
   <trkpt lat="50.3671730" lon="6.1274210">
    <ele>443.1</ele>
    <time>2025-09-12T12:22:52Z</time>
   </trkpt>
   <trkpt lat="50.3668040" lon="6.1272070">
    <ele>442.5</ele>
    <time>2025-09-12T12:22:57Z</time>
   </trkpt>
   <trkpt lat="50.3664260" lon="6.1270660">
    <ele>441.7</ele>
    <time>2025-09-12T12:23:02Z</time>
   </trkpt>
   <trkpt lat="50.3659280" lon="6.1269340">
    <ele>440.9</ele>
    <time>2025-09-12T12:23:08Z</time>
   </trkpt>
   <trkpt lat="50.3654180" lon="6.1268090">
    <ele>440.2</ele>
    <time>2025-09-12T12:23:14Z</time>
   </trkpt>
   <trkpt lat="50.3648510" lon="6.1266660">
    <ele>439.3</ele>
    <time>2025-09-12T12:23:21Z</time>
   </trkpt>
   <trkpt lat="50.3643060" lon="6.1265110">
    <ele>438.6</ele>
    <time>2025-09-12T12:23:28Z</time>
   </trkpt>
   <trkpt lat="50.3638380" lon="6.1263780">
    <ele>437.9</ele>
    <time>2025-09-12T12:23:34Z</time>
   </trkpt>
   <trkpt lat="50.3633590" lon="6.1262560">
    <ele>437.1</ele>
    <time>2025-09-12T12:23:40Z</time>
   </trkpt>
   <trkpt lat="50.3628010" lon="6.1261010">
    <ele>436.3</ele>
    <time>2025-09-12T12:23:47Z</time>
   </trkpt>
   <trkpt lat="50.3622600" lon="6.1259560">
    <ele>435.7</ele>
    <time>2025-09-12T12:23:54Z</time>
   </trkpt>
   <trkpt lat="50.3618340" lon="6.1258540">
    <ele>435.1</ele>
    <time>2025-09-12T12:24:00Z</time>
   </trkpt>
   <trkpt lat="50.3617000" lon="6.1258200">
    <ele>435.0</ele>
    <time>2025-09-12T12:24:02Z</time>
   </trkpt>
   <trkpt lat="50.3615680" lon="6.1257880">
    <ele>435.0</ele>
    <time>2025-09-12T12:24:04Z</time>
   </trkpt>
   <trkpt lat="50.3611840" lon="6.1256940">
    <ele>435.4</ele>
    <time>2025-09-12T12:24:10Z</time>
   </trkpt>
   <trkpt lat="50.3610150" lon="6.1256320">
    <ele>435.9</ele>
    <time>2025-09-12T12:24:13Z</time>
   </trkpt>
   <trkpt lat="50.3609110" lon="6.1255730">
    <ele>436.2</ele>
    <time>2025-09-12T12:24:15Z</time>
   </trkpt>
   <trkpt lat="50.3608180" lon="6.1255550">
    <ele>436.4</ele>
    <time>2025-09-12T12:24:17Z</time>
   </trkpt>
   <trkpt lat="50.3607380" lon="6.1255590">
    <ele>436.5</ele>
    <time>2025-09-12T12:24:19Z</time>
   </trkpt>
   <trkpt lat="50.3605560" lon="6.1255660">
    <ele>436.3</ele>
    <time>2025-09-12T12:24:24Z</time>
   </trkpt>
   <trkpt lat="50.3604730" lon="6.1255510">
    <ele>436.0</ele>
    <time>2025-09-12T12:24:26Z</time>
   </trkpt>
   <trkpt lat="50.3603750" lon="6.1254960">
    <ele>435.6</ele>
    <time>2025-09-12T12:24:28Z</time>
   </trkpt>
   <trkpt lat="50.3601470" lon="6.1253600">
    <ele>434.5</ele>
    <time>2025-09-12T12:24:32Z</time>
   </trkpt>
   <trkpt lat="50.3600770" lon="6.1253380">
    <ele>434.1</ele>
    <time>2025-09-12T12:24:33Z</time>
   </trkpt>
   <trkpt lat="50.3596930" lon="6.1252600">
    <ele>431.8</ele>
    <time>2025-09-12T12:24:38Z</time>
   </trkpt>
   <trkpt lat="50.3591900" lon="6.1251660">
    <ele>430.6</ele>
    <time>2025-09-12T12:24:44Z</time>
   </trkpt>
   <trkpt lat="50.3586140" lon="6.1251080">
    <ele>429.9</ele>
    <time>2025-09-12T12:24:51Z</time>
   </trkpt>
   <trkpt lat="50.3585330" lon="6.1251050">
    <ele>429.8</ele>
    <time>2025-09-12T12:24:52Z</time>
   </trkpt>
   <trkpt lat="50.3579750" lon="6.1251100">
    <ele>429.1</ele>
    <time>2025-09-12T12:24:59Z</time>
   </trkpt>
   <trkpt lat="50.3574260" lon="6.1251750">
    <ele>428.6</ele>
    <time>2025-09-12T12:25:06Z</time>
   </trkpt>
   <trkpt lat="50.3568880" lon="6.1252830">
    <ele>428.3</ele>
    <time>2025-09-12T12:25:13Z</time>
   </trkpt>
   <trkpt lat="50.3568170" lon="6.1253100">
    <ele>428.3</ele>
    <time>2025-09-12T12:25:14Z</time>
   </trkpt>
   <trkpt lat="50.3563880" lon="6.1254440">
    <ele>428.4</ele>
    <time>2025-09-12T12:25:20Z</time>
   </trkpt>
   <trkpt lat="50.3560280" lon="6.1255470">
    <ele>429.0</ele>
    <time>2025-09-12T12:25:26Z</time>
   </trkpt>
   <trkpt lat="50.3559750" lon="6.1255570">
    <ele>429.1</ele>
    <time>2025-09-12T12:25:27Z</time>
   </trkpt>
   <trkpt lat="50.3558270" lon="6.1255030">
    <ele>429.3</ele>
    <time>2025-09-12T12:25:30Z</time>
   </trkpt>
   <trkpt lat="50.3557290" lon="6.1255100">
    <ele>429.3</ele>
    <time>2025-09-12T12:25:32Z</time>
   </trkpt>
   <trkpt lat="50.3556900" lon="6.1255290">
    <ele>429.3</ele>
    <time>2025-09-12T12:25:33Z</time>
   </trkpt>
   <trkpt lat="50.3555370" lon="6.1256320">
    <ele>429.2</ele>
    <time>2025-09-12T12:25:37Z</time>
   </trkpt>
   <trkpt lat="50.3553980" lon="6.1257100">
    <ele>429.1</ele>
    <time>2025-09-12T12:25:40Z</time>
   </trkpt>
   <trkpt lat="50.3553030" lon="6.1257320">
    <ele>429.1</ele>
    <time>2025-09-12T12:25:42Z</time>
   </trkpt>
   <trkpt lat="50.3552230" lon="6.1257270">
    <ele>429.1</ele>
    <time>2025-09-12T12:25:44Z</time>
   </trkpt>
   <trkpt lat="50.3551300" lon="6.1257390">
    <ele>429.1</ele>
    <time>2025-09-12T12:25:46Z</time>
   </trkpt>
   <trkpt lat="50.3550840" lon="6.1257490">
    <ele>429.1</ele>
    <time>2025-09-12T12:25:47Z</time>
   </trkpt>
   <trkpt lat="50.3550340" lon="6.1257640">
    <ele>429.0</ele>
    <time>2025-09-12T12:25:48Z</time>
   </trkpt>
   <trkpt lat="50.3548290" lon="6.1258190">
    <ele>429.0</ele>
    <time>2025-09-12T12:25:52Z</time>
   </trkpt>
   <trkpt lat="50.3544770" lon="6.1259170">
    <ele>428.5</ele>
    <time>2025-09-12T12:25:58Z</time>
   </trkpt>
   <trkpt lat="50.3539180" lon="6.1260000">
    <ele>428.8</ele>
    <time>2025-09-12T12:26:07Z</time>
   </trkpt>
   <trkpt lat="50.3534600" lon="6.1260320">
    <ele>429.3</ele>
    <time>2025-09-12T12:26:15Z</time>
   </trkpt>
   <trkpt lat="50.3532850" lon="6.1259810">
    <ele>429.3</ele>
    <time>2025-09-12T12:26:18Z</time>
   </trkpt>
   <trkpt lat="50.3532240" lon="6.1259730">
    <ele>429.3</ele>
    <time>2025-09-12T12:26:19Z</time>
   </trkpt>
   <trkpt lat="50.3527940" lon="6.1259870">
    <ele>429.3</ele>
    <time>2025-09-12T12:26:26Z</time>
   </trkpt>
   <trkpt lat="50.3523700" lon="6.1258900">
    <ele>429.4</ele>
    <time>2025-09-12T12:26:33Z</time>
   </trkpt>
   <trkpt lat="50.3523100" lon="6.1258690">
    <ele>429.4</ele>
    <time>2025-09-12T12:26:34Z</time>
   </trkpt>
   <trkpt lat="50.3521350" lon="6.1257850">
    <ele>429.3</ele>
    <time>2025-09-12T12:26:37Z</time>
   </trkpt>
   <trkpt lat="50.3520780" lon="6.1257520">
    <ele>429.3</ele>
    <time>2025-09-12T12:26:38Z</time>
   </trkpt>
   <trkpt lat="50.3517530" lon="6.1255310">
    <ele>429.3</ele>
    <time>2025-09-12T12:26:44Z</time>
   </trkpt>
   <trkpt lat="50.3513920" lon="6.1252270">
    <ele>429.5</ele>
    <time>2025-09-12T12:26:51Z</time>
   </trkpt>
   <trkpt lat="50.3510720" lon="6.1248700">
    <ele>429.9</ele>
    <time>2025-09-12T12:26:58Z</time>
   </trkpt>
   <trkpt lat="50.3507330" lon="6.1244230">
    <ele>430.1</ele>
    <time>2025-09-12T12:27:06Z</time>
   </trkpt>
   <trkpt lat="50.3505140" lon="6.1241210">
    <ele>430.3</ele>
    <time>2025-09-12T12:27:12Z</time>
   </trkpt>
   <trkpt lat="50.3503040" lon="6.1238350">
    <ele>430.5</ele>
    <time>2025-09-12T12:27:18Z</time>
   </trkpt>
   <trkpt lat="50.3502680" lon="6.1237800">
    <ele>430.5</ele>
    <time>2025-09-12T12:27:19Z</time>
   </trkpt>
   <trkpt lat="50.3500040" lon="6.1234250">
    <ele>430.8</ele>
    <time>2025-09-12T12:27:26Z</time>
   </trkpt>
   <trkpt lat="50.3496820" lon="6.1229750">
    <ele>431.5</ele>
    <time>2025-09-12T12:27:35Z</time>
   </trkpt>
   <trkpt lat="50.3493090" lon="6.1224370">
    <ele>432.9</ele>
    <time>2025-09-12T12:27:46Z</time>
   </trkpt>
   <trkpt lat="50.3490380" lon="6.1220980">
    <ele>433.0</ele>
    <time>2025-09-12T12:27:54Z</time>
   </trkpt>
   <trkpt lat="50.3487530" lon="6.1217910">
    <ele>433.5</ele>
    <time>2025-09-12T12:28:02Z</time>
   </trkpt>
   <trkpt lat="50.3484460" lon="6.1215010">
    <ele>434.0</ele>
    <time>2025-09-12T12:28:10Z</time>
   </trkpt>
   <trkpt lat="50.3481390" lon="6.1212330">
    <ele>434.6</ele>
    <time>2025-09-12T12:28:18Z</time>
   </trkpt>
   <trkpt lat="50.3481000" lon="6.1212000">
    <ele>434.7</ele>
    <time>2025-09-12T12:28:19Z</time>
   </trkpt>
   <trkpt lat="50.3478480" lon="6.1210430">
    <ele>435.2</ele>
    <time>2025-09-12T12:28:25Z</time>
   </trkpt>
   <trkpt lat="50.3477650" lon="6.1209960">
    <ele>435.4</ele>
    <time>2025-09-12T12:28:27Z</time>
   </trkpt>
   <trkpt lat="50.3476730" lon="6.1209540">
    <ele>435.5</ele>
    <time>2025-09-12T12:28:29Z</time>
   </trkpt>
   <trkpt lat="50.3472860" lon="6.1207670">
    <ele>436.0</ele>
    <time>2025-09-12T12:28:38Z</time>
   </trkpt>
   <trkpt lat="50.3472410" lon="6.1207450">
    <ele>436.1</ele>
    <time>2025-09-12T12:28:39Z</time>
   </trkpt>
   <trkpt lat="50.3470210" lon="6.1206620">
    <ele>436.4</ele>
    <time>2025-09-12T12:28:44Z</time>
   </trkpt>
   <trkpt lat="50.3467460" lon="6.1205810">
    <ele>436.9</ele>
    <time>2025-09-12T12:28:50Z</time>
   </trkpt>
   <trkpt lat="50.3463250" lon="6.1204940">
    <ele>437.5</ele>
    <time>2025-09-12T12:28:59Z</time>
   </trkpt>
   <trkpt lat="50.3461060" lon="6.1204630">
    <ele>437.7</ele>
    <time>2025-09-12T12:29:04Z</time>
   </trkpt>
   <trkpt lat="50.3460610" lon="6.1204620">
    <ele>437.7</ele>
    <time>2025-09-12T12:29:05Z</time>
   </trkpt>
   <trkpt lat="50.3457300" lon="6.1204650">
    <ele>438.1</ele>
    <time>2025-09-12T12:29:12Z</time>
   </trkpt>
   <trkpt lat="50.3452870" lon="6.1204650">
    <ele>438.8</ele>
    <time>2025-09-12T12:29:22Z</time>
   </trkpt>
   <trkpt lat="50.3448920" lon="6.1204450">
    <ele>439.6</ele>
    <time>2025-09-12T12:29:31Z</time>
   </trkpt>
   <trkpt lat="50.3445990" lon="6.1204520">
    <ele>439.8</ele>
    <time>2025-09-12T12:29:38Z</time>
   </trkpt>
   <trkpt lat="50.3441960" lon="6.1204590">
    <ele>440.2</ele>
    <time>2025-09-12T12:29:47Z</time>
   </trkpt>
   <trkpt lat="50.3438810" lon="6.1204510">
    <ele>440.5</ele>
    <time>2025-09-12T12:29:54Z</time>
   </trkpt>
   <trkpt lat="50.3434450" lon="6.1204510">
    <ele>441.0</ele>
    <time>2025-09-12T12:30:04Z</time>
   </trkpt>
   <trkpt lat="50.3431060" lon="6.1204480">
    <ele>441.4</ele>
    <time>2025-09-12T12:30:12Z</time>
   </trkpt>
   <trkpt lat="50.3426720" lon="6.1204430">
    <ele>442.1</ele>
    <time>2025-09-12T12:30:22Z</time>
   </trkpt>
   <trkpt lat="50.3425410" lon="6.1204300">
    <ele>442.3</ele>
    <time>2025-09-12T12:30:25Z</time>
   </trkpt>
   <trkpt lat="50.3424510" lon="6.1204370">
    <ele>442.4</ele>
    <time>2025-09-12T12:30:27Z</time>
   </trkpt>
   <trkpt lat="50.3420860" lon="6.1204420">
    <ele>442.9</ele>
    <time>2025-09-12T12:30:35Z</time>
   </trkpt>
   <trkpt lat="50.3417240" lon="6.1204450">
    <ele>443.4</ele>
    <time>2025-09-12T12:30:43Z</time>
   </trkpt>
   <trkpt lat="50.3414290" lon="6.1204520">
    <ele>443.8</ele>
    <time>2025-09-12T12:30:50Z</time>
   </trkpt>
   <trkpt lat="50.3409760" lon="6.1204570">
    <ele>444.4</ele>
    <time>2025-09-12T12:31:00Z</time>
   </trkpt>
   <trkpt lat="50.3406940" lon="6.1204530">
    <ele>444.7</ele>
    <time>2025-09-12T12:31:06Z</time>
   </trkpt>
   <trkpt lat="50.3406030" lon="6.1204590">
    <ele>444.8</ele>
    <time>2025-09-12T12:31:08Z</time>
   </trkpt>
   <trkpt lat="50.3402440" lon="6.1204500">
    <ele>445.3</ele>
    <time>2025-09-12T12:31:16Z</time>
   </trkpt>
   <trkpt lat="50.3398360" lon="6.1204530">
    <ele>445.7</ele>
    <time>2025-09-12T12:31:25Z</time>
   </trkpt>
   <trkpt lat="50.3394720" lon="6.1204470">
    <ele>446.3</ele>
    <time>2025-09-12T12:31:33Z</time>
   </trkpt>
   <trkpt lat="50.3391590" lon="6.1204170">
    <ele>446.6</ele>
    <time>2025-09-12T12:31:40Z</time>
   </trkpt>
   <trkpt lat="50.3389170" lon="6.1203900">
    <ele>446.9</ele>
    <time>2025-09-12T12:31:45Z</time>
   </trkpt>
   <trkpt lat="50.3388260" lon="6.1203640">
    <ele>447.0</ele>
    <time>2025-09-12T12:31:47Z</time>
   </trkpt>
   <trkpt lat="50.3383270" lon="6.1201920">
    <ele>447.9</ele>
    <time>2025-09-12T12:31:58Z</time>
   </trkpt>
   <trkpt lat="50.3379720" lon="6.1200330">
    <ele>448.9</ele>
    <time>2025-09-12T12:32:06Z</time>
   </trkpt>
   <trkpt lat="50.3379330" lon="6.1200080">
    <ele>449.1</ele>
    <time>2025-09-12T12:32:07Z</time>
   </trkpt>
   <trkpt lat="50.3378350" lon="6.1199030">
    <ele>449.4</ele>
    <time>2025-09-12T12:32:10Z</time>
   </trkpt>
   <trkpt lat="50.3376750" lon="6.1197510">
    <ele>449.5</ele>
    <time>2025-09-12T12:32:15Z</time>
   </trkpt>
   <trkpt lat="50.3376360" lon="6.1197380">
    <ele>449.5</ele>
    <time>2025-09-12T12:32:16Z</time>
   </trkpt>
   <trkpt lat="50.3375950" lon="6.1197370">
    <ele>449.5</ele>
    <time>2025-09-12T12:32:17Z</time>
   </trkpt>
   <trkpt lat="50.3375020" lon="6.1197410">
    <ele>449.5</ele>
    <time>2025-09-12T12:32:19Z</time>
   </trkpt>
   <trkpt lat="50.3374530" lon="6.1197190">
    <ele>449.5</ele>
    <time>2025-09-12T12:32:20Z</time>
   </trkpt>
   <trkpt lat="50.3372780" lon="6.1196050">
    <ele>449.6</ele>
    <time>2025-09-12T12:32:24Z</time>
   </trkpt>
   <trkpt lat="50.3371520" lon="6.1195060">
    <ele>449.8</ele>
    <time>2025-09-12T12:32:27Z</time>
   </trkpt>
   <trkpt lat="50.3368310" lon="6.1192190">
    <ele>450.4</ele>
    <time>2025-09-12T12:32:35Z</time>
   </trkpt>
   <trkpt lat="50.3365300" lon="6.1188890">
    <ele>450.9</ele>
    <time>2025-09-12T12:32:43Z</time>
   </trkpt>
   <trkpt lat="50.3362390" lon="6.1185810">
    <ele>451.6</ele>
    <time>2025-09-12T12:32:51Z</time>
   </trkpt>
   <trkpt lat="50.3361300" lon="6.1184620">
    <ele>451.8</ele>
    <time>2025-09-12T12:32:54Z</time>
   </trkpt>
   <trkpt lat="50.3359870" lon="6.1182920">
    <ele>452.1</ele>
    <time>2025-09-12T12:32:58Z</time>
   </trkpt>
   <trkpt lat="50.3359140" lon="6.1182080">
    <ele>452.3</ele>
    <time>2025-09-12T12:33:00Z</time>
   </trkpt>
   <trkpt lat="50.3358380" lon="6.1181240">
    <ele>452.4</ele>
    <time>2025-09-12T12:33:02Z</time>
   </trkpt>
   <trkpt lat="50.3357560" lon="6.1180510">
    <ele>452.6</ele>
    <time>2025-09-12T12:33:04Z</time>
   </trkpt>
   <trkpt lat="50.3354330" lon="6.1177840">
    <ele>453.3</ele>
    <time>2025-09-12T12:33:12Z</time>
   </trkpt>
   <trkpt lat="50.3352050" lon="6.1176510">
    <ele>453.8</ele>
    <time>2025-09-12T12:33:18Z</time>
   </trkpt>
   <trkpt lat="50.3350230" lon="6.1175580">
    <ele>454.1</ele>
    <time>2025-09-12T12:33:23Z</time>
   </trkpt>
   <trkpt lat="50.3349860" lon="6.1175330">
    <ele>454.2</ele>
    <time>2025-09-12T12:33:24Z</time>
   </trkpt>
   <trkpt lat="50.3348650" lon="6.1174790">
    <ele>454.3</ele>
    <time>2025-09-12T12:33:27Z</time>
   </trkpt>
   <trkpt lat="50.3346470" lon="6.1174140">
    <ele>454.7</ele>
    <time>2025-09-12T12:33:32Z</time>
   </trkpt>
   <trkpt lat="50.3344430" lon="6.1173530">
    <ele>454.9</ele>
    <time>2025-09-12T12:33:37Z</time>
   </trkpt>
   <trkpt lat="50.3344010" lon="6.1173450">
    <ele>455.0</ele>
    <time>2025-09-12T12:33:38Z</time>
   </trkpt>
   <trkpt lat="50.3341490" lon="6.1173090">
    <ele>455.4</ele>
    <time>2025-09-12T12:33:44Z</time>
   </trkpt>
   <trkpt lat="50.3339860" lon="6.1173030">
    <ele>455.6</ele>
    <time>2025-09-12T12:33:48Z</time>
   </trkpt>
   <trkpt lat="50.3338610" lon="6.1173110">
    <ele>455.8</ele>
    <time>2025-09-12T12:33:51Z</time>
   </trkpt>
   <trkpt lat="50.3334710" lon="6.1173850">
    <ele>456.6</ele>
    <time>2025-09-12T12:34:00Z</time>
   </trkpt>
   <trkpt lat="50.3333430" lon="6.1174200">
    <ele>457.0</ele>
    <time>2025-09-12T12:34:03Z</time>
   </trkpt>
   <trkpt lat="50.3332640" lon="6.1174330">
    <ele>457.2</ele>
    <time>2025-09-12T12:34:05Z</time>
   </trkpt>
   <trkpt lat="50.3331290" lon="6.1174660">
    <ele>457.7</ele>
    <time>2025-09-12T12:34:10Z</time>
   </trkpt>
   <trkpt lat="50.3330210" lon="6.1175360">
    <ele>457.8</ele>
    <time>2025-09-12T12:34:14Z</time>
   </trkpt>
   <trkpt lat="50.3329470" lon="6.1175980">
    <ele>457.7</ele>
    <time>2025-09-12T12:34:16Z</time>
   </trkpt>
   <trkpt lat="50.3328620" lon="6.1176450">
    <ele>457.7</ele>
    <time>2025-09-12T12:34:18Z</time>
   </trkpt>
   <trkpt lat="50.3325940" lon="6.1177550">
    <ele>458.0</ele>
    <time>2025-09-12T12:34:25Z</time>
   </trkpt>
   <trkpt lat="50.3324490" lon="6.1178440">
    <ele>458.2</ele>
    <time>2025-09-12T12:34:29Z</time>
   </trkpt>
   <trkpt lat="50.3323650" lon="6.1178850">
    <ele>458.4</ele>
    <time>2025-09-12T12:34:31Z</time>
   </trkpt>
   <trkpt lat="50.3322090" lon="6.1179730">
    <ele>458.8</ele>
    <time>2025-09-12T12:34:35Z</time>
   </trkpt>
   <trkpt lat="50.3321690" lon="6.1179900">
    <ele>458.9</ele>
    <time>2025-09-12T12:34:36Z</time>
   </trkpt>
   <trkpt lat="50.3320320" lon="6.1180310">
    <ele>459.0</ele>
    <time>2025-09-12T12:34:39Z</time>
   </trkpt>
   <trkpt lat="50.3319880" lon="6.1180520">
    <ele>459.0</ele>
    <time>2025-09-12T12:34:40Z</time>
   </trkpt>
   <trkpt lat="50.3315940" lon="6.1182540">
    <ele>459.1</ele>
    <time>2025-09-12T12:34:49Z</time>
   </trkpt>
   <trkpt lat="50.3311450" lon="6.1185120">
    <ele>459.7</ele>
    <time>2025-09-12T12:34:59Z</time>
   </trkpt>
   <trkpt lat="50.3307880" lon="6.1186970">
    <ele>460.3</ele>
    <time>2025-09-12T12:35:07Z</time>
   </trkpt>
   <trkpt lat="50.3307020" lon="6.1187310">
    <ele>460.5</ele>
    <time>2025-09-12T12:35:09Z</time>
   </trkpt>
   <trkpt lat="50.3306560" lon="6.1187500">
    <ele>460.6</ele>
    <time>2025-09-12T12:35:10Z</time>
   </trkpt>
   <trkpt lat="50.3303370" lon="6.1189280">
    <ele>461.3</ele>
    <time>2025-09-12T12:35:17Z</time>
   </trkpt>
   <trkpt lat="50.3302910" lon="6.1189490">
    <ele>461.4</ele>
    <time>2025-09-12T12:35:18Z</time>
   </trkpt>
   <trkpt lat="50.3298650" lon="6.1191820">
    <ele>462.3</ele>
    <time>2025-09-12T12:35:27Z</time>
   </trkpt>
   <trkpt lat="50.3297770" lon="6.1192260">
    <ele>462.4</ele>
    <time>2025-09-12T12:35:29Z</time>
   </trkpt>
   <trkpt lat="50.3295920" lon="6.1193210">
    <ele>462.9</ele>
    <time>2025-09-12T12:35:33Z</time>
   </trkpt>
   <trkpt lat="50.3293310" lon="6.1194570">
    <ele>463.4</ele>
    <time>2025-09-12T12:35:39Z</time>
   </trkpt>
   <trkpt lat="50.3291220" lon="6.1195660">
    <ele>463.7</ele>
    <time>2025-09-12T12:35:44Z</time>
   </trkpt>
   <trkpt lat="50.3290780" lon="6.1196020">
    <ele>463.8</ele>
    <time>2025-09-12T12:35:45Z</time>
   </trkpt>
   <trkpt lat="50.3289050" lon="6.1197380">
    <ele>464.0</ele>
    <time>2025-09-12T12:35:49Z</time>
   </trkpt>
   <trkpt lat="50.3286010" lon="6.1200170">
    <ele>464.3</ele>
    <time>2025-09-12T12:35:56Z</time>
   </trkpt>
   <trkpt lat="50.3282780" lon="6.1203680">
    <ele>464.8</ele>
    <time>2025-09-12T12:36:04Z</time>
   </trkpt>
   <trkpt lat="50.3280270" lon="6.1207270">
    <ele>465.2</ele>
    <time>2025-09-12T12:36:11Z</time>
   </trkpt>
   <trkpt lat="50.3277800" lon="6.1211230">
    <ele>465.7</ele>
    <time>2025-09-12T12:36:18Z</time>
   </trkpt>
   <trkpt lat="50.3276160" lon="6.1213440">
    <ele>466.1</ele>
    <time>2025-09-12T12:36:23Z</time>
   </trkpt>
   <trkpt lat="50.3275240" lon="6.1214680">
    <ele>466.1</ele>
    <time>2025-09-12T12:36:26Z</time>
   </trkpt>
   <trkpt lat="50.3274070" lon="6.1216330">
    <ele>466.1</ele>
    <time>2025-09-12T12:36:29Z</time>
   </trkpt>
   <trkpt lat="50.3272690" lon="6.1218520">
    <ele>466.2</ele>
    <time>2025-09-12T12:36:33Z</time>
   </trkpt>
   <trkpt lat="50.3271950" lon="6.1219610">
    <ele>466.3</ele>
    <time>2025-09-12T12:36:35Z</time>
   </trkpt>
   <trkpt lat="50.3269280" lon="6.1223540">
    <ele>466.4</ele>
    <time>2025-09-12T12:36:42Z</time>
   </trkpt>
   <trkpt lat="50.3265150" lon="6.1229580">
    <ele>466.5</ele>
    <time>2025-09-12T12:36:52Z</time>
   </trkpt>
   <trkpt lat="50.3261110" lon="6.1235860">
    <ele>466.8</ele>
    <time>2025-09-12T12:37:02Z</time>
   </trkpt>
   <trkpt lat="50.3258190" lon="6.1240960">
    <ele>467.0</ele>
    <time>2025-09-12T12:37:10Z</time>
   </trkpt>
   <trkpt lat="50.3255450" lon="6.1245580">
    <ele>467.0</ele>
    <time>2025-09-12T12:37:17Z</time>
   </trkpt>
   <trkpt lat="50.3252610" lon="6.1250600">
    <ele>467.0</ele>
    <time>2025-09-12T12:37:25Z</time>
   </trkpt>
   <trkpt lat="50.3248800" lon="6.1257160">
    <ele>467.2</ele>
    <time>2025-09-12T12:37:35Z</time>
   </trkpt>
   <trkpt lat="50.3245650" lon="6.1262740">
    <ele>467.3</ele>
    <time>2025-09-12T12:37:43Z</time>
   </trkpt>
   <trkpt lat="50.3242400" lon="6.1268170">
    <ele>467.5</ele>
    <time>2025-09-12T12:37:51Z</time>
   </trkpt>
   <trkpt lat="50.3239240" lon="6.1273760">
    <ele>467.5</ele>
    <time>2025-09-12T12:37:59Z</time>
   </trkpt>
   <trkpt lat="50.3235580" lon="6.1280150">
    <ele>467.6</ele>
    <time>2025-09-12T12:38:08Z</time>
   </trkpt>
   <trkpt lat="50.3234790" lon="6.1281580">
    <ele>467.7</ele>
    <time>2025-09-12T12:38:10Z</time>
   </trkpt>
   <trkpt lat="50.3231560" lon="6.1287300">
    <ele>467.7</ele>
    <time>2025-09-12T12:38:18Z</time>
   </trkpt>
   <trkpt lat="50.3228050" lon="6.1293290">
    <ele>467.8</ele>
    <time>2025-09-12T12:38:27Z</time>
   </trkpt>
   <trkpt lat="50.3224660" lon="6.1298050">
    <ele>468.0</ele>
    <time>2025-09-12T12:38:35Z</time>
   </trkpt>
   <trkpt lat="50.3221210" lon="6.1302450">
    <ele>468.4</ele>
    <time>2025-09-12T12:38:43Z</time>
   </trkpt>
   <trkpt lat="50.3218530" lon="6.1305730">
    <ele>468.7</ele>
    <time>2025-09-12T12:38:49Z</time>
   </trkpt>
   <trkpt lat="50.3218090" lon="6.1306300">
    <ele>468.8</ele>
    <time>2025-09-12T12:38:50Z</time>
   </trkpt>
   <trkpt lat="50.3214600" lon="6.1310770">
    <ele>469.4</ele>
    <time>2025-09-12T12:38:58Z</time>
   </trkpt>
   <trkpt lat="50.3211180" lon="6.1315230">
    <ele>469.9</ele>
    <time>2025-09-12T12:39:06Z</time>
   </trkpt>
   <trkpt lat="50.3207730" lon="6.1319580">
    <ele>470.5</ele>
    <time>2025-09-12T12:39:14Z</time>
   </trkpt>
   <trkpt lat="50.3205310" lon="6.1322710">
    <ele>471.0</ele>
    <time>2025-09-12T12:39:20Z</time>
   </trkpt>
   <trkpt lat="50.3202480" lon="6.1326130">
    <ele>471.4</ele>
    <time>2025-09-12T12:39:27Z</time>
   </trkpt>
   <trkpt lat="50.3199550" lon="6.1329470">
    <ele>472.0</ele>
    <time>2025-09-12T12:39:34Z</time>
   </trkpt>
   <trkpt lat="50.3197610" lon="6.1331730">
    <ele>472.3</ele>
    <time>2025-09-12T12:39:39Z</time>
   </trkpt>
   <trkpt lat="50.3193650" lon="6.1336220">
    <ele>472.9</ele>
    <time>2025-09-12T12:39:48Z</time>
   </trkpt>
   <trkpt lat="50.3189820" lon="6.1340660">
    <ele>473.6</ele>
    <time>2025-09-12T12:39:57Z</time>
   </trkpt>
   <trkpt lat="50.3186460" lon="6.1344310">
    <ele>474.1</ele>
    <time>2025-09-12T12:40:05Z</time>
   </trkpt>
   <trkpt lat="50.3182600" lon="6.1348650">
    <ele>474.8</ele>
    <time>2025-09-12T12:40:14Z</time>
   </trkpt>
   <trkpt lat="50.3178200" lon="6.1353590">
    <ele>475.6</ele>
    <time>2025-09-12T12:40:24Z</time>
   </trkpt>
   <trkpt lat="50.3173880" lon="6.1358450">
    <ele>476.3</ele>
    <time>2025-09-12T12:40:34Z</time>
   </trkpt>
   <trkpt lat="50.3170540" lon="6.1362300">
    <ele>476.9</ele>
    <time>2025-09-12T12:40:42Z</time>
   </trkpt>
   <trkpt lat="50.3167250" lon="6.1366140">
    <ele>477.5</ele>
    <time>2025-09-12T12:40:50Z</time>
   </trkpt>
   <trkpt lat="50.3164300" lon="6.1369530">
    <ele>478.1</ele>
    <time>2025-09-12T12:40:57Z</time>
   </trkpt>
   <trkpt lat="50.3160890" lon="6.1373400">
    <ele>478.7</ele>
    <time>2025-09-12T12:41:05Z</time>
   </trkpt>
   <trkpt lat="50.3157130" lon="6.1377600">
    <ele>479.3</ele>
    <time>2025-09-12T12:41:14Z</time>
   </trkpt>
   <trkpt lat="50.3154200" lon="6.1380920">
    <ele>479.8</ele>
    <time>2025-09-12T12:41:21Z</time>
   </trkpt>
   <trkpt lat="50.3150930" lon="6.1384630">
    <ele>480.3</ele>
    <time>2025-09-12T12:41:29Z</time>
   </trkpt>
   <trkpt lat="50.3147990" lon="6.1387930">
    <ele>480.9</ele>
    <time>2025-09-12T12:41:36Z</time>
   </trkpt>
   <trkpt lat="50.3146700" lon="6.1389340">
    <ele>481.2</ele>
    <time>2025-09-12T12:41:39Z</time>
   </trkpt>
   <trkpt lat="50.3146000" lon="6.1390010">
    <ele>481.3</ele>
    <time>2025-09-12T12:41:41Z</time>
   </trkpt>
   <trkpt lat="50.3144790" lon="6.1391460">
    <ele>481.6</ele>
    <time>2025-09-12T12:41:44Z</time>
   </trkpt>
   <trkpt lat="50.3144380" lon="6.1392050">
    <ele>481.7</ele>
    <time>2025-09-12T12:41:45Z</time>
   </trkpt>
   <trkpt lat="50.3143510" lon="6.1393160">
    <ele>481.9</ele>
    <time>2025-09-12T12:41:47Z</time>
   </trkpt>
   <trkpt lat="50.3143040" lon="6.1393640">
    <ele>482.0</ele>
    <time>2025-09-12T12:41:48Z</time>
   </trkpt>
   <trkpt lat="50.3141720" lon="6.1395040">
    <ele>482.2</ele>
    <time>2025-09-12T12:41:51Z</time>
   </trkpt>
   <trkpt lat="50.3140960" lon="6.1395920">
    <ele>482.3</ele>
    <time>2025-09-12T12:41:53Z</time>
   </trkpt>
   <trkpt lat="50.3139890" lon="6.1397110">
    <ele>482.5</ele>
    <time>2025-09-12T12:41:56Z</time>
   </trkpt>
   <trkpt lat="50.3138690" lon="6.1398570">
    <ele>482.8</ele>
    <time>2025-09-12T12:41:59Z</time>
   </trkpt>
   <trkpt lat="50.3135600" lon="6.1401990">
    <ele>483.4</ele>
    <time>2025-09-12T12:42:06Z</time>
   </trkpt>
   <trkpt lat="50.3133460" lon="6.1404230">
    <ele>483.8</ele>
    <time>2025-09-12T12:42:11Z</time>
   </trkpt>
   <trkpt lat="50.3132150" lon="6.1405100">
    <ele>484.0</ele>
    <time>2025-09-12T12:42:15Z</time>
   </trkpt>
   <trkpt lat="50.3131780" lon="6.1405250">
    <ele>484.0</ele>
    <time>2025-09-12T12:42:16Z</time>
   </trkpt>
   <trkpt lat="50.3131090" lon="6.1405700">
    <ele>484.1</ele>
    <time>2025-09-12T12:42:18Z</time>
   </trkpt>
   <trkpt lat="50.3128630" lon="6.1407850">
    <ele>484.6</ele>
    <time>2025-09-12T12:42:24Z</time>
   </trkpt>
   <trkpt lat="50.3128290" lon="6.1408130">
    <ele>484.6</ele>
    <time>2025-09-12T12:42:25Z</time>
   </trkpt>
   <trkpt lat="50.3127200" lon="6.1408800">
    <ele>484.8</ele>
    <time>2025-09-12T12:42:28Z</time>
   </trkpt>
   <trkpt lat="50.3124210" lon="6.1410480">
    <ele>485.2</ele>
    <time>2025-09-12T12:42:35Z</time>
   </trkpt>
   <trkpt lat="50.3122170" lon="6.1411270">
    <ele>485.4</ele>
    <time>2025-09-12T12:42:40Z</time>
   </trkpt>
   <trkpt lat="50.3121750" lon="6.1411420">
    <ele>485.5</ele>
    <time>2025-09-12T12:42:41Z</time>
   </trkpt>
   <trkpt lat="50.3120880" lon="6.1411700">
    <ele>485.6</ele>
    <time>2025-09-12T12:42:43Z</time>
   </trkpt>
   <trkpt lat="50.3117500" lon="6.1412800">
    <ele>485.9</ele>
    <time>2025-09-12T12:42:50Z</time>
   </trkpt>
   <trkpt lat="50.3113330" lon="6.1413690">
    <ele>486.3</ele>
    <time>2025-09-12T12:42:58Z</time>
   </trkpt>
   <trkpt lat="50.3109150" lon="6.1413890">
    <ele>486.7</ele>
    <time>2025-09-12T12:43:06Z</time>
   </trkpt>
   <trkpt lat="50.3105610" lon="6.1413830">
    <ele>487.1</ele>
    <time>2025-09-12T12:43:13Z</time>
   </trkpt>
   <trkpt lat="50.3102450" lon="6.1413720">
    <ele>487.4</ele>
    <time>2025-09-12T12:43:20Z</time>
   </trkpt>
   <trkpt lat="50.3098220" lon="6.1413370">
    <ele>487.9</ele>
    <time>2025-09-12T12:43:29Z</time>
   </trkpt>
   <trkpt lat="50.3094480" lon="6.1412950">
    <ele>488.4</ele>
    <time>2025-09-12T12:43:37Z</time>
   </trkpt>
   <trkpt lat="50.3090730" lon="6.1412620">
    <ele>488.9</ele>
    <time>2025-09-12T12:43:45Z</time>
   </trkpt>
   <trkpt lat="50.3088400" lon="6.1412540">
    <ele>489.2</ele>
    <time>2025-09-12T12:43:50Z</time>
   </trkpt>
   <trkpt lat="50.3087060" lon="6.1412390">
    <ele>489.4</ele>
    <time>2025-09-12T12:43:53Z</time>
   </trkpt>
   <trkpt lat="50.3082870" lon="6.1412000">
    <ele>489.9</ele>
    <time>2025-09-12T12:44:02Z</time>
   </trkpt>
   <trkpt lat="50.3079300" lon="6.1411740">
    <ele>490.5</ele>
    <time>2025-09-12T12:44:10Z</time>
   </trkpt>
   <trkpt lat="50.3076750" lon="6.1411690">
    <ele>490.9</ele>
    <time>2025-09-12T12:44:16Z</time>
   </trkpt>
   <trkpt lat="50.3073920" lon="6.1411470">
    <ele>491.4</ele>
    <time>2025-09-12T12:44:23Z</time>
   </trkpt>
   <trkpt lat="50.3073500" lon="6.1411410">
    <ele>491.4</ele>
    <time>2025-09-12T12:44:24Z</time>
   </trkpt>
   <trkpt lat="50.3071550" lon="6.1411240">
    <ele>491.7</ele>
    <time>2025-09-12T12:44:29Z</time>
   </trkpt>
   <trkpt lat="50.3068380" lon="6.1411020">
    <ele>492.2</ele>
    <time>2025-09-12T12:44:37Z</time>
   </trkpt>
   <trkpt lat="50.3065890" lon="6.1410860">
    <ele>492.6</ele>
    <time>2025-09-12T12:44:43Z</time>
   </trkpt>
   <trkpt lat="50.3063500" lon="6.1410580">
    <ele>492.9</ele>
    <time>2025-09-12T12:44:49Z</time>
   </trkpt>
   <trkpt lat="50.3062240" lon="6.1410500">
    <ele>493.1</ele>
    <time>2025-09-12T12:44:52Z</time>
   </trkpt>
   <trkpt lat="50.3061020" lon="6.1410320">
    <ele>493.4</ele>
    <time>2025-09-12T12:44:55Z</time>
   </trkpt>
   <trkpt lat="50.3057910" lon="6.1410120">
    <ele>493.9</ele>
    <time>2025-09-12T12:45:02Z</time>
   </trkpt>
   <trkpt lat="50.3056110" lon="6.1409870">
    <ele>494.3</ele>
    <time>2025-09-12T12:45:07Z</time>
   </trkpt>
   <trkpt lat="50.3053750" lon="6.1409520">
    <ele>494.6</ele>
    <time>2025-09-12T12:45:13Z</time>
   </trkpt>
   <trkpt lat="50.3053300" lon="6.1409490">
    <ele>494.7</ele>
    <time>2025-09-12T12:45:14Z</time>
   </trkpt>
   <trkpt lat="50.3051540" lon="6.1409500">
    <ele>495.0</ele>
    <time>2025-09-12T12:45:18Z</time>
   </trkpt>
   <trkpt lat="50.3049590" lon="6.1409330">
    <ele>495.3</ele>
    <time>2025-09-12T12:45:23Z</time>
   </trkpt>
   <trkpt lat="50.3047860" lon="6.1409080">
    <ele>495.6</ele>
    <time>2025-09-12T12:45:27Z</time>
   </trkpt>
   <trkpt lat="50.3047080" lon="6.1409130">
    <ele>495.8</ele>
    <time>2025-09-12T12:45:29Z</time>
   </trkpt>
   <trkpt lat="50.3044890" lon="6.1409020">
    <ele>496.2</ele>
    <time>2025-09-12T12:45:35Z</time>
   </trkpt>
   <trkpt lat="50.3042870" lon="6.1408570">
    <ele>496.6</ele>
    <time>2025-09-12T12:45:40Z</time>
   </trkpt>
   <trkpt lat="50.3040740" lon="6.1408570">
    <ele>496.9</ele>
    <time>2025-09-12T12:45:45Z</time>
   </trkpt>
   <trkpt lat="50.3040260" lon="6.1408570">
    <ele>497.0</ele>
    <time>2025-09-12T12:45:46Z</time>
   </trkpt>
   <trkpt lat="50.3038870" lon="6.1408540">
    <ele>497.1</ele>
    <time>2025-09-12T12:45:49Z</time>
   </trkpt>
   <trkpt lat="50.3038430" lon="6.1408550">
    <ele>497.2</ele>
    <time>2025-09-12T12:45:50Z</time>
   </trkpt>
   <trkpt lat="50.3035600" lon="6.1408460">
    <ele>497.4</ele>
    <time>2025-09-12T12:45:56Z</time>
   </trkpt>
   <trkpt lat="50.3034770" lon="6.1408260">
    <ele>497.5</ele>
    <time>2025-09-12T12:45:58Z</time>
   </trkpt>
   <trkpt lat="50.3033440" lon="6.1407960">
    <ele>497.6</ele>
    <time>2025-09-12T12:46:01Z</time>
   </trkpt>
   <trkpt lat="50.3030440" lon="6.1407860">
    <ele>497.8</ele>
    <time>2025-09-12T12:46:08Z</time>
   </trkpt>
   <trkpt lat="50.3027660" lon="6.1407870">
    <ele>498.0</ele>
    <time>2025-09-12T12:46:14Z</time>
   </trkpt>
   <trkpt lat="50.3024940" lon="6.1407700">
    <ele>498.1</ele>
    <time>2025-09-12T12:46:20Z</time>
   </trkpt>
   <trkpt lat="50.3021030" lon="6.1407410">
    <ele>498.2</ele>
    <time>2025-09-12T12:46:27Z</time>
   </trkpt>
   <trkpt lat="50.3018340" lon="6.1407200">
    <ele>498.2</ele>
    <time>2025-09-12T12:46:32Z</time>
   </trkpt>
   <trkpt lat="50.3017820" lon="6.1407250">
    <ele>498.2</ele>
    <time>2025-09-12T12:46:33Z</time>
   </trkpt>
   <trkpt lat="50.3014040" lon="6.1407700">
    <ele>498.2</ele>
    <time>2025-09-12T12:46:40Z</time>
   </trkpt>
   <trkpt lat="50.3012930" lon="6.1407830">
    <ele>498.2</ele>
    <time>2025-09-12T12:46:42Z</time>
   </trkpt>
   <trkpt lat="50.3010770" lon="6.1408090">
    <ele>498.2</ele>
    <time>2025-09-12T12:46:46Z</time>
   </trkpt>
   <trkpt lat="50.3007390" lon="6.1408780">
    <ele>498.2</ele>
    <time>2025-09-12T12:46:52Z</time>
   </trkpt>
   <trkpt lat="50.3003210" lon="6.1410120">
    <ele>498.0</ele>
    <time>2025-09-12T12:46:59Z</time>
   </trkpt>
   <trkpt lat="50.3000060" lon="6.1411470">
    <ele>497.5</ele>
    <time>2025-09-12T12:47:04Z</time>
   </trkpt>
   <trkpt lat="50.2996650" lon="6.1413300">
    <ele>496.8</ele>
    <time>2025-09-12T12:47:09Z</time>
   </trkpt>
   <trkpt lat="50.2992450" lon="6.1415940">
    <ele>495.7</ele>
    <time>2025-09-12T12:47:15Z</time>
   </trkpt>
   <trkpt lat="50.2987340" lon="6.1419620">
    <ele>494.6</ele>
    <time>2025-09-12T12:47:22Z</time>
   </trkpt>
   <trkpt lat="50.2982830" lon="6.1423040">
    <ele>493.7</ele>
    <time>2025-09-12T12:47:28Z</time>
   </trkpt>
   <trkpt lat="50.2979110" lon="6.1425780">
    <ele>493.1</ele>
    <time>2025-09-12T12:47:33Z</time>
   </trkpt>
   <trkpt lat="50.2977800" lon="6.1426780">
    <ele>492.9</ele>
    <time>2025-09-12T12:47:35Z</time>
   </trkpt>
   <trkpt lat="50.2975710" lon="6.1428020">
    <ele>492.5</ele>
    <time>2025-09-12T12:47:38Z</time>
   </trkpt>
   <trkpt lat="50.2971630" lon="6.1430980">
    <ele>491.8</ele>
    <time>2025-09-12T12:47:44Z</time>
   </trkpt>
   <trkpt lat="50.2966330" lon="6.1433600">
    <ele>491.0</ele>
    <time>2025-09-12T12:47:51Z</time>
   </trkpt>
   <trkpt lat="50.2960780" lon="6.1435250">
    <ele>490.1</ele>
    <time>2025-09-12T12:47:58Z</time>
   </trkpt>
   <trkpt lat="50.2955920" lon="6.1435380">
    <ele>489.3</ele>
    <time>2025-09-12T12:48:04Z</time>
   </trkpt>
   <trkpt lat="50.2951600" lon="6.1434880">
    <ele>488.5</ele>
    <time>2025-09-12T12:48:10Z</time>
   </trkpt>
   <trkpt lat="50.2947710" lon="6.1433710">
    <ele>487.9</ele>
    <time>2025-09-12T12:48:16Z</time>
   </trkpt>
   <trkpt lat="50.2945720" lon="6.1432860">
    <ele>487.7</ele>
    <time>2025-09-12T12:48:19Z</time>
   </trkpt>
   <trkpt lat="50.2945150" lon="6.1432520">
    <ele>487.6</ele>
    <time>2025-09-12T12:48:20Z</time>
   </trkpt>
   <trkpt lat="50.2943930" lon="6.1431910">
    <ele>487.3</ele>
    <time>2025-09-12T12:48:22Z</time>
   </trkpt>
   <trkpt lat="50.2942100" lon="6.1430670">
    <ele>487.0</ele>
    <time>2025-09-12T12:48:25Z</time>
   </trkpt>
   <trkpt lat="50.2939170" lon="6.1428090">
    <ele>486.6</ele>
    <time>2025-09-12T12:48:30Z</time>
   </trkpt>
   <trkpt lat="50.2936890" lon="6.1425970">
    <ele>486.2</ele>
    <time>2025-09-12T12:48:34Z</time>
   </trkpt>
   <trkpt lat="50.2933760" lon="6.1422460">
    <ele>485.6</ele>
    <time>2025-09-12T12:48:40Z</time>
   </trkpt>
   <trkpt lat="50.2933350" lon="6.1421860">
    <ele>485.5</ele>
    <time>2025-09-12T12:48:41Z</time>
   </trkpt>
   <trkpt lat="50.2931980" lon="6.1419890">
    <ele>485.2</ele>
    <time>2025-09-12T12:48:44Z</time>
   </trkpt>
   <trkpt lat="50.2931010" lon="6.1418370">
    <ele>485.0</ele>
    <time>2025-09-12T12:48:46Z</time>
   </trkpt>
   <trkpt lat="50.2928390" lon="6.1413840">
    <ele>484.5</ele>
    <time>2025-09-12T12:48:52Z</time>
   </trkpt>
   <trkpt lat="50.2927270" lon="6.1411530">
    <ele>484.3</ele>
    <time>2025-09-12T12:48:55Z</time>
   </trkpt>
   <trkpt lat="50.2926470" lon="6.1410030">
    <ele>484.1</ele>
    <time>2025-09-12T12:48:57Z</time>
   </trkpt>
   <trkpt lat="50.2923360" lon="6.1403760">
    <ele>483.4</ele>
    <time>2025-09-12T12:49:05Z</time>
   </trkpt>
   <trkpt lat="50.2920740" lon="6.1398270">
    <ele>482.9</ele>
    <time>2025-09-12T12:49:12Z</time>
   </trkpt>
   <trkpt lat="50.2918470" lon="6.1393430">
    <ele>482.5</ele>
    <time>2025-09-12T12:49:18Z</time>
   </trkpt>
   <trkpt lat="50.2917390" lon="6.1391170">
    <ele>482.3</ele>
    <time>2025-09-12T12:49:21Z</time>
   </trkpt>
   <trkpt lat="50.2915330" lon="6.1386930">
    <ele>481.7</ele>
    <time>2025-09-12T12:49:26Z</time>
   </trkpt>
   <trkpt lat="50.2912850" lon="6.1381640">
    <ele>481.1</ele>
    <time>2025-09-12T12:49:32Z</time>
   </trkpt>
   <trkpt lat="50.2910430" lon="6.1376420">
    <ele>480.4</ele>
    <time>2025-09-12T12:49:38Z</time>
   </trkpt>
   <trkpt lat="50.2908330" lon="6.1372070">
    <ele>479.7</ele>
    <time>2025-09-12T12:49:43Z</time>
   </trkpt>
   <trkpt lat="50.2905320" lon="6.1365680">
    <ele>478.9</ele>
    <time>2025-09-12T12:49:50Z</time>
   </trkpt>
   <trkpt lat="50.2902750" lon="6.1359950">
    <ele>478.2</ele>
    <time>2025-09-12T12:49:56Z</time>
   </trkpt>
   <trkpt lat="50.2900020" lon="6.1354440">
    <ele>477.6</ele>
    <time>2025-09-12T12:50:02Z</time>
   </trkpt>
   <trkpt lat="50.2898480" lon="6.1351360">
    <ele>477.3</ele>
    <time>2025-09-12T12:50:06Z</time>
   </trkpt>
   <trkpt lat="50.2896590" lon="6.1347220">
    <ele>476.7</ele>
    <time>2025-09-12T12:50:11Z</time>
   </trkpt>
   <trkpt lat="50.2894030" lon="6.1341840">
    <ele>475.9</ele>
    <time>2025-09-12T12:50:17Z</time>
   </trkpt>
   <trkpt lat="50.2891480" lon="6.1336570">
    <ele>475.1</ele>
    <time>2025-09-12T12:50:23Z</time>
   </trkpt>
   <trkpt lat="50.2888840" lon="6.1331000">
    <ele>474.4</ele>
    <time>2025-09-12T12:50:29Z</time>
   </trkpt>
   <trkpt lat="50.2886440" lon="6.1325430">
    <ele>473.6</ele>
    <time>2025-09-12T12:50:35Z</time>
   </trkpt>
   <trkpt lat="50.2883900" lon="6.1319810">
    <ele>472.9</ele>
    <time>2025-09-12T12:50:41Z</time>
   </trkpt>
   <trkpt lat="50.2880430" lon="6.1312180">
    <ele>472.0</ele>
    <time>2025-09-12T12:50:49Z</time>
   </trkpt>
   <trkpt lat="50.2877000" lon="6.1304530">
    <ele>471.0</ele>
    <time>2025-09-12T12:50:57Z</time>
   </trkpt>
   <trkpt lat="50.2876580" lon="6.1303620">
    <ele>470.9</ele>
    <time>2025-09-12T12:50:58Z</time>
   </trkpt>
   <trkpt lat="50.2873720" lon="6.1298200">
    <ele>470.5</ele>
    <time>2025-09-12T12:51:05Z</time>
   </trkpt>
   <trkpt lat="50.2872830" lon="6.1297840">
    <ele>470.3</ele>
    <time>2025-09-12T12:51:07Z</time>
   </trkpt>
   <trkpt lat="50.2872300" lon="6.1297680">
    <ele>470.2</ele>
    <time>2025-09-12T12:51:08Z</time>
   </trkpt>
   <trkpt lat="50.2871780" lon="6.1297280">
    <ele>470.0</ele>
    <time>2025-09-12T12:51:09Z</time>
   </trkpt>
   <trkpt lat="50.2870840" lon="6.1295850">
    <ele>468.9</ele>
    <time>2025-09-12T12:51:11Z</time>
   </trkpt>
   <trkpt lat="50.2868510" lon="6.1293130">
    <ele>466.3</ele>
    <time>2025-09-12T12:51:15Z</time>
   </trkpt>
   <trkpt lat="50.2867920" lon="6.1292600">
    <ele>465.8</ele>
    <time>2025-09-12T12:51:16Z</time>
   </trkpt>
   <trkpt lat="50.2866850" lon="6.1291710">
    <ele>465.0</ele>
    <time>2025-09-12T12:51:18Z</time>
   </trkpt>
   <trkpt lat="50.2866330" lon="6.1291350">
    <ele>464.6</ele>
    <time>2025-09-12T12:51:19Z</time>
   </trkpt>
   <trkpt lat="50.2865390" lon="6.1290590">
    <ele>463.8</ele>
    <time>2025-09-12T12:51:21Z</time>
   </trkpt>
   <trkpt lat="50.2864970" lon="6.1290100">
    <ele>463.6</ele>
    <time>2025-09-12T12:51:22Z</time>
   </trkpt>
   <trkpt lat="50.2864010" lon="6.1289170">
    <ele>463.3</ele>
    <time>2025-09-12T12:51:24Z</time>
   </trkpt>
   <trkpt lat="50.2862950" lon="6.1288510">
    <ele>463.0</ele>
    <time>2025-09-12T12:51:26Z</time>
   </trkpt>
   <trkpt lat="50.2861310" lon="6.1287940">
    <ele>462.8</ele>
    <time>2025-09-12T12:51:29Z</time>
   </trkpt>
   <trkpt lat="50.2860270" lon="6.1287890">
    <ele>462.6</ele>
    <time>2025-09-12T12:51:31Z</time>
   </trkpt>
   <trkpt lat="50.2858540" lon="6.1287660">
    <ele>462.4</ele>
    <time>2025-09-12T12:51:35Z</time>
   </trkpt>
   <trkpt lat="50.2855880" lon="6.1287150">
    <ele>462.4</ele>
    <time>2025-09-12T12:51:41Z</time>
   </trkpt>
   <trkpt lat="50.2852440" lon="6.1287140">
    <ele>462.4</ele>
    <time>2025-09-12T12:51:48Z</time>
   </trkpt>
   <trkpt lat="50.2848630" lon="6.1286980">
    <ele>463.1</ele>
    <time>2025-09-12T12:51:56Z</time>
   </trkpt>
   <trkpt lat="50.2845480" lon="6.1287340">
    <ele>464.0</ele>
    <time>2025-09-12T12:52:03Z</time>
   </trkpt>
   <trkpt lat="50.2845060" lon="6.1287420">
    <ele>464.1</ele>
    <time>2025-09-12T12:52:04Z</time>
   </trkpt>
   <trkpt lat="50.2844290" lon="6.1287680">
    <ele>464.3</ele>
    <time>2025-09-12T12:52:06Z</time>
   </trkpt>
   <trkpt lat="50.2843190" lon="6.1288090">
    <ele>464.6</ele>
    <time>2025-09-12T12:52:09Z</time>
   </trkpt>
   <trkpt lat="50.2840630" lon="6.1289500">
    <ele>465.2</ele>
    <time>2025-09-12T12:52:15Z</time>
   </trkpt>
   <trkpt lat="50.2839700" lon="6.1290120">
    <ele>465.3</ele>
    <time>2025-09-12T12:52:17Z</time>
   </trkpt>
   <trkpt lat="50.2838760" lon="6.1290670">
    <ele>465.4</ele>
    <time>2025-09-12T12:52:19Z</time>
   </trkpt>
   <trkpt lat="50.2838300" lon="6.1291000">
    <ele>465.5</ele>
    <time>2025-09-12T12:52:20Z</time>
   </trkpt>
   <trkpt lat="50.2837370" lon="6.1291730">
    <ele>465.5</ele>
    <time>2025-09-12T12:52:22Z</time>
   </trkpt>
   <trkpt lat="50.2836420" lon="6.1292480">
    <ele>465.5</ele>
    <time>2025-09-12T12:52:24Z</time>
   </trkpt>
   <trkpt lat="50.2835900" lon="6.1292850">
    <ele>465.5</ele>
    <time>2025-09-12T12:52:25Z</time>
   </trkpt>
   <trkpt lat="50.2835420" lon="6.1293190">
    <ele>465.5</ele>
    <time>2025-09-12T12:52:26Z</time>
   </trkpt>
   <trkpt lat="50.2833890" lon="6.1294290">
    <ele>465.3</ele>
    <time>2025-09-12T12:52:29Z</time>
   </trkpt>
   <trkpt lat="50.2832930" lon="6.1295150">
    <ele>465.2</ele>
    <time>2025-09-12T12:52:31Z</time>
   </trkpt>
   <trkpt lat="50.2831440" lon="6.1296460">
    <ele>465.1</ele>
    <time>2025-09-12T12:52:34Z</time>
   </trkpt>
   <trkpt lat="50.2829450" lon="6.1298280">
    <ele>464.9</ele>
    <time>2025-09-12T12:52:38Z</time>
   </trkpt>
   <trkpt lat="50.2828520" lon="6.1299280">
    <ele>464.8</ele>
    <time>2025-09-12T12:52:40Z</time>
   </trkpt>
   <trkpt lat="50.2827570" lon="6.1300170">
    <ele>464.7</ele>
    <time>2025-09-12T12:52:42Z</time>
   </trkpt>
   <trkpt lat="50.2826600" lon="6.1301060">
    <ele>464.6</ele>
    <time>2025-09-12T12:52:44Z</time>
   </trkpt>
   <trkpt lat="50.2824280" lon="6.1303190">
    <ele>464.4</ele>
    <time>2025-09-12T12:52:49Z</time>
   </trkpt>
   <trkpt lat="50.2822310" lon="6.1304840">
    <ele>464.3</ele>
    <time>2025-09-12T12:52:53Z</time>
   </trkpt>
   <trkpt lat="50.2821370" lon="6.1305690">
    <ele>464.3</ele>
    <time>2025-09-12T12:52:55Z</time>
   </trkpt>
   <trkpt lat="50.2819610" lon="6.1307270">
    <ele>464.5</ele>
    <time>2025-09-12T12:52:59Z</time>
   </trkpt>
   <trkpt lat="50.2819250" lon="6.1307780">
    <ele>464.6</ele>
    <time>2025-09-12T12:53:00Z</time>
   </trkpt>
   <trkpt lat="50.2818180" lon="6.1308960">
    <ele>465.0</ele>
    <time>2025-09-12T12:53:04Z</time>
   </trkpt>
   <trkpt lat="50.2817960" lon="6.1309020">
    <ele>465.1</ele>
    <time>2025-09-12T12:53:05Z</time>
   </trkpt>
   <trkpt lat="50.2817560" lon="6.1308710">
    <ele>465.2</ele>
    <time>2025-09-12T12:53:07Z</time>
   </trkpt>
   <trkpt lat="50.2817420" lon="6.1308400">
    <ele>465.3</ele>
    <time>2025-09-12T12:53:08Z</time>
   </trkpt>
   <trkpt lat="50.2817260" lon="6.1307420">
    <ele>465.2</ele>
    <time>2025-09-12T12:53:11Z</time>
   </trkpt>
   <trkpt lat="50.2817320" lon="6.1307180">
    <ele>465.2</ele>
    <time>2025-09-12T12:53:12Z</time>
   </trkpt>
   <trkpt lat="50.2817270" lon="6.1306900">
    <ele>465.2</ele>
    <time>2025-09-12T12:53:13Z</time>
   </trkpt>
   <trkpt lat="50.2817000" lon="6.1306430">
    <ele>465.2</ele>
    <time>2025-09-12T12:53:15Z</time>
   </trkpt>
   <trkpt lat="50.2816540" lon="6.1305570">
    <ele>465.2</ele>
    <time>2025-09-12T12:53:19Z</time>
   </trkpt>
   <trkpt lat="50.2816330" lon="6.1305090">
    <ele>465.2</ele>
    <time>2025-09-12T12:53:21Z</time>
   </trkpt>
   <trkpt lat="50.2816170" lon="6.1304420">
    <ele>465.2</ele>
    <time>2025-09-12T12:53:23Z</time>
   </trkpt>
   <trkpt lat="50.2815350" lon="6.1302150">
    <ele>465.4</ele>
    <time>2025-09-12T12:53:29Z</time>
   </trkpt>
   <trkpt lat="50.2814030" lon="6.1299760">
    <ele>465.8</ele>
    <time>2025-09-12T12:53:35Z</time>
   </trkpt>
   <trkpt lat="50.2813040" lon="6.1299810">
    <ele>466.0</ele>
    <time>2025-09-12T12:53:40Z</time>
   </trkpt>
   <trkpt lat="50.2812830" lon="6.1298990">
    <ele>466.1</ele>
    <time>2025-09-12T12:53:42Z</time>
   </trkpt>
   <trkpt lat="50.2812230" lon="6.1298920">
    <ele>466.0</ele>
    <time>2025-09-12T12:53:44Z</time>
   </trkpt>
   <trkpt lat="50.2810570" lon="6.1300040">
    <ele>466.0</ele>
    <time>2025-09-12T12:53:49Z</time>
   </trkpt>
   <trkpt lat="50.2808750" lon="6.1301200">
    <ele>466.1</ele>
    <time>2025-09-12T12:53:55Z</time>
   </trkpt>
   <trkpt lat="50.2806990" lon="6.1302350">
    <ele>466.4</ele>
    <time>2025-09-12T12:54:00Z</time>
   </trkpt>
   <trkpt lat="50.2806370" lon="6.1302300">
    <ele>466.5</ele>
    <time>2025-09-12T12:54:02Z</time>
   </trkpt>
   <trkpt lat="50.2806200" lon="6.1302010">
    <ele>466.6</ele>
    <time>2025-09-12T12:54:03Z</time>
   </trkpt>
   <trkpt lat="50.2806000" lon="6.1301770">
    <ele>466.6</ele>
    <time>2025-09-12T12:54:04Z</time>
   </trkpt>
   <trkpt lat="50.2805290" lon="6.1301980">
    <ele>466.6</ele>
    <time>2025-09-12T12:54:06Z</time>
   </trkpt>
   <trkpt lat="50.2804280" lon="6.1303140">
    <ele>466.5</ele>
    <time>2025-09-12T12:54:10Z</time>
   </trkpt>
   <trkpt lat="50.2803030" lon="6.1303800">
    <ele>466.4</ele>
    <time>2025-09-12T12:54:14Z</time>
   </trkpt>
   <trkpt lat="50.2801670" lon="6.1304370">
    <ele>466.4</ele>
    <time>2025-09-12T12:54:18Z</time>
   </trkpt>
   <trkpt lat="50.2799890" lon="6.1305450">
    <ele>466.7</ele>
    <time>2025-09-12T12:54:22Z</time>
   </trkpt>
   <trkpt lat="50.2798390" lon="6.1306250">
    <ele>467.0</ele>
    <time>2025-09-12T12:54:25Z</time>
   </trkpt>
   <trkpt lat="50.2796220" lon="6.1307110">
    <ele>467.3</ele>
    <time>2025-09-12T12:54:30Z</time>
   </trkpt>
   <trkpt lat="50.2795720" lon="6.1307490">
    <ele>467.3</ele>
    <time>2025-09-12T12:54:31Z</time>
   </trkpt>
   <trkpt lat="50.2795200" lon="6.1307840">
    <ele>467.4</ele>
    <time>2025-09-12T12:54:32Z</time>
   </trkpt>
   <trkpt lat="50.2794260" lon="6.1307910">
    <ele>467.6</ele>
    <time>2025-09-12T12:54:34Z</time>
   </trkpt>
   <trkpt lat="50.2793240" lon="6.1307870">
    <ele>467.9</ele>
    <time>2025-09-12T12:54:36Z</time>
   </trkpt>
   <trkpt lat="50.2792460" lon="6.1308900">
    <ele>468.1</ele>
    <time>2025-09-12T12:54:38Z</time>
   </trkpt>
   <trkpt lat="50.2789440" lon="6.1311410">
    <ele>468.5</ele>
    <time>2025-09-12T12:54:44Z</time>
   </trkpt>
   <trkpt lat="50.2787970" lon="6.1312600">
    <ele>468.7</ele>
    <time>2025-09-12T12:54:47Z</time>
   </trkpt>
   <trkpt lat="50.2787510" lon="6.1312930">
    <ele>468.7</ele>
    <time>2025-09-12T12:54:48Z</time>
   </trkpt>
   <trkpt lat="50.2787010" lon="6.1313170">
    <ele>468.7</ele>
    <time>2025-09-12T12:54:49Z</time>
   </trkpt>
   <trkpt lat="50.2784930" lon="6.1314280">
    <ele>468.7</ele>
    <time>2025-09-12T12:54:53Z</time>
   </trkpt>
   <trkpt lat="50.2781970" lon="6.1315940">
    <ele>468.2</ele>
    <time>2025-09-12T12:54:58Z</time>
   </trkpt>
   <trkpt lat="50.2781410" lon="6.1316230">
    <ele>468.1</ele>
    <time>2025-09-12T12:54:59Z</time>
   </trkpt>
   <trkpt lat="50.2780170" lon="6.1316950">
    <ele>467.7</ele>
    <time>2025-09-12T12:55:01Z</time>
   </trkpt>
   <trkpt lat="50.2779490" lon="6.1317420">
    <ele>467.5</ele>
    <time>2025-09-12T12:55:02Z</time>
   </trkpt>
   <trkpt lat="50.2777440" lon="6.1318470">
    <ele>466.7</ele>
    <time>2025-09-12T12:55:05Z</time>
   </trkpt>
   <trkpt lat="50.2775980" lon="6.1319270">
    <ele>466.1</ele>
    <time>2025-09-12T12:55:07Z</time>
   </trkpt>
   <trkpt lat="50.2774520" lon="6.1320090">
    <ele>465.6</ele>
    <time>2025-09-12T12:55:09Z</time>
   </trkpt>
   <trkpt lat="50.2769280" lon="6.1322920">
    <ele>463.6</ele>
    <time>2025-09-12T12:55:16Z</time>
   </trkpt>
   <trkpt lat="50.2765400" lon="6.1325400">
    <ele>462.6</ele>
    <time>2025-09-12T12:55:21Z</time>
   </trkpt>
   <trkpt lat="50.2764600" lon="6.1325890">
    <ele>462.4</ele>
    <time>2025-09-12T12:55:22Z</time>
   </trkpt>
   <trkpt lat="50.2762430" lon="6.1327140">
    <ele>461.9</ele>
    <time>2025-09-12T12:55:25Z</time>
   </trkpt>
   <trkpt lat="50.2759440" lon="6.1328500">
    <ele>461.4</ele>
    <time>2025-09-12T12:55:29Z</time>
   </trkpt>
   <trkpt lat="50.2758610" lon="6.1328820">
    <ele>461.2</ele>
    <time>2025-09-12T12:55:30Z</time>
   </trkpt>
   <trkpt lat="50.2754960" lon="6.1330540">
    <ele>460.5</ele>
    <time>2025-09-12T12:55:35Z</time>
   </trkpt>
   <trkpt lat="50.2752830" lon="6.1331460">
    <ele>460.0</ele>
    <time>2025-09-12T12:55:38Z</time>
   </trkpt>
   <trkpt lat="50.2749100" lon="6.1332890">
    <ele>459.1</ele>
    <time>2025-09-12T12:55:43Z</time>
   </trkpt>
   <trkpt lat="50.2746790" lon="6.1333850">
    <ele>458.4</ele>
    <time>2025-09-12T12:55:46Z</time>
   </trkpt>
   <trkpt lat="50.2745210" lon="6.1334630">
    <ele>457.6</ele>
    <time>2025-09-12T12:55:48Z</time>
   </trkpt>
   <trkpt lat="50.2743640" lon="6.1335510">
    <ele>456.3</ele>
    <time>2025-09-12T12:55:50Z</time>
   </trkpt>
   <trkpt lat="50.2740240" lon="6.1337470">
    <ele>453.2</ele>
    <time>2025-09-12T12:55:55Z</time>
   </trkpt>
   <trkpt lat="50.2739750" lon="6.1337830">
    <ele>452.7</ele>
    <time>2025-09-12T12:55:56Z</time>
   </trkpt>
   <trkpt lat="50.2739090" lon="6.1338700">
    <ele>451.9</ele>
    <time>2025-09-12T12:55:58Z</time>
   </trkpt>
   <trkpt lat="50.2739010" lon="6.1340100">
    <ele>451.6</ele>
    <time>2025-09-12T12:56:00Z</time>
   </trkpt>
   <trkpt lat="50.2739070" lon="6.1340810">
    <ele>451.4</ele>
    <time>2025-09-12T12:56:01Z</time>
   </trkpt>
   <trkpt lat="50.2739080" lon="6.1342490">
    <ele>450.7</ele>
    <time>2025-09-12T12:56:03Z</time>
   </trkpt>
   <trkpt lat="50.2739040" lon="6.1343450">
    <ele>450.1</ele>
    <time>2025-09-12T12:56:04Z</time>
   </trkpt>
   <trkpt lat="50.2739190" lon="6.1344360">
    <ele>449.6</ele>
    <time>2025-09-12T12:56:05Z</time>
   </trkpt>
   <trkpt lat="50.2739660" lon="6.1345930">
    <ele>448.5</ele>
    <time>2025-09-12T12:56:07Z</time>
   </trkpt>
   <trkpt lat="50.2739830" lon="6.1346590">
    <ele>448.1</ele>
    <time>2025-09-12T12:56:08Z</time>
   </trkpt>
   <trkpt lat="50.2739980" lon="6.1347220">
    <ele>447.8</ele>
    <time>2025-09-12T12:56:09Z</time>
   </trkpt>
   <trkpt lat="50.2740130" lon="6.1349150">
    <ele>446.7</ele>
    <time>2025-09-12T12:56:12Z</time>
   </trkpt>
   <trkpt lat="50.2740420" lon="6.1352490">
    <ele>445.2</ele>
    <time>2025-09-12T12:56:16Z</time>
   </trkpt>
   <trkpt lat="50.2740630" lon="6.1357430">
    <ele>443.4</ele>
    <time>2025-09-12T12:56:21Z</time>
   </trkpt>
   <trkpt lat="50.2740700" lon="6.1359820">
    <ele>442.9</ele>
    <time>2025-09-12T12:56:24Z</time>
   </trkpt>
   <trkpt lat="50.2741130" lon="6.1361090">
    <ele>442.6</ele>
    <time>2025-09-12T12:56:26Z</time>
   </trkpt>
   <trkpt lat="50.2742360" lon="6.1362960">
    <ele>441.8</ele>
    <time>2025-09-12T12:56:29Z</time>
   </trkpt>
   <trkpt lat="50.2742390" lon="6.1363820">
    <ele>441.5</ele>
    <time>2025-09-12T12:56:30Z</time>
   </trkpt>
   <trkpt lat="50.2741190" lon="6.1366130">
    <ele>440.8</ele>
    <time>2025-09-12T12:56:33Z</time>
   </trkpt>
   <trkpt lat="50.2740360" lon="6.1367530">
    <ele>440.5</ele>
    <time>2025-09-12T12:56:35Z</time>
   </trkpt>
   <trkpt lat="50.2739650" lon="6.1369010">
    <ele>440.2</ele>
    <time>2025-09-12T12:56:37Z</time>
   </trkpt>
   <trkpt lat="50.2739390" lon="6.1369810">
    <ele>440.1</ele>
    <time>2025-09-12T12:56:38Z</time>
   </trkpt>
   <trkpt lat="50.2737050" lon="6.1375280">
    <ele>439.8</ele>
    <time>2025-09-12T12:56:44Z</time>
   </trkpt>
   <trkpt lat="50.2735710" lon="6.1378340">
    <ele>440.7</ele>
    <time>2025-09-12T12:56:48Z</time>
   </trkpt>
   <trkpt lat="50.2734740" lon="6.1380700">
    <ele>441.9</ele>
    <time>2025-09-12T12:56:53Z</time>
   </trkpt>
   <trkpt lat="50.2734550" lon="6.1380930">
    <ele>441.9</ele>
    <time>2025-09-12T12:56:54Z</time>
   </trkpt>
   <trkpt lat="50.2734120" lon="6.1381170">
    <ele>442.3</ele>
    <time>2025-09-12T12:56:56Z</time>
   </trkpt>
   <trkpt lat="50.2733000" lon="6.1381750">
    <ele>443.5</ele>
    <time>2025-09-12T12:57:01Z</time>
   </trkpt>
   <trkpt lat="50.2732050" lon="6.1382030">
    <ele>444.3</ele>
    <time>2025-09-12T12:57:04Z</time>
   </trkpt>
   <trkpt lat="50.2731710" lon="6.1382000">
    <ele>444.6</ele>
    <time>2025-09-12T12:57:05Z</time>
   </trkpt>
   <trkpt lat="50.2730170" lon="6.1382100">
    <ele>445.5</ele>
    <time>2025-09-12T12:57:09Z</time>
   </trkpt>
   <trkpt lat="50.2728700" lon="6.1382080">
    <ele>445.8</ele>
    <time>2025-09-12T12:57:12Z</time>
   </trkpt>
   <trkpt lat="50.2727670" lon="6.1381970">
    <ele>445.9</ele>
    <time>2025-09-12T12:57:14Z</time>
   </trkpt>
   <trkpt lat="50.2725700" lon="6.1381750">
    <ele>445.8</ele>
    <time>2025-09-12T12:57:18Z</time>
   </trkpt>
   <trkpt lat="50.2723290" lon="6.1381410">
    <ele>445.5</ele>
    <time>2025-09-12T12:57:23Z</time>
   </trkpt>
   <trkpt lat="50.2722210" lon="6.1381280">
    <ele>445.4</ele>
    <time>2025-09-12T12:57:25Z</time>
   </trkpt>
   <trkpt lat="50.2721090" lon="6.1381130">
    <ele>445.3</ele>
    <time>2025-09-12T12:57:27Z</time>
   </trkpt>
   <trkpt lat="50.2720140" lon="6.1380930">
    <ele>445.3</ele>
    <time>2025-09-12T12:57:29Z</time>
   </trkpt>
   <trkpt lat="50.2719280" lon="6.1380850">
    <ele>445.2</ele>
    <time>2025-09-12T12:57:31Z</time>
   </trkpt>
   <trkpt lat="50.2717670" lon="6.1380130">
    <ele>445.2</ele>
    <time>2025-09-12T12:57:34Z</time>
   </trkpt>
   <trkpt lat="50.2716020" lon="6.1379580">
    <ele>445.2</ele>
    <time>2025-09-12T12:57:37Z</time>
   </trkpt>
   <trkpt lat="50.2715510" lon="6.1379350">
    <ele>445.2</ele>
    <time>2025-09-12T12:57:38Z</time>
   </trkpt>
   <trkpt lat="50.2714470" lon="6.1379000">
    <ele>445.2</ele>
    <time>2025-09-12T12:57:40Z</time>
   </trkpt>
   <trkpt lat="50.2713340" lon="6.1378720">
    <ele>445.2</ele>
    <time>2025-09-12T12:57:42Z</time>
   </trkpt>
   <trkpt lat="50.2712790" lon="6.1378670">
    <ele>445.2</ele>
    <time>2025-09-12T12:57:43Z</time>
   </trkpt>
   <trkpt lat="50.2711120" lon="6.1378310">
    <ele>445.1</ele>
    <time>2025-09-12T12:57:46Z</time>
   </trkpt>
   <trkpt lat="50.2710560" lon="6.1378140">
    <ele>445.1</ele>
    <time>2025-09-12T12:57:47Z</time>
   </trkpt>
   <trkpt lat="50.2708400" lon="6.1377450">
    <ele>445.0</ele>
    <time>2025-09-12T12:57:51Z</time>
   </trkpt>
   <trkpt lat="50.2707800" lon="6.1377330">
    <ele>444.9</ele>
    <time>2025-09-12T12:57:52Z</time>
   </trkpt>
   <trkpt lat="50.2706010" lon="6.1376630">
    <ele>444.9</ele>
    <time>2025-09-12T12:57:55Z</time>
   </trkpt>
   <trkpt lat="50.2704160" lon="6.1376240">
    <ele>444.9</ele>
    <time>2025-09-12T12:57:58Z</time>
   </trkpt>
   <trkpt lat="50.2703590" lon="6.1376200">
    <ele>444.8</ele>
    <time>2025-09-12T12:57:59Z</time>
   </trkpt>
   <trkpt lat="50.2701410" lon="6.1376210">
    <ele>444.7</ele>
    <time>2025-09-12T12:58:03Z</time>
   </trkpt>
   <trkpt lat="50.2700920" lon="6.1376330">
    <ele>444.6</ele>
    <time>2025-09-12T12:58:04Z</time>
   </trkpt>
   <trkpt lat="50.2700410" lon="6.1376440">
    <ele>444.5</ele>
    <time>2025-09-12T12:58:05Z</time>
   </trkpt>
   <trkpt lat="50.2698350" lon="6.1377080">
    <ele>444.2</ele>
    <time>2025-09-12T12:58:09Z</time>
   </trkpt>
   <trkpt lat="50.2697480" lon="6.1377070">
    <ele>444.1</ele>
    <time>2025-09-12T12:58:11Z</time>
   </trkpt>
   <trkpt lat="50.2697000" lon="6.1377150">
    <ele>444.1</ele>
    <time>2025-09-12T12:58:12Z</time>
   </trkpt>
   <trkpt lat="50.2696530" lon="6.1377280">
    <ele>444.0</ele>
    <time>2025-09-12T12:58:13Z</time>
   </trkpt>
   <trkpt lat="50.2695270" lon="6.1377970">
    <ele>443.8</ele>
    <time>2025-09-12T12:58:16Z</time>
   </trkpt>
   <trkpt lat="50.2693180" lon="6.1378820">
    <ele>443.3</ele>
    <time>2025-09-12T12:58:21Z</time>
   </trkpt>
   <trkpt lat="50.2691450" lon="6.1378590">
    <ele>442.8</ele>
    <time>2025-09-12T12:58:25Z</time>
   </trkpt>
   <trkpt lat="50.2690960" lon="6.1378560">
    <ele>442.6</ele>
    <time>2025-09-12T12:58:26Z</time>
   </trkpt>
   <trkpt lat="50.2689730" lon="6.1379070">
    <ele>442.1</ele>
    <time>2025-09-12T12:58:28Z</time>
   </trkpt>
   <trkpt lat="50.2689130" lon="6.1379380">
    <ele>441.9</ele>
    <time>2025-09-12T12:58:29Z</time>
   </trkpt>
   <trkpt lat="50.2688530" lon="6.1379670">
    <ele>441.6</ele>
    <time>2025-09-12T12:58:30Z</time>
   </trkpt>
   <trkpt lat="50.2687300" lon="6.1380340">
    <ele>441.1</ele>
    <time>2025-09-12T12:58:32Z</time>
   </trkpt>
   <trkpt lat="50.2686700" lon="6.1380800">
    <ele>440.9</ele>
    <time>2025-09-12T12:58:33Z</time>
   </trkpt>
   <trkpt lat="50.2685020" lon="6.1382290">
    <ele>440.2</ele>
    <time>2025-09-12T12:58:36Z</time>
   </trkpt>
   <trkpt lat="50.2683930" lon="6.1383410">
    <ele>439.7</ele>
    <time>2025-09-12T12:58:38Z</time>
   </trkpt>
   <trkpt lat="50.2682840" lon="6.1384410">
    <ele>439.3</ele>
    <time>2025-09-12T12:58:40Z</time>
   </trkpt>
   <trkpt lat="50.2681600" lon="6.1385350">
    <ele>438.8</ele>
    <time>2025-09-12T12:58:42Z</time>
   </trkpt>
   <trkpt lat="50.2681040" lon="6.1385860">
    <ele>438.6</ele>
    <time>2025-09-12T12:58:43Z</time>
   </trkpt>
   <trkpt lat="50.2679440" lon="6.1387890">
    <ele>437.9</ele>
    <time>2025-09-12T12:58:46Z</time>
   </trkpt>
   <trkpt lat="50.2678970" lon="6.1388670">
    <ele>437.6</ele>
    <time>2025-09-12T12:58:47Z</time>
   </trkpt>
   <trkpt lat="50.2678110" lon="6.1390480">
    <ele>437.0</ele>
    <time>2025-09-12T12:58:49Z</time>
   </trkpt>
   <trkpt lat="50.2677680" lon="6.1391390">
    <ele>436.5</ele>
    <time>2025-09-12T12:58:50Z</time>
   </trkpt>
   <trkpt lat="50.2677220" lon="6.1392150">
    <ele>436.1</ele>
    <time>2025-09-12T12:58:51Z</time>
   </trkpt>
   <trkpt lat="50.2676240" lon="6.1393670">
    <ele>435.1</ele>
    <time>2025-09-12T12:58:53Z</time>
   </trkpt>
   <trkpt lat="50.2675610" lon="6.1394740">
    <ele>434.4</ele>
    <time>2025-09-12T12:58:55Z</time>
   </trkpt>
   <trkpt lat="50.2675240" lon="6.1395390">
    <ele>434.0</ele>
    <time>2025-09-12T12:58:56Z</time>
   </trkpt>
   <trkpt lat="50.2674070" lon="6.1395960">
    <ele>432.8</ele>
    <time>2025-09-12T12:58:58Z</time>
   </trkpt>
   <trkpt lat="50.2673310" lon="6.1395870">
    <ele>432.4</ele>
    <time>2025-09-12T12:58:59Z</time>
   </trkpt>
   <trkpt lat="50.2669910" lon="6.1393400">
    <ele>431.2</ele>
    <time>2025-09-12T12:59:04Z</time>
   </trkpt>
   <trkpt lat="50.2669340" lon="6.1392760">
    <ele>431.2</ele>
    <time>2025-09-12T12:59:05Z</time>
   </trkpt>
   <trkpt lat="50.2667930" lon="6.1390920">
    <ele>431.5</ele>
    <time>2025-09-12T12:59:08Z</time>
   </trkpt>
   <trkpt lat="50.2667130" lon="6.1390970">
    <ele>431.5</ele>
    <time>2025-09-12T12:59:10Z</time>
   </trkpt>
   <trkpt lat="50.2665780" lon="6.1393520">
    <ele>431.6</ele>
    <time>2025-09-12T12:59:14Z</time>
   </trkpt>
   <trkpt lat="50.2665370" lon="6.1394160">
    <ele>431.6</ele>
    <time>2025-09-12T12:59:15Z</time>
   </trkpt>
   <trkpt lat="50.2664340" lon="6.1395020">
    <ele>432.1</ele>
    <time>2025-09-12T12:59:17Z</time>
   </trkpt>
   <trkpt lat="50.2663400" lon="6.1395610">
    <ele>432.6</ele>
    <time>2025-09-12T12:59:19Z</time>
   </trkpt>
   <trkpt lat="50.2662780" lon="6.1396450">
    <ele>432.9</ele>
    <time>2025-09-12T12:59:21Z</time>
   </trkpt>
   <trkpt lat="50.2660540" lon="6.1400040">
    <ele>433.4</ele>
    <time>2025-09-12T12:59:28Z</time>
   </trkpt>
   <trkpt lat="50.2658160" lon="6.1403850">
    <ele>433.2</ele>
    <time>2025-09-12T12:59:34Z</time>
   </trkpt>
   <trkpt lat="50.2655750" lon="6.1408130">
    <ele>432.2</ele>
    <time>2025-09-12T12:59:40Z</time>
   </trkpt>
   <trkpt lat="50.2653780" lon="6.1413200">
    <ele>429.8</ele>
    <time>2025-09-12T12:59:45Z</time>
   </trkpt>
   <trkpt lat="50.2652950" lon="6.1415330">
    <ele>429.2</ele>
    <time>2025-09-12T12:59:47Z</time>
   </trkpt>
   <trkpt lat="50.2651970" lon="6.1417020">
    <ele>428.9</ele>
    <time>2025-09-12T12:59:49Z</time>
   </trkpt>
   <trkpt lat="50.2651010" lon="6.1418390">
    <ele>428.7</ele>
    <time>2025-09-12T12:59:51Z</time>
   </trkpt>
   <trkpt lat="50.2650220" lon="6.1419340">
    <ele>428.6</ele>
    <time>2025-09-12T12:59:53Z</time>
   </trkpt>
   <trkpt lat="50.2649040" lon="6.1420640">
    <ele>428.6</ele>
    <time>2025-09-12T12:59:56Z</time>
   </trkpt>
   <trkpt lat="50.2648670" lon="6.1421030">
    <ele>428.7</ele>
    <time>2025-09-12T12:59:57Z</time>
   </trkpt>
   <trkpt lat="50.2647880" lon="6.1421360">
    <ele>428.8</ele>
    <time>2025-09-12T12:59:59Z</time>
   </trkpt>
   <trkpt lat="50.2647330" lon="6.1421320">
    <ele>428.9</ele>
    <time>2025-09-12T13:00:00Z</time>
   </trkpt>
   <trkpt lat="50.2645270" lon="6.1421100">
    <ele>429.4</ele>
    <time>2025-09-12T13:00:06Z</time>
   </trkpt>
   <trkpt lat="50.2644610" lon="6.1422770">
    <ele>429.1</ele>
    <time>2025-09-12T13:00:10Z</time>
   </trkpt>
   <trkpt lat="50.2644160" lon="6.1423840">
    <ele>428.9</ele>
    <time>2025-09-12T13:00:12Z</time>
   </trkpt>
   <trkpt lat="50.2643580" lon="6.1424840">
    <ele>428.8</ele>
    <time>2025-09-12T13:00:14Z</time>
   </trkpt>
   <trkpt lat="50.2643250" lon="6.1425400">
    <ele>428.7</ele>
    <time>2025-09-12T13:00:15Z</time>
   </trkpt>
   <trkpt lat="50.2642940" lon="6.1426060">
    <ele>428.7</ele>
    <time>2025-09-12T13:00:16Z</time>
   </trkpt>
   <trkpt lat="50.2642240" lon="6.1428640">
    <ele>428.5</ele>
    <time>2025-09-12T13:00:19Z</time>
   </trkpt>
   <trkpt lat="50.2640510" lon="6.1435450">
    <ele>427.8</ele>
    <time>2025-09-12T13:00:26Z</time>
   </trkpt>
   <trkpt lat="50.2639960" lon="6.1437410">
    <ele>427.6</ele>
    <time>2025-09-12T13:00:28Z</time>
   </trkpt>
   <trkpt lat="50.2639360" lon="6.1440200">
    <ele>427.1</ele>
    <time>2025-09-12T13:00:31Z</time>
   </trkpt>
   <trkpt lat="50.2638170" lon="6.1445300">
    <ele>425.9</ele>
    <time>2025-09-12T13:00:36Z</time>
   </trkpt>
   <trkpt lat="50.2637510" lon="6.1447880">
    <ele>425.4</ele>
    <time>2025-09-12T13:00:39Z</time>
   </trkpt>
   <trkpt lat="50.2637170" lon="6.1448430">
    <ele>425.4</ele>
    <time>2025-09-12T13:00:40Z</time>
   </trkpt>
   <trkpt lat="50.2636760" lon="6.1448850">
    <ele>425.4</ele>
    <time>2025-09-12T13:00:41Z</time>
   </trkpt>
   <trkpt lat="50.2635760" lon="6.1449930">
    <ele>425.4</ele>
    <time>2025-09-12T13:00:44Z</time>
   </trkpt>
   <trkpt lat="50.2634610" lon="6.1451600">
    <ele>425.3</ele>
    <time>2025-09-12T13:00:48Z</time>
   </trkpt>
   <trkpt lat="50.2633670" lon="6.1453210">
    <ele>425.2</ele>
    <time>2025-09-12T13:00:51Z</time>
   </trkpt>
   <trkpt lat="50.2633310" lon="6.1453650">
    <ele>425.2</ele>
    <time>2025-09-12T13:00:52Z</time>
   </trkpt>
   <trkpt lat="50.2632910" lon="6.1454150">
    <ele>425.2</ele>
    <time>2025-09-12T13:00:53Z</time>
   </trkpt>
   <trkpt lat="50.2632300" lon="6.1454940">
    <ele>425.3</ele>
    <time>2025-09-12T13:00:55Z</time>
   </trkpt>
   <trkpt lat="50.2631670" lon="6.1455510">
    <ele>425.4</ele>
    <time>2025-09-12T13:00:57Z</time>
   </trkpt>
   <trkpt lat="50.2631430" lon="6.1455550">
    <ele>425.4</ele>
    <time>2025-09-12T13:00:58Z</time>
   </trkpt>
   <trkpt lat="50.2630410" lon="6.1455810">
    <ele>425.8</ele>
    <time>2025-09-12T13:01:01Z</time>
   </trkpt>
   <trkpt lat="50.2629880" lon="6.1456190">
    <ele>426.0</ele>
    <time>2025-09-12T13:01:02Z</time>
   </trkpt>
   <trkpt lat="50.2628580" lon="6.1456830">
    <ele>426.5</ele>
    <time>2025-09-12T13:01:05Z</time>
   </trkpt>
   <trkpt lat="50.2627650" lon="6.1457380">
    <ele>426.9</ele>
    <time>2025-09-12T13:01:07Z</time>
   </trkpt>
   <trkpt lat="50.2626030" lon="6.1458150">
    <ele>427.5</ele>
    <time>2025-09-12T13:01:10Z</time>
   </trkpt>
   <trkpt lat="50.2624150" lon="6.1459000">
    <ele>428.1</ele>
    <time>2025-09-12T13:01:14Z</time>
   </trkpt>
   <trkpt lat="50.2623720" lon="6.1459150">
    <ele>428.3</ele>
    <time>2025-09-12T13:01:15Z</time>
   </trkpt>
   <trkpt lat="50.2622160" lon="6.1459870">
    <ele>428.5</ele>
    <time>2025-09-12T13:01:18Z</time>
   </trkpt>
   <trkpt lat="50.2621620" lon="6.1460180">
    <ele>428.5</ele>
    <time>2025-09-12T13:01:19Z</time>
   </trkpt>
   <trkpt lat="50.2620360" lon="6.1460700">
    <ele>428.3</ele>
    <time>2025-09-12T13:01:21Z</time>
   </trkpt>
   <trkpt lat="50.2618400" lon="6.1461580">
    <ele>427.8</ele>
    <time>2025-09-12T13:01:24Z</time>
   </trkpt>
   <trkpt lat="50.2616670" lon="6.1462230">
    <ele>427.4</ele>
    <time>2025-09-12T13:01:27Z</time>
   </trkpt>
   <trkpt lat="50.2615530" lon="6.1462920">
    <ele>427.1</ele>
    <time>2025-09-12T13:01:29Z</time>
   </trkpt>
   <trkpt lat="50.2614290" lon="6.1462590">
    <ele>426.8</ele>
    <time>2025-09-12T13:01:31Z</time>
   </trkpt>
   <trkpt lat="50.2613210" lon="6.1461130">
    <ele>426.6</ele>
    <time>2025-09-12T13:01:33Z</time>
   </trkpt>
   <trkpt lat="50.2611620" lon="6.1459620">
    <ele>426.2</ele>
    <time>2025-09-12T13:01:36Z</time>
   </trkpt>
   <trkpt lat="50.2609120" lon="6.1459170">
    <ele>425.7</ele>
    <time>2025-09-12T13:01:40Z</time>
   </trkpt>
   <trkpt lat="50.2605160" lon="6.1457800">
    <ele>425.0</ele>
    <time>2025-09-12T13:01:46Z</time>
   </trkpt>
   <trkpt lat="50.2599540" lon="6.1455480">
    <ele>423.6</ele>
    <time>2025-09-12T13:01:54Z</time>
   </trkpt>
   <trkpt lat="50.2594430" lon="6.1452560">
    <ele>422.2</ele>
    <time>2025-09-12T13:02:01Z</time>
   </trkpt>
   <trkpt lat="50.2593740" lon="6.1452140">
    <ele>422.1</ele>
    <time>2025-09-12T13:02:02Z</time>
   </trkpt>
   <trkpt lat="50.2589460" lon="6.1449890">
    <ele>421.3</ele>
    <time>2025-09-12T13:02:08Z</time>
   </trkpt>
   <trkpt lat="50.2586420" lon="6.1448340">
    <ele>420.5</ele>
    <time>2025-09-12T13:02:12Z</time>
   </trkpt>
   <trkpt lat="50.2583210" lon="6.1447330">
    <ele>419.8</ele>
    <time>2025-09-12T13:02:16Z</time>
   </trkpt>
   <trkpt lat="50.2580630" lon="6.1447200">
    <ele>419.3</ele>
    <time>2025-09-12T13:02:19Z</time>
   </trkpt>
   <trkpt lat="50.2579710" lon="6.1447320">
    <ele>419.2</ele>
    <time>2025-09-12T13:02:20Z</time>
   </trkpt>
   <trkpt lat="50.2578950" lon="6.1447450">
    <ele>419.1</ele>
    <time>2025-09-12T13:02:21Z</time>
   </trkpt>
   <trkpt lat="50.2577520" lon="6.1448060">
    <ele>418.9</ele>
    <time>2025-09-12T13:02:23Z</time>
   </trkpt>
   <trkpt lat="50.2575610" lon="6.1449580">
    <ele>418.8</ele>
    <time>2025-09-12T13:02:26Z</time>
   </trkpt>
   <trkpt lat="50.2575020" lon="6.1450140">
    <ele>418.9</ele>
    <time>2025-09-12T13:02:27Z</time>
   </trkpt>
   <trkpt lat="50.2574480" lon="6.1450730">
    <ele>418.9</ele>
    <time>2025-09-12T13:02:28Z</time>
   </trkpt>
   <trkpt lat="50.2573130" lon="6.1452120">
    <ele>418.8</ele>
    <time>2025-09-12T13:02:30Z</time>
   </trkpt>
   <trkpt lat="50.2572590" lon="6.1452870">
    <ele>418.7</ele>
    <time>2025-09-12T13:02:31Z</time>
   </trkpt>
   <trkpt lat="50.2572100" lon="6.1453570">
    <ele>418.5</ele>
    <time>2025-09-12T13:02:32Z</time>
   </trkpt>
   <trkpt lat="50.2570870" lon="6.1455180">
    <ele>417.9</ele>
    <time>2025-09-12T13:02:34Z</time>
   </trkpt>
   <trkpt lat="50.2569720" lon="6.1457090">
    <ele>417.3</ele>
    <time>2025-09-12T13:02:36Z</time>
   </trkpt>
   <trkpt lat="50.2568250" lon="6.1458340">
    <ele>417.1</ele>
    <time>2025-09-12T13:02:38Z</time>
   </trkpt>
   <trkpt lat="50.2567400" lon="6.1458750">
    <ele>416.9</ele>
    <time>2025-09-12T13:02:39Z</time>
   </trkpt>
   <trkpt lat="50.2564410" lon="6.1459890">
    <ele>416.3</ele>
    <time>2025-09-12T13:02:43Z</time>
   </trkpt>
   <trkpt lat="50.2561010" lon="6.1461210">
    <ele>415.8</ele>
    <time>2025-09-12T13:02:48Z</time>
   </trkpt>
   <trkpt lat="50.2557650" lon="6.1462730">
    <ele>414.8</ele>
    <time>2025-09-12T13:02:53Z</time>
   </trkpt>
   <trkpt lat="50.2555200" lon="6.1464150">
    <ele>413.3</ele>
    <time>2025-09-12T13:02:57Z</time>
   </trkpt>
   <trkpt lat="50.2554650" lon="6.1464780">
    <ele>412.8</ele>
    <time>2025-09-12T13:02:58Z</time>
   </trkpt>
   <trkpt lat="50.2554130" lon="6.1465640">
    <ele>412.3</ele>
    <time>2025-09-12T13:02:59Z</time>
   </trkpt>
   <trkpt lat="50.2552910" lon="6.1467150">
    <ele>411.5</ele>
    <time>2025-09-12T13:03:01Z</time>
   </trkpt>
   <trkpt lat="50.2552210" lon="6.1467650">
    <ele>411.1</ele>
    <time>2025-09-12T13:03:02Z</time>
   </trkpt>
   <trkpt lat="50.2551460" lon="6.1467720">
    <ele>410.8</ele>
    <time>2025-09-12T13:03:03Z</time>
   </trkpt>
   <trkpt lat="50.2550030" lon="6.1467350">
    <ele>410.2</ele>
    <time>2025-09-12T13:03:05Z</time>
   </trkpt>
   <trkpt lat="50.2548590" lon="6.1467580">
    <ele>409.8</ele>
    <time>2025-09-12T13:03:07Z</time>
   </trkpt>
   <trkpt lat="50.2547310" lon="6.1468500">
    <ele>409.5</ele>
    <time>2025-09-12T13:03:09Z</time>
   </trkpt>
   <trkpt lat="50.2546760" lon="6.1469150">
    <ele>409.4</ele>
    <time>2025-09-12T13:03:10Z</time>
   </trkpt>
   <trkpt lat="50.2544480" lon="6.1471430">
    <ele>409.4</ele>
    <time>2025-09-12T13:03:14Z</time>
   </trkpt>
   <trkpt lat="50.2543870" lon="6.1471820">
    <ele>409.4</ele>
    <time>2025-09-12T13:03:15Z</time>
   </trkpt>
   <trkpt lat="50.2543230" lon="6.1471980">
    <ele>409.5</ele>
    <time>2025-09-12T13:03:16Z</time>
   </trkpt>
   <trkpt lat="50.2541350" lon="6.1472290">
    <ele>409.6</ele>
    <time>2025-09-12T13:03:19Z</time>
   </trkpt>
   <trkpt lat="50.2537080" lon="6.1473200">
    <ele>409.5</ele>
    <time>2025-09-12T13:03:26Z</time>
   </trkpt>
   <trkpt lat="50.2535800" lon="6.1473090">
    <ele>409.6</ele>
    <time>2025-09-12T13:03:28Z</time>
   </trkpt>
   <trkpt lat="50.2534690" lon="6.1472590">
    <ele>409.8</ele>
    <time>2025-09-12T13:03:30Z</time>
   </trkpt>
   <trkpt lat="50.2529210" lon="6.1469830">
    <ele>410.4</ele>
    <time>2025-09-12T13:03:40Z</time>
   </trkpt>
   <trkpt lat="50.2525570" lon="6.1468660">
    <ele>410.5</ele>
    <time>2025-09-12T13:03:46Z</time>
   </trkpt>
   <trkpt lat="50.2524980" lon="6.1468610">
    <ele>410.6</ele>
    <time>2025-09-12T13:03:47Z</time>
   </trkpt>
   <trkpt lat="50.2522260" lon="6.1468190">
    <ele>411.4</ele>
    <time>2025-09-12T13:03:52Z</time>
   </trkpt>
   <trkpt lat="50.2520990" lon="6.1467790">
    <ele>411.7</ele>
    <time>2025-09-12T13:03:55Z</time>
   </trkpt>
   <trkpt lat="50.2520510" lon="6.1467810">
    <ele>411.3</ele>
    <time>2025-09-12T13:03:56Z</time>
   </trkpt>
   <trkpt lat="50.2519950" lon="6.1467910">
    <ele>410.8</ele>
    <time>2025-09-12T13:03:57Z</time>
   </trkpt>
   <trkpt lat="50.2518670" lon="6.1468610">
    <ele>409.6</ele>
    <time>2025-09-12T13:03:59Z</time>
   </trkpt>
   <trkpt lat="50.2516070" lon="6.1471700">
    <ele>407.7</ele>
    <time>2025-09-12T13:04:03Z</time>
   </trkpt>
   <trkpt lat="50.2513310" lon="6.1475460">
    <ele>407.8</ele>
    <time>2025-09-12T13:04:08Z</time>
   </trkpt>
   <trkpt lat="50.2511640" lon="6.1477870">
    <ele>409.1</ele>
    <time>2025-09-12T13:04:12Z</time>
   </trkpt>
   <trkpt lat="50.2511240" lon="6.1478250">
    <ele>409.4</ele>
    <time>2025-09-12T13:04:13Z</time>
   </trkpt>
   <trkpt lat="50.2510810" lon="6.1478500">
    <ele>409.8</ele>
    <time>2025-09-12T13:04:14Z</time>
   </trkpt>
   <trkpt lat="50.2509470" lon="6.1478800">
    <ele>411.1</ele>
    <time>2025-09-12T13:04:17Z</time>
   </trkpt>
   <trkpt lat="50.2507510" lon="6.1478510">
    <ele>413.0</ele>
    <time>2025-09-12T13:04:22Z</time>
   </trkpt>
   <trkpt lat="50.2505280" lon="6.1477780">
    <ele>414.2</ele>
    <time>2025-09-12T13:04:28Z</time>
   </trkpt>
   <trkpt lat="50.2503070" lon="6.1476670">
    <ele>413.8</ele>
    <time>2025-09-12T13:04:34Z</time>
   </trkpt>
   <trkpt lat="50.2500430" lon="6.1473400">
    <ele>412.2</ele>
    <time>2025-09-12T13:04:40Z</time>
   </trkpt>
   <trkpt lat="50.2499110" lon="6.1472570">
    <ele>411.7</ele>
    <time>2025-09-12T13:04:42Z</time>
   </trkpt>
   <trkpt lat="50.2498400" lon="6.1472480">
    <ele>411.9</ele>
    <time>2025-09-12T13:04:43Z</time>
   </trkpt>
   <trkpt lat="50.2495900" lon="6.1472580">
    <ele>412.5</ele>
    <time>2025-09-12T13:04:48Z</time>
   </trkpt>
   <trkpt lat="50.2493030" lon="6.1472070">
    <ele>412.1</ele>
    <time>2025-09-12T13:04:55Z</time>
   </trkpt>
   <trkpt lat="50.2492590" lon="6.1471780">
    <ele>411.9</ele>
    <time>2025-09-12T13:04:56Z</time>
   </trkpt>
   <trkpt lat="50.2491800" lon="6.1471190">
    <ele>411.4</ele>
    <time>2025-09-12T13:04:58Z</time>
   </trkpt>
   <trkpt lat="50.2491390" lon="6.1470910">
    <ele>411.1</ele>
    <time>2025-09-12T13:04:59Z</time>
   </trkpt>
   <trkpt lat="50.2489430" lon="6.1469550">
    <ele>409.6</ele>
    <time>2025-09-12T13:05:02Z</time>
   </trkpt>
   <trkpt lat="50.2487890" lon="6.1468550">
    <ele>408.7</ele>
    <time>2025-09-12T13:05:04Z</time>
   </trkpt>
   <trkpt lat="50.2486260" lon="6.1468280">
    <ele>408.2</ele>
    <time>2025-09-12T13:05:06Z</time>
   </trkpt>
   <trkpt lat="50.2484770" lon="6.1468460">
    <ele>408.1</ele>
    <time>2025-09-12T13:05:08Z</time>
   </trkpt>
   <trkpt lat="50.2483470" lon="6.1468750">
    <ele>408.3</ele>
    <time>2025-09-12T13:05:10Z</time>
   </trkpt>
   <trkpt lat="50.2482350" lon="6.1469000">
    <ele>408.4</ele>
    <time>2025-09-12T13:05:12Z</time>
   </trkpt>
   <trkpt lat="50.2481250" lon="6.1469180">
    <ele>408.5</ele>
    <time>2025-09-12T13:05:14Z</time>
   </trkpt>
   <trkpt lat="50.2480120" lon="6.1469580">
    <ele>408.5</ele>
    <time>2025-09-12T13:05:16Z</time>
   </trkpt>
   <trkpt lat="50.2479330" lon="6.1469850">
    <ele>408.5</ele>
    <time>2025-09-12T13:05:18Z</time>
   </trkpt>
   <trkpt lat="50.2478470" lon="6.1470110">
    <ele>408.5</ele>
    <time>2025-09-12T13:05:20Z</time>
   </trkpt>
   <trkpt lat="50.2477340" lon="6.1470650">
    <ele>408.7</ele>
    <time>2025-09-12T13:05:23Z</time>
   </trkpt>
   <trkpt lat="50.2475160" lon="6.1472380">
    <ele>408.6</ele>
    <time>2025-09-12T13:05:26Z</time>
   </trkpt>
   <trkpt lat="50.2474640" lon="6.1472890">
    <ele>408.5</ele>
    <time>2025-09-12T13:05:27Z</time>
   </trkpt>
   <trkpt lat="50.2473210" lon="6.1475170">
    <ele>407.8</ele>
    <time>2025-09-12T13:05:30Z</time>
   </trkpt>
   <trkpt lat="50.2472860" lon="6.1475770">
    <ele>407.6</ele>
    <time>2025-09-12T13:05:31Z</time>
   </trkpt>
   <trkpt lat="50.2472050" lon="6.1477000">
    <ele>407.2</ele>
    <time>2025-09-12T13:05:33Z</time>
   </trkpt>
   <trkpt lat="50.2471290" lon="6.1478330">
    <ele>406.9</ele>
    <time>2025-09-12T13:05:35Z</time>
   </trkpt>
   <trkpt lat="50.2470480" lon="6.1480140">
    <ele>406.6</ele>
    <time>2025-09-12T13:05:37Z</time>
   </trkpt>
   <trkpt lat="50.2468490" lon="6.1483290">
    <ele>405.9</ele>
    <time>2025-09-12T13:05:41Z</time>
   </trkpt>
   <trkpt lat="50.2467370" lon="6.1484970">
    <ele>405.6</ele>
    <time>2025-09-12T13:05:43Z</time>
   </trkpt>
   <trkpt lat="50.2466340" lon="6.1486810">
    <ele>405.5</ele>
    <time>2025-09-12T13:05:45Z</time>
   </trkpt>
   <trkpt lat="50.2464160" lon="6.1491630">
    <ele>405.5</ele>
    <time>2025-09-12T13:05:50Z</time>
   </trkpt>
   <trkpt lat="50.2462430" lon="6.1496450">
    <ele>406.0</ele>
    <time>2025-09-12T13:05:55Z</time>
   </trkpt>
   <trkpt lat="50.2462460" lon="6.1498110">
    <ele>406.3</ele>
    <time>2025-09-12T13:05:57Z</time>
   </trkpt>
   <trkpt lat="50.2463130" lon="6.1499180">
    <ele>406.6</ele>
    <time>2025-09-12T13:05:59Z</time>
   </trkpt>
   <trkpt lat="50.2463450" lon="6.1499640">
    <ele>406.7</ele>
    <time>2025-09-12T13:06:00Z</time>
   </trkpt>
   <trkpt lat="50.2463670" lon="6.1500250">
    <ele>406.8</ele>
    <time>2025-09-12T13:06:01Z</time>
   </trkpt>
   <trkpt lat="50.2463650" lon="6.1501680">
    <ele>406.8</ele>
    <time>2025-09-12T13:06:03Z</time>
   </trkpt>
   <trkpt lat="50.2462280" lon="6.1504570">
    <ele>406.8</ele>
    <time>2025-09-12T13:06:07Z</time>
   </trkpt>
   <trkpt lat="50.2460600" lon="6.1508790">
    <ele>406.8</ele>
    <time>2025-09-12T13:06:12Z</time>
   </trkpt>
   <trkpt lat="50.2457650" lon="6.1515290">
    <ele>407.1</ele>
    <time>2025-09-12T13:06:20Z</time>
   </trkpt>
   <trkpt lat="50.2456040" lon="6.1518490">
    <ele>407.8</ele>
    <time>2025-09-12T13:06:25Z</time>
   </trkpt>
   <trkpt lat="50.2454400" lon="6.1522310">
    <ele>408.4</ele>
    <time>2025-09-12T13:06:32Z</time>
   </trkpt>
   <trkpt lat="50.2453500" lon="6.1524410">
    <ele>408.6</ele>
    <time>2025-09-12T13:06:35Z</time>
   </trkpt>
   <trkpt lat="50.2453160" lon="6.1525100">
    <ele>408.6</ele>
    <time>2025-09-12T13:06:36Z</time>
   </trkpt>
   <trkpt lat="50.2452520" lon="6.1526440">
    <ele>408.8</ele>
    <time>2025-09-12T13:06:38Z</time>
   </trkpt>
   <trkpt lat="50.2451320" lon="6.1528340">
    <ele>408.9</ele>
    <time>2025-09-12T13:06:41Z</time>
   </trkpt>
   <trkpt lat="50.2448780" lon="6.1531340">
    <ele>408.9</ele>
    <time>2025-09-12T13:06:47Z</time>
   </trkpt>
   <trkpt lat="50.2446290" lon="6.1533660">
    <ele>408.5</ele>
    <time>2025-09-12T13:06:52Z</time>
   </trkpt>
   <trkpt lat="50.2442760" lon="6.1536440">
    <ele>406.9</ele>
    <time>2025-09-12T13:06:58Z</time>
   </trkpt>
   <trkpt lat="50.2439190" lon="6.1538870">
    <ele>405.9</ele>
    <time>2025-09-12T13:07:03Z</time>
   </trkpt>
   <trkpt lat="50.2435770" lon="6.1539610">
    <ele>405.9</ele>
    <time>2025-09-12T13:07:08Z</time>
   </trkpt>
   <trkpt lat="50.2430410" lon="6.1541280">
    <ele>405.5</ele>
    <time>2025-09-12T13:07:16Z</time>
   </trkpt>
   <trkpt lat="50.2426150" lon="6.1543190">
    <ele>405.0</ele>
    <time>2025-09-12T13:07:22Z</time>
   </trkpt>
   <trkpt lat="50.2421700" lon="6.1545710">
    <ele>404.1</ele>
    <time>2025-09-12T13:07:28Z</time>
   </trkpt>
   <trkpt lat="50.2418200" lon="6.1548690">
    <ele>403.6</ele>
    <time>2025-09-12T13:07:33Z</time>
   </trkpt>
   <trkpt lat="50.2413490" lon="6.1553340">
    <ele>402.8</ele>
    <time>2025-09-12T13:07:40Z</time>
   </trkpt>
   <trkpt lat="50.2410020" lon="6.1556780">
    <ele>402.3</ele>
    <time>2025-09-12T13:07:45Z</time>
   </trkpt>
   <trkpt lat="50.2405770" lon="6.1560910">
    <ele>401.5</ele>
    <time>2025-09-12T13:07:51Z</time>
   </trkpt>
   <trkpt lat="50.2402230" lon="6.1563780">
    <ele>400.3</ele>
    <time>2025-09-12T13:07:56Z</time>
   </trkpt>
   <trkpt lat="50.2400150" lon="6.1565520">
    <ele>399.1</ele>
    <time>2025-09-12T13:07:59Z</time>
   </trkpt>
   <trkpt lat="50.2399380" lon="6.1565850">
    <ele>398.8</ele>
    <time>2025-09-12T13:08:00Z</time>
   </trkpt>
   <trkpt lat="50.2398590" lon="6.1565890">
    <ele>398.8</ele>
    <time>2025-09-12T13:08:01Z</time>
   </trkpt>
   <trkpt lat="50.2396550" lon="6.1565690">
    <ele>399.0</ele>
    <time>2025-09-12T13:08:04Z</time>
   </trkpt>
   <trkpt lat="50.2395950" lon="6.1565700">
    <ele>399.0</ele>
    <time>2025-09-12T13:08:05Z</time>
   </trkpt>
   <trkpt lat="50.2394150" lon="6.1565840">
    <ele>399.0</ele>
    <time>2025-09-12T13:08:08Z</time>
   </trkpt>
   <trkpt lat="50.2390260" lon="6.1565590">
    <ele>398.6</ele>
    <time>2025-09-12T13:08:14Z</time>
   </trkpt>
   <trkpt lat="50.2389050" lon="6.1565550">
    <ele>398.5</ele>
    <time>2025-09-12T13:08:16Z</time>
   </trkpt>
   <trkpt lat="50.2387830" lon="6.1565370">
    <ele>398.4</ele>
    <time>2025-09-12T13:08:18Z</time>
   </trkpt>
   <trkpt lat="50.2384860" lon="6.1564660">
    <ele>398.1</ele>
    <time>2025-09-12T13:08:23Z</time>
   </trkpt>
   <trkpt lat="50.2382340" lon="6.1563680">
    <ele>397.6</ele>
    <time>2025-09-12T13:08:27Z</time>
   </trkpt>
   <trkpt lat="50.2377940" lon="6.1561960">
    <ele>396.8</ele>
    <time>2025-09-12T13:08:33Z</time>
   </trkpt>
   <trkpt lat="50.2373940" lon="6.1559510">
    <ele>396.6</ele>
    <time>2025-09-12T13:08:39Z</time>
   </trkpt>
   <trkpt lat="50.2373250" lon="6.1559270">
    <ele>396.6</ele>
    <time>2025-09-12T13:08:40Z</time>
   </trkpt>
   <trkpt lat="50.2371290" lon="6.1558730">
    <ele>396.4</ele>
    <time>2025-09-12T13:08:43Z</time>
   </trkpt>
   <trkpt lat="50.2370170" lon="6.1558480">
    <ele>396.2</ele>
    <time>2025-09-12T13:08:45Z</time>
   </trkpt>
   <trkpt lat="50.2369740" lon="6.1558420">
    <ele>396.1</ele>
    <time>2025-09-12T13:08:46Z</time>
   </trkpt>
   <trkpt lat="50.2358170" lon="6.1561210">
    <ele>393.6</ele>
    <time>2025-09-12T13:09:07Z</time>
   </trkpt>
   <trkpt lat="50.2357680" lon="6.1561570">
    <ele>393.5</ele>
    <time>2025-09-12T13:09:08Z</time>
   </trkpt>
   <trkpt lat="50.2354050" lon="6.1563780">
    <ele>393.1</ele>
    <time>2025-09-12T13:09:14Z</time>
   </trkpt>
   <trkpt lat="50.2351200" lon="6.1565560">
    <ele>392.4</ele>
    <time>2025-09-12T13:09:19Z</time>
   </trkpt>
   <trkpt lat="50.2350640" lon="6.1566080">
    <ele>392.3</ele>
    <time>2025-09-12T13:09:20Z</time>
   </trkpt>
   <trkpt lat="50.2349080" lon="6.1568050">
    <ele>391.8</ele>
    <time>2025-09-12T13:09:23Z</time>
   </trkpt>
   <trkpt lat="50.2348100" lon="6.1569580">
    <ele>391.6</ele>
    <time>2025-09-12T13:09:25Z</time>
   </trkpt>
   <trkpt lat="50.2345580" lon="6.1573050">
    <ele>391.6</ele>
    <time>2025-09-12T13:09:30Z</time>
   </trkpt>
   <trkpt lat="50.2345190" lon="6.1573840">
    <ele>391.7</ele>
    <time>2025-09-12T13:09:31Z</time>
   </trkpt>
   <trkpt lat="50.2343010" lon="6.1578940">
    <ele>391.5</ele>
    <time>2025-09-12T13:09:37Z</time>
   </trkpt>
   <trkpt lat="50.2341110" lon="6.1584660">
    <ele>391.4</ele>
    <time>2025-09-12T13:09:43Z</time>
   </trkpt>
   <trkpt lat="50.2339230" lon="6.1589030">
    <ele>391.2</ele>
    <time>2025-09-12T13:09:48Z</time>
   </trkpt>
   <trkpt lat="50.2337810" lon="6.1591530">
    <ele>391.0</ele>
    <time>2025-09-12T13:09:51Z</time>
   </trkpt>
   <trkpt lat="50.2336660" lon="6.1592910">
    <ele>390.9</ele>
    <time>2025-09-12T13:09:53Z</time>
   </trkpt>
   <trkpt lat="50.2334460" lon="6.1595760">
    <ele>390.7</ele>
    <time>2025-09-12T13:09:57Z</time>
   </trkpt>
   <trkpt lat="50.2333530" lon="6.1597490">
    <ele>390.6</ele>
    <time>2025-09-12T13:09:59Z</time>
   </trkpt>
   <trkpt lat="50.2332760" lon="6.1599400">
    <ele>390.5</ele>
    <time>2025-09-12T13:10:01Z</time>
   </trkpt>
   <trkpt lat="50.2331860" lon="6.1602550">
    <ele>390.5</ele>
    <time>2025-09-12T13:10:04Z</time>
   </trkpt>
   <trkpt lat="50.2330450" lon="6.1607630">
    <ele>390.4</ele>
    <time>2025-09-12T13:10:09Z</time>
   </trkpt>
   <trkpt lat="50.2329510" lon="6.1612960">
    <ele>390.5</ele>
    <time>2025-09-12T13:10:14Z</time>
   </trkpt>
   <trkpt lat="50.2328670" lon="6.1620290">
    <ele>391.0</ele>
    <time>2025-09-12T13:10:21Z</time>
   </trkpt>
   <trkpt lat="50.2328480" lon="6.1621240">
    <ele>391.1</ele>
    <time>2025-09-12T13:10:22Z</time>
   </trkpt>
   <trkpt lat="50.2327350" lon="6.1624810">
    <ele>391.2</ele>
    <time>2025-09-12T13:10:26Z</time>
   </trkpt>
   <trkpt lat="50.2325190" lon="6.1631180">
    <ele>391.1</ele>
    <time>2025-09-12T13:10:33Z</time>
   </trkpt>
   <trkpt lat="50.2323890" lon="6.1634950">
    <ele>391.1</ele>
    <time>2025-09-12T13:10:37Z</time>
   </trkpt>
   <trkpt lat="50.2322270" lon="6.1639720">
    <ele>391.2</ele>
    <time>2025-09-12T13:10:42Z</time>
   </trkpt>
   <trkpt lat="50.2320550" lon="6.1644250">
    <ele>391.1</ele>
    <time>2025-09-12T13:10:47Z</time>
   </trkpt>
   <trkpt lat="50.2318790" lon="6.1649040">
    <ele>390.9</ele>
    <time>2025-09-12T13:10:52Z</time>
   </trkpt>
   <trkpt lat="50.2318000" lon="6.1651910">
    <ele>390.9</ele>
    <time>2025-09-12T13:10:55Z</time>
   </trkpt>
   <trkpt lat="50.2317880" lon="6.1653930">
    <ele>390.9</ele>
    <time>2025-09-12T13:10:57Z</time>
   </trkpt>
   <trkpt lat="50.2317870" lon="6.1655950">
    <ele>390.8</ele>
    <time>2025-09-12T13:10:59Z</time>
   </trkpt>
   <trkpt lat="50.2317460" lon="6.1657790">
    <ele>390.7</ele>
    <time>2025-09-12T13:11:01Z</time>
   </trkpt>
   <trkpt lat="50.2315410" lon="6.1664550">
    <ele>389.7</ele>
    <time>2025-09-12T13:11:08Z</time>
   </trkpt>
   <trkpt lat="50.2314780" lon="6.1666780">
    <ele>389.3</ele>
    <time>2025-09-12T13:11:10Z</time>
   </trkpt>
   <trkpt lat="50.2314500" lon="6.1669200">
    <ele>389.5</ele>
    <time>2025-09-12T13:11:12Z</time>
   </trkpt>
   <trkpt lat="50.2314450" lon="6.1673090">
    <ele>390.4</ele>
    <time>2025-09-12T13:11:16Z</time>
   </trkpt>
   <trkpt lat="50.2314430" lon="6.1674040">
    <ele>390.5</ele>
    <time>2025-09-12T13:11:17Z</time>
   </trkpt>
   <trkpt lat="50.2314280" lon="6.1678020">
    <ele>390.8</ele>
    <time>2025-09-12T13:11:21Z</time>
   </trkpt>
   <trkpt lat="50.2314520" lon="6.1685150">
    <ele>390.8</ele>
    <time>2025-09-12T13:11:28Z</time>
   </trkpt>
   <trkpt lat="50.2314840" lon="6.1688210">
    <ele>390.8</ele>
    <time>2025-09-12T13:11:31Z</time>
   </trkpt>
   <trkpt lat="50.2315580" lon="6.1691170">
    <ele>390.7</ele>
    <time>2025-09-12T13:11:34Z</time>
   </trkpt>
   <trkpt lat="50.2315810" lon="6.1692090">
    <ele>390.7</ele>
    <time>2025-09-12T13:11:35Z</time>
   </trkpt>
   <trkpt lat="50.2316640" lon="6.1694880">
    <ele>390.5</ele>
    <time>2025-09-12T13:11:38Z</time>
   </trkpt>
   <trkpt lat="50.2318220" lon="6.1701230">
    <ele>389.2</ele>
    <time>2025-09-12T13:11:44Z</time>
   </trkpt>
   <trkpt lat="50.2318620" lon="6.1702280">
    <ele>389.1</ele>
    <time>2025-09-12T13:11:45Z</time>
   </trkpt>
   <trkpt lat="50.2319470" lon="6.1704210">
    <ele>389.0</ele>
    <time>2025-09-12T13:11:47Z</time>
   </trkpt>
   <trkpt lat="50.2320210" lon="6.1706190">
    <ele>388.9</ele>
    <time>2025-09-12T13:11:49Z</time>
   </trkpt>
   <trkpt lat="50.2321280" lon="6.1709100">
    <ele>389.1</ele>
    <time>2025-09-12T13:11:52Z</time>
   </trkpt>
   <trkpt lat="50.2322370" lon="6.1711750">
    <ele>389.5</ele>
    <time>2025-09-12T13:11:55Z</time>
   </trkpt>
   <trkpt lat="50.2323060" lon="6.1713400">
    <ele>389.9</ele>
    <time>2025-09-12T13:11:57Z</time>
   </trkpt>
   <trkpt lat="50.2324870" lon="6.1718040">
    <ele>390.6</ele>
    <time>2025-09-12T13:12:03Z</time>
   </trkpt>
   <trkpt lat="50.2326730" lon="6.1722030">
    <ele>390.6</ele>
    <time>2025-09-12T13:12:08Z</time>
   </trkpt>
   <trkpt lat="50.2328280" lon="6.1725160">
    <ele>390.7</ele>
    <time>2025-09-12T13:12:12Z</time>
   </trkpt>
   <trkpt lat="50.2328740" lon="6.1725900">
    <ele>390.7</ele>
    <time>2025-09-12T13:12:13Z</time>
   </trkpt>
   <trkpt lat="50.2330090" lon="6.1728030">
    <ele>390.8</ele>
    <time>2025-09-12T13:12:16Z</time>
   </trkpt>
   <trkpt lat="50.2331980" lon="6.1730500">
    <ele>390.6</ele>
    <time>2025-09-12T13:12:20Z</time>
   </trkpt>
   <trkpt lat="50.2335340" lon="6.1733760">
    <ele>390.3</ele>
    <time>2025-09-12T13:12:26Z</time>
   </trkpt>
   <trkpt lat="50.2337120" lon="6.1735280">
    <ele>390.1</ele>
    <time>2025-09-12T13:12:29Z</time>
   </trkpt>
   <trkpt lat="50.2338290" lon="6.1736050">
    <ele>389.9</ele>
    <time>2025-09-12T13:12:31Z</time>
   </trkpt>
   <trkpt lat="50.2339910" lon="6.1737180">
    <ele>389.7</ele>
    <time>2025-09-12T13:12:35Z</time>
   </trkpt>
   <trkpt lat="50.2340220" lon="6.1737590">
    <ele>389.6</ele>
    <time>2025-09-12T13:12:37Z</time>
   </trkpt>
   <trkpt lat="50.2340210" lon="6.1737790">
    <ele>389.5</ele>
    <time>2025-09-12T13:12:38Z</time>
   </trkpt>
   <trkpt lat="50.2340180" lon="6.1737830">
    <ele>389.5</ele>
    <time>2025-09-12T13:12:39Z</time>
   </trkpt>
   <trkpt lat="50.2339990" lon="6.1737800">
    <ele>389.4</ele>
    <time>2025-09-12T13:12:41Z</time>
   </trkpt>
   <trkpt lat="50.2339700" lon="6.1737470">
    <ele>389.2</ele>
    <time>2025-09-12T13:12:43Z</time>
   </trkpt>
   <trkpt lat="50.2338550" lon="6.1736580">
    <ele>388.2</ele>
    <time>2025-09-12T13:12:47Z</time>
   </trkpt>
   <trkpt lat="50.2337350" lon="6.1735720">
    <ele>387.1</ele>
    <time>2025-09-12T13:12:50Z</time>
   </trkpt>
   <trkpt lat="50.2335900" lon="6.1734740">
    <ele>385.8</ele>
    <time>2025-09-12T13:12:53Z</time>
   </trkpt>
   <trkpt lat="50.2334900" lon="6.1734090">
    <ele>384.6</ele>
    <time>2025-09-12T13:12:55Z</time>
   </trkpt>
   <trkpt lat="50.2333790" lon="6.1733350">
    <ele>383.0</ele>
    <time>2025-09-12T13:12:57Z</time>
   </trkpt>
   <trkpt lat="50.2333280" lon="6.1733030">
    <ele>382.3</ele>
    <time>2025-09-12T13:12:58Z</time>
   </trkpt>
   <trkpt lat="50.2331560" lon="6.1732810">
    <ele>379.7</ele>
    <time>2025-09-12T13:13:00Z</time>
   </trkpt>
   <trkpt lat="50.2330680" lon="6.1732640">
    <ele>378.5</ele>
    <time>2025-09-12T13:13:01Z</time>
   </trkpt>
   <trkpt lat="50.2328930" lon="6.1731820">
    <ele>376.5</ele>
    <time>2025-09-12T13:13:03Z</time>
   </trkpt>
   <trkpt lat="50.2325950" lon="6.1729580">
    <ele>375.1</ele>
    <time>2025-09-12T13:13:07Z</time>
   </trkpt>
   <trkpt lat="50.2324840" lon="6.1728420">
    <ele>375.1</ele>
    <time>2025-09-12T13:13:09Z</time>
   </trkpt>
   <trkpt lat="50.2323860" lon="6.1726880">
    <ele>375.0</ele>
    <time>2025-09-12T13:13:11Z</time>
   </trkpt>
   <trkpt lat="50.2323010" lon="6.1725310">
    <ele>375.0</ele>
    <time>2025-09-12T13:13:13Z</time>
   </trkpt>
   <trkpt lat="50.2321810" lon="6.1724300">
    <ele>375.1</ele>
    <time>2025-09-12T13:13:15Z</time>
   </trkpt>
   <trkpt lat="50.2320550" lon="6.1724390">
    <ele>375.2</ele>
    <time>2025-09-12T13:13:17Z</time>
   </trkpt>
   <trkpt lat="50.2319930" lon="6.1724610">
    <ele>375.2</ele>
    <time>2025-09-12T13:13:18Z</time>
   </trkpt>
   <trkpt lat="50.2317020" lon="6.1726120">
    <ele>375.4</ele>
    <time>2025-09-12T13:13:23Z</time>
   </trkpt>
   <trkpt lat="50.2315460" lon="6.1727110">
    <ele>376.3</ele>
    <time>2025-09-12T13:13:26Z</time>
   </trkpt>
   <trkpt lat="50.2315030" lon="6.1727640">
    <ele>376.8</ele>
    <time>2025-09-12T13:13:27Z</time>
   </trkpt>
   <trkpt lat="50.2314740" lon="6.1728210">
    <ele>377.3</ele>
    <time>2025-09-12T13:13:28Z</time>
   </trkpt>
   <trkpt lat="50.2314670" lon="6.1728600">
    <ele>377.6</ele>
    <time>2025-09-12T13:13:29Z</time>
   </trkpt>
   <trkpt lat="50.2315070" lon="6.1729360">
    <ele>378.4</ele>
    <time>2025-09-12T13:13:33Z</time>
   </trkpt>
   <trkpt lat="50.2315200" lon="6.1729710">
    <ele>378.8</ele>
    <time>2025-09-12T13:13:35Z</time>
   </trkpt>
   <trkpt lat="50.2314570" lon="6.1731040">
    <ele>380.5</ele>
    <time>2025-09-12T13:13:37Z</time>
   </trkpt>
   <trkpt lat="50.2313750" lon="6.1732390">
    <ele>381.9</ele>
    <time>2025-09-12T13:13:41Z</time>
   </trkpt>
   <trkpt lat="50.2312690" lon="6.1733110">
    <ele>382.9</ele>
    <time>2025-09-12T13:13:47Z</time>
   </trkpt>
   <trkpt lat="50.2311880" lon="6.1734090">
    <ele>383.5</ele>
    <time>2025-09-12T13:13:50Z</time>
   </trkpt>
   <trkpt lat="50.2309740" lon="6.1736440">
    <ele>383.8</ele>
    <time>2025-09-12T13:13:56Z</time>
   </trkpt>
   <trkpt lat="50.2308410" lon="6.1737960">
    <ele>383.6</ele>
    <time>2025-09-12T13:14:01Z</time>
   </trkpt>
   <trkpt lat="50.2308280" lon="6.1738120">
    <ele>383.6</ele>
    <time>2025-09-12T13:14:03Z</time>
   </trkpt>
   <trkpt lat="50.2307360" lon="6.1739440">
    <ele>383.4</ele>
    <time>2025-09-12T13:32:00Z</time>
   </trkpt>
   <trkpt lat="50.2307130" lon="6.1739690">
    <ele>383.4</ele>
    <time>2025-09-12T13:32:01Z</time>
   </trkpt>
   <trkpt lat="50.2305030" lon="6.1741540">
    <ele>382.9</ele>
    <time>2025-09-12T13:32:07Z</time>
   </trkpt>
   <trkpt lat="50.2303750" lon="6.1742430">
    <ele>382.4</ele>
    <time>2025-09-12T13:32:10Z</time>
   </trkpt>
   <trkpt lat="50.2302350" lon="6.1743110">
    <ele>382.0</ele>
    <time>2025-09-12T13:32:13Z</time>
   </trkpt>
   <trkpt lat="50.2300210" lon="6.1744340">
    <ele>381.2</ele>
    <time>2025-09-12T13:32:18Z</time>
   </trkpt>
   <trkpt lat="50.2299720" lon="6.1744720">
    <ele>381.0</ele>
    <time>2025-09-12T13:32:19Z</time>
   </trkpt>
   <trkpt lat="50.2299240" lon="6.1745160">
    <ele>380.9</ele>
    <time>2025-09-12T13:32:20Z</time>
   </trkpt>
   <trkpt lat="50.2298220" lon="6.1746060">
    <ele>380.5</ele>
    <time>2025-09-12T13:32:22Z</time>
   </trkpt>
   <trkpt lat="50.2295160" lon="6.1748680">
    <ele>379.6</ele>
    <time>2025-09-12T13:32:28Z</time>
   </trkpt>
   <trkpt lat="50.2293500" lon="6.1750070">
    <ele>378.8</ele>
    <time>2025-09-12T13:32:31Z</time>
   </trkpt>
   <trkpt lat="50.2292240" lon="6.1751020">
    <ele>378.3</ele>
    <time>2025-09-12T13:32:33Z</time>
   </trkpt>
   <trkpt lat="50.2290050" lon="6.1752930">
    <ele>377.7</ele>
    <time>2025-09-12T13:32:37Z</time>
   </trkpt>
   <trkpt lat="50.2288880" lon="6.1753780">
    <ele>377.4</ele>
    <time>2025-09-12T13:32:40Z</time>
   </trkpt>
   <trkpt lat="50.2288460" lon="6.1753940">
    <ele>377.3</ele>
    <time>2025-09-12T13:32:41Z</time>
   </trkpt>
   <trkpt lat="50.2286490" lon="6.1754490">
    <ele>376.4</ele>
    <time>2025-09-12T13:32:44Z</time>
   </trkpt>
   <trkpt lat="50.2285840" lon="6.1754470">
    <ele>376.1</ele>
    <time>2025-09-12T13:32:45Z</time>
   </trkpt>
   <trkpt lat="50.2285090" lon="6.1754430">
    <ele>375.9</ele>
    <time>2025-09-12T13:32:46Z</time>
   </trkpt>
   <trkpt lat="50.2283360" lon="6.1754310">
    <ele>375.4</ele>
    <time>2025-09-12T13:32:48Z</time>
   </trkpt>
   <trkpt lat="50.2278570" lon="6.1754020">
    <ele>373.6</ele>
    <time>2025-09-12T13:32:53Z</time>
   </trkpt>
   <trkpt lat="50.2275380" lon="6.1753280">
    <ele>373.0</ele>
    <time>2025-09-12T13:32:57Z</time>
   </trkpt>
   <trkpt lat="50.2272270" lon="6.1752790">
    <ele>372.6</ele>
    <time>2025-09-12T13:33:01Z</time>
   </trkpt>
   <trkpt lat="50.2268410" lon="6.1752200">
    <ele>372.1</ele>
    <time>2025-09-12T13:33:06Z</time>
   </trkpt>
   <trkpt lat="50.2263300" lon="6.1750960">
    <ele>371.5</ele>
    <time>2025-09-12T13:33:13Z</time>
   </trkpt>
   <trkpt lat="50.2262680" lon="6.1750710">
    <ele>371.4</ele>
    <time>2025-09-12T13:33:14Z</time>
   </trkpt>
   <trkpt lat="50.2260900" lon="6.1749510">
    <ele>371.4</ele>
    <time>2025-09-12T13:33:17Z</time>
   </trkpt>
   <trkpt lat="50.2259750" lon="6.1748550">
    <ele>371.4</ele>
    <time>2025-09-12T13:33:19Z</time>
   </trkpt>
   <trkpt lat="50.2258250" lon="6.1746720">
    <ele>371.5</ele>
    <time>2025-09-12T13:33:22Z</time>
   </trkpt>
   <trkpt lat="50.2256620" lon="6.1742960">
    <ele>371.7</ele>
    <time>2025-09-12T13:33:27Z</time>
   </trkpt>
   <trkpt lat="50.2255850" lon="6.1740670">
    <ele>372.0</ele>
    <time>2025-09-12T13:33:30Z</time>
   </trkpt>
   <trkpt lat="50.2255420" lon="6.1739100">
    <ele>372.4</ele>
    <time>2025-09-12T13:33:32Z</time>
   </trkpt>
   <trkpt lat="50.2255280" lon="6.1738330">
    <ele>372.5</ele>
    <time>2025-09-12T13:33:33Z</time>
   </trkpt>
   <trkpt lat="50.2255010" lon="6.1736860">
    <ele>372.8</ele>
    <time>2025-09-12T13:33:35Z</time>
   </trkpt>
   <trkpt lat="50.2254570" lon="6.1732670">
    <ele>373.0</ele>
    <time>2025-09-12T13:33:40Z</time>
   </trkpt>
   <trkpt lat="50.2254610" lon="6.1730970">
    <ele>372.8</ele>
    <time>2025-09-12T13:33:42Z</time>
   </trkpt>
   <trkpt lat="50.2254540" lon="6.1729940">
    <ele>372.6</ele>
    <time>2025-09-12T13:33:43Z</time>
   </trkpt>
   <trkpt lat="50.2254060" lon="6.1724850">
    <ele>372.2</ele>
    <time>2025-09-12T13:33:48Z</time>
   </trkpt>
   <trkpt lat="50.2253900" lon="6.1723860">
    <ele>372.2</ele>
    <time>2025-09-12T13:33:49Z</time>
   </trkpt>
   <trkpt lat="50.2253130" lon="6.1719430">
    <ele>371.4</ele>
    <time>2025-09-12T13:33:53Z</time>
   </trkpt>
   <trkpt lat="50.2252950" lon="6.1718290">
    <ele>371.2</ele>
    <time>2025-09-12T13:33:54Z</time>
   </trkpt>
   <trkpt lat="50.2252190" lon="6.1714560">
    <ele>370.8</ele>
    <time>2025-09-12T13:33:57Z</time>
   </trkpt>
   <trkpt lat="50.2251680" lon="6.1712310">
    <ele>370.7</ele>
    <time>2025-09-12T13:33:59Z</time>
   </trkpt>
   <trkpt lat="50.2251210" lon="6.1709050">
    <ele>371.0</ele>
    <time>2025-09-12T13:34:02Z</time>
   </trkpt>
   <trkpt lat="50.2251270" lon="6.1707980">
    <ele>371.1</ele>
    <time>2025-09-12T13:34:03Z</time>
   </trkpt>
   <trkpt lat="50.2251400" lon="6.1706950">
    <ele>371.2</ele>
    <time>2025-09-12T13:34:04Z</time>
   </trkpt>
   <trkpt lat="50.2251640" lon="6.1704920">
    <ele>371.4</ele>
    <time>2025-09-12T13:34:06Z</time>
   </trkpt>
   <trkpt lat="50.2251650" lon="6.1702960">
    <ele>371.5</ele>
    <time>2025-09-12T13:34:08Z</time>
   </trkpt>
   <trkpt lat="50.2251080" lon="6.1697440">
    <ele>371.7</ele>
    <time>2025-09-12T13:34:14Z</time>
   </trkpt>
   <trkpt lat="50.2250800" lon="6.1695650">
    <ele>371.8</ele>
    <time>2025-09-12T13:34:16Z</time>
   </trkpt>
   <trkpt lat="50.2250450" lon="6.1694080">
    <ele>371.9</ele>
    <time>2025-09-12T13:34:18Z</time>
   </trkpt>
   <trkpt lat="50.2249330" lon="6.1690280">
    <ele>371.9</ele>
    <time>2025-09-12T13:34:23Z</time>
   </trkpt>
   <trkpt lat="50.2248730" lon="6.1688560">
    <ele>371.7</ele>
    <time>2025-09-12T13:34:25Z</time>
   </trkpt>
   <trkpt lat="50.2247870" lon="6.1687280">
    <ele>371.4</ele>
    <time>2025-09-12T13:34:27Z</time>
   </trkpt>
   <trkpt lat="50.2245920" lon="6.1686660">
    <ele>371.1</ele>
    <time>2025-09-12T13:34:30Z</time>
   </trkpt>
   <trkpt lat="50.2244710" lon="6.1686460">
    <ele>370.8</ele>
    <time>2025-09-12T13:34:32Z</time>
   </trkpt>
   <trkpt lat="50.2243620" lon="6.1685540">
    <ele>370.3</ele>
    <time>2025-09-12T13:34:34Z</time>
   </trkpt>
   <trkpt lat="50.2242040" lon="6.1681910">
    <ele>369.4</ele>
    <time>2025-09-12T13:34:38Z</time>
   </trkpt>
   <trkpt lat="50.2240480" lon="6.1678500">
    <ele>369.1</ele>
    <time>2025-09-12T13:34:42Z</time>
   </trkpt>
   <trkpt lat="50.2239990" lon="6.1677810">
    <ele>369.1</ele>
    <time>2025-09-12T13:34:43Z</time>
   </trkpt>
   <trkpt lat="50.2239470" lon="6.1677210">
    <ele>369.1</ele>
    <time>2025-09-12T13:34:44Z</time>
   </trkpt>
   <trkpt lat="50.2237880" lon="6.1676090">
    <ele>369.2</ele>
    <time>2025-09-12T13:34:47Z</time>
   </trkpt>
   <trkpt lat="50.2234820" lon="6.1675580">
    <ele>369.4</ele>
    <time>2025-09-12T13:34:52Z</time>
   </trkpt>
   <trkpt lat="50.2234210" lon="6.1675700">
    <ele>369.4</ele>
    <time>2025-09-12T13:34:53Z</time>
   </trkpt>
   <trkpt lat="50.2232020" lon="6.1676330">
    <ele>369.7</ele>
    <time>2025-09-12T13:34:57Z</time>
   </trkpt>
   <trkpt lat="50.2229900" lon="6.1677090">
    <ele>369.9</ele>
    <time>2025-09-12T13:35:01Z</time>
   </trkpt>
   <trkpt lat="50.2228970" lon="6.1677960">
    <ele>370.0</ele>
    <time>2025-09-12T13:35:03Z</time>
   </trkpt>
   <trkpt lat="50.2227820" lon="6.1680650">
    <ele>370.5</ele>
    <time>2025-09-12T13:35:07Z</time>
   </trkpt>
   <trkpt lat="50.2227560" lon="6.1682540">
    <ele>370.9</ele>
    <time>2025-09-12T13:35:10Z</time>
   </trkpt>
   <trkpt lat="50.2227500" lon="6.1684580">
    <ele>371.5</ele>
    <time>2025-09-12T13:35:13Z</time>
   </trkpt>
   <trkpt lat="50.2227450" lon="6.1685820">
    <ele>372.0</ele>
    <time>2025-09-12T13:35:15Z</time>
   </trkpt>
   <trkpt lat="50.2227720" lon="6.1687830">
    <ele>372.9</ele>
    <time>2025-09-12T13:35:19Z</time>
   </trkpt>
   <trkpt lat="50.2227980" lon="6.1690860">
    <ele>374.2</ele>
    <time>2025-09-12T13:35:25Z</time>
   </trkpt>
   <trkpt lat="50.2227900" lon="6.1694170">
    <ele>375.6</ele>
    <time>2025-09-12T13:35:32Z</time>
   </trkpt>
   <trkpt lat="50.2227700" lon="6.1696530">
    <ele>376.8</ele>
    <time>2025-09-12T13:35:38Z</time>
   </trkpt>
   <trkpt lat="50.2227520" lon="6.1698680">
    <ele>378.0</ele>
    <time>2025-09-12T13:35:44Z</time>
   </trkpt>
   <trkpt lat="50.2227480" lon="6.1699360">
    <ele>378.3</ele>
    <time>2025-09-12T13:35:46Z</time>
   </trkpt>
   <trkpt lat="50.2227410" lon="6.1700020">
    <ele>378.7</ele>
    <time>2025-09-12T13:35:48Z</time>
   </trkpt>
   <trkpt lat="50.2227410" lon="6.1700280">
    <ele>378.8</ele>
    <time>2025-09-12T13:35:49Z</time>
   </trkpt>
   <trkpt lat="50.2227050" lon="6.1700600">
    <ele>379.4</ele>
    <time>2025-09-12T13:35:52Z</time>
   </trkpt>
   <trkpt lat="50.2225390" lon="6.1701290">
    <ele>379.4</ele>
    <time>2025-09-12T13:35:58Z</time>
   </trkpt>
   <trkpt lat="50.2223760" lon="6.1701960">
    <ele>379.2</ele>
    <time>2025-09-12T13:36:03Z</time>
   </trkpt>
   <trkpt lat="50.2221630" lon="6.1702730">
    <ele>378.9</ele>
    <time>2025-09-12T13:36:09Z</time>
   </trkpt>
   <trkpt lat="50.2219340" lon="6.1703840">
    <ele>378.8</ele>
    <time>2025-09-12T13:36:15Z</time>
   </trkpt>
   <trkpt lat="50.2218570" lon="6.1704080">
    <ele>378.8</ele>
    <time>2025-09-12T13:36:18Z</time>
   </trkpt>
   <trkpt lat="50.2218310" lon="6.1704160">
    <ele>378.8</ele>
    <time>2025-09-12T13:36:20Z</time>
   </trkpt>
   <trkpt lat="50.2218580" lon="6.1704090">
    <ele>378.8</ele>
    <time>2025-09-12T13:43:07Z</time>
   </trkpt>
   <trkpt lat="50.2218280" lon="6.1704240">
    <ele>378.8</ele>
    <time>2025-09-12T13:43:08Z</time>
   </trkpt>
   <trkpt lat="50.2216900" lon="6.1704920">
    <ele>378.5</ele>
    <time>2025-09-12T13:43:12Z</time>
   </trkpt>
   <trkpt lat="50.2214510" lon="6.1706480">
    <ele>378.0</ele>
    <time>2025-09-12T13:43:18Z</time>
   </trkpt>
   <trkpt lat="50.2212230" lon="6.1708170">
    <ele>377.5</ele>
    <time>2025-09-12T13:43:23Z</time>
   </trkpt>
   <trkpt lat="50.2210750" lon="6.1709150">
    <ele>377.3</ele>
    <time>2025-09-12T13:43:27Z</time>
   </trkpt>
   <trkpt lat="50.2210300" lon="6.1709590">
    <ele>377.2</ele>
    <time>2025-09-12T13:43:28Z</time>
   </trkpt>
   <trkpt lat="50.2208860" lon="6.1711330">
    <ele>376.7</ele>
    <time>2025-09-12T13:43:31Z</time>
   </trkpt>
   <trkpt lat="50.2206510" lon="6.1714440">
    <ele>376.2</ele>
    <time>2025-09-12T13:43:36Z</time>
   </trkpt>
   <trkpt lat="50.2204250" lon="6.1717780">
    <ele>375.6</ele>
    <time>2025-09-12T13:43:41Z</time>
   </trkpt>
   <trkpt lat="50.2202690" lon="6.1720240">
    <ele>375.3</ele>
    <time>2025-09-12T13:43:45Z</time>
   </trkpt>
   <trkpt lat="50.2200840" lon="6.1723120">
    <ele>375.0</ele>
    <time>2025-09-12T13:43:50Z</time>
   </trkpt>
   <trkpt lat="50.2199080" lon="6.1725960">
    <ele>374.8</ele>
    <time>2025-09-12T13:43:55Z</time>
   </trkpt>
   <trkpt lat="50.2197990" lon="6.1727910">
    <ele>374.5</ele>
    <time>2025-09-12T13:43:58Z</time>
   </trkpt>
   <trkpt lat="50.2197420" lon="6.1728790">
    <ele>374.3</ele>
    <time>2025-09-12T13:43:59Z</time>
   </trkpt>
   <trkpt lat="50.2196340" lon="6.1730500">
    <ele>374.0</ele>
    <time>2025-09-12T13:44:01Z</time>
   </trkpt>
   <trkpt lat="50.2194790" lon="6.1732920">
    <ele>373.7</ele>
    <time>2025-09-12T13:44:04Z</time>
   </trkpt>
   <trkpt lat="50.2194350" lon="6.1733650">
    <ele>373.5</ele>
    <time>2025-09-12T13:44:05Z</time>
   </trkpt>
   <trkpt lat="50.2192850" lon="6.1736170">
    <ele>373.2</ele>
    <time>2025-09-12T13:44:08Z</time>
   </trkpt>
   <trkpt lat="50.2190060" lon="6.1740590">
    <ele>372.4</ele>
    <time>2025-09-12T13:44:13Z</time>
   </trkpt>
   <trkpt lat="50.2187700" lon="6.1744340">
    <ele>371.9</ele>
    <time>2025-09-12T13:44:17Z</time>
   </trkpt>
   <trkpt lat="50.2187170" lon="6.1744960">
    <ele>371.8</ele>
    <time>2025-09-12T13:44:18Z</time>
   </trkpt>
   <trkpt lat="50.2184170" lon="6.1748170">
    <ele>371.3</ele>
    <time>2025-09-12T13:44:23Z</time>
   </trkpt>
   <trkpt lat="50.2183550" lon="6.1748880">
    <ele>371.2</ele>
    <time>2025-09-12T13:44:24Z</time>
   </trkpt>
   <trkpt lat="50.2181710" lon="6.1750370">
    <ele>370.9</ele>
    <time>2025-09-12T13:44:27Z</time>
   </trkpt>
   <trkpt lat="50.2181120" lon="6.1750690">
    <ele>370.8</ele>
    <time>2025-09-12T13:44:28Z</time>
   </trkpt>
   <trkpt lat="50.2179110" lon="6.1751820">
    <ele>370.5</ele>
    <time>2025-09-12T13:44:31Z</time>
   </trkpt>
   <trkpt lat="50.2178460" lon="6.1752020">
    <ele>370.4</ele>
    <time>2025-09-12T13:44:32Z</time>
   </trkpt>
   <trkpt lat="50.2176570" lon="6.1753760">
    <ele>370.0</ele>
    <time>2025-09-12T13:44:34Z</time>
   </trkpt>
   <trkpt lat="50.2175170" lon="6.1754640">
    <ele>369.9</ele>
    <time>2025-09-12T13:44:36Z</time>
   </trkpt>
   <trkpt lat="50.2173700" lon="6.1756310">
    <ele>370.1</ele>
    <time>2025-09-12T13:44:39Z</time>
   </trkpt>
   <trkpt lat="50.2173190" lon="6.1757630">
    <ele>370.2</ele>
    <time>2025-09-12T13:44:43Z</time>
   </trkpt>
   <trkpt lat="50.2172810" lon="6.1759380">
    <ele>370.3</ele>
    <time>2025-09-12T13:44:57Z</time>
   </trkpt>
   <trkpt lat="50.2172980" lon="6.1759130">
    <ele>370.3</ele>
    <time>2025-09-12T13:44:59Z</time>
   </trkpt>
   <trkpt lat="50.2173010" lon="6.1759000">
    <ele>370.3</ele>
    <time>2025-09-12T13:45:00Z</time>
   </trkpt>
   <trkpt lat="50.2171970" lon="6.1757920">
    <ele>370.5</ele>
    <time>2025-09-12T13:45:19Z</time>
   </trkpt>
   <trkpt lat="50.2171600" lon="6.1757980">
    <ele>370.5</ele>
    <time>2025-09-12T13:45:21Z</time>
   </trkpt>
   <trkpt lat="50.2171000" lon="6.1758140">
    <ele>370.6</ele>
    <time>2025-09-12T13:45:25Z</time>
   </trkpt>
   <trkpt lat="50.2170190" lon="6.1758560">
    <ele>370.7</ele>
    <time>2025-09-12T13:45:37Z</time>
   </trkpt>
   <trkpt lat="50.2170010" lon="6.1758550">
    <ele>370.7</ele>
    <time>2025-09-12T13:45:38Z</time>
   </trkpt>
   <trkpt lat="50.2168560" lon="6.1758020">
    <ele>370.7</ele>
    <time>2025-09-12T13:45:43Z</time>
   </trkpt>
   <trkpt lat="50.2165990" lon="6.1758430">
    <ele>370.5</ele>
    <time>2025-09-12T13:45:49Z</time>
   </trkpt>
   <trkpt lat="50.2164310" lon="6.1757690">
    <ele>370.5</ele>
    <time>2025-09-12T13:45:54Z</time>
   </trkpt>
   <trkpt lat="50.2162940" lon="6.1756800">
    <ele>370.5</ele>
    <time>2025-09-12T13:45:58Z</time>
   </trkpt>
   <trkpt lat="50.2161310" lon="6.1755900">
    <ele>370.4</ele>
    <time>2025-09-12T13:46:02Z</time>
   </trkpt>
   <trkpt lat="50.2160440" lon="6.1755440">
    <ele>370.3</ele>
    <time>2025-09-12T13:46:04Z</time>
   </trkpt>
   <trkpt lat="50.2159590" lon="6.1754920">
    <ele>370.1</ele>
    <time>2025-09-12T13:46:06Z</time>
   </trkpt>
   <trkpt lat="50.2159140" lon="6.1754650">
    <ele>370.1</ele>
    <time>2025-09-12T13:46:07Z</time>
   </trkpt>
   <trkpt lat="50.2158670" lon="6.1754450">
    <ele>370.0</ele>
    <time>2025-09-12T13:46:08Z</time>
   </trkpt>
   <trkpt lat="50.2156750" lon="6.1753310">
    <ele>369.8</ele>
    <time>2025-09-12T13:46:12Z</time>
   </trkpt>
   <trkpt lat="50.2154280" lon="6.1751530">
    <ele>369.4</ele>
    <time>2025-09-12T13:46:17Z</time>
   </trkpt>
   <trkpt lat="50.2153740" lon="6.1751090">
    <ele>369.3</ele>
    <time>2025-09-12T13:46:18Z</time>
   </trkpt>
   <trkpt lat="50.2152120" lon="6.1749530">
    <ele>369.0</ele>
    <time>2025-09-12T13:46:21Z</time>
   </trkpt>
   <trkpt lat="50.2150620" lon="6.1747800">
    <ele>368.6</ele>
    <time>2025-09-12T13:46:24Z</time>
   </trkpt>
   <trkpt lat="50.2147780" lon="6.1743230">
    <ele>367.9</ele>
    <time>2025-09-12T13:46:30Z</time>
   </trkpt>
   <trkpt lat="50.2144690" lon="6.1737830">
    <ele>367.3</ele>
    <time>2025-09-12T13:46:37Z</time>
   </trkpt>
   <trkpt lat="50.2141160" lon="6.1730780">
    <ele>366.7</ele>
    <time>2025-09-12T13:46:45Z</time>
   </trkpt>
   <trkpt lat="50.2140300" lon="6.1729010">
    <ele>366.6</ele>
    <time>2025-09-12T13:46:47Z</time>
   </trkpt>
   <trkpt lat="50.2136860" lon="6.1722160">
    <ele>366.2</ele>
    <time>2025-09-12T13:46:55Z</time>
   </trkpt>
   <trkpt lat="50.2134620" lon="6.1718370">
    <ele>364.8</ele>
    <time>2025-09-12T13:47:00Z</time>
   </trkpt>
   <trkpt lat="50.2133460" lon="6.1717150">
    <ele>364.1</ele>
    <time>2025-09-12T13:47:02Z</time>
   </trkpt>
   <trkpt lat="50.2132240" lon="6.1716380">
    <ele>363.8</ele>
    <time>2025-09-12T13:47:04Z</time>
   </trkpt>
   <trkpt lat="50.2130200" lon="6.1715410">
    <ele>363.8</ele>
    <time>2025-09-12T13:47:08Z</time>
   </trkpt>
   <trkpt lat="50.2129620" lon="6.1714470">
    <ele>364.0</ele>
    <time>2025-09-12T13:47:10Z</time>
   </trkpt>
   <trkpt lat="50.2129840" lon="6.1713080">
    <ele>364.2</ele>
    <time>2025-09-12T13:47:13Z</time>
   </trkpt>
   <trkpt lat="50.2129680" lon="6.1711220">
    <ele>364.4</ele>
    <time>2025-09-12T13:47:16Z</time>
   </trkpt>
   <trkpt lat="50.2129240" lon="6.1709820">
    <ele>364.5</ele>
    <time>2025-09-12T13:47:18Z</time>
   </trkpt>
   <trkpt lat="50.2127660" lon="6.1707120">
    <ele>365.3</ele>
    <time>2025-09-12T13:47:23Z</time>
   </trkpt>
   <trkpt lat="50.2125700" lon="6.1704120">
    <ele>365.8</ele>
    <time>2025-09-12T13:47:30Z</time>
   </trkpt>
   <trkpt lat="50.2125340" lon="6.1703680">
    <ele>365.8</ele>
    <time>2025-09-12T13:47:31Z</time>
   </trkpt>
   <trkpt lat="50.2124040" lon="6.1702430">
    <ele>365.5</ele>
    <time>2025-09-12T13:47:34Z</time>
   </trkpt>
   <trkpt lat="50.2122650" lon="6.1701300">
    <ele>365.3</ele>
    <time>2025-09-12T13:47:37Z</time>
   </trkpt>
   <trkpt lat="50.2121710" lon="6.1700510">
    <ele>365.2</ele>
    <time>2025-09-12T13:47:39Z</time>
   </trkpt>
   <trkpt lat="50.2121180" lon="6.1700170">
    <ele>365.1</ele>
    <time>2025-09-12T13:47:40Z</time>
   </trkpt>
   <trkpt lat="50.2120090" lon="6.1699510">
    <ele>365.0</ele>
    <time>2025-09-12T13:47:42Z</time>
   </trkpt>
   <trkpt lat="50.2117850" lon="6.1698370">
    <ele>364.6</ele>
    <time>2025-09-12T13:47:46Z</time>
   </trkpt>
   <trkpt lat="50.2113270" lon="6.1696250">
    <ele>363.9</ele>
    <time>2025-09-12T13:47:53Z</time>
   </trkpt>
   <trkpt lat="50.2109140" lon="6.1694260">
    <ele>364.1</ele>
    <time>2025-09-12T13:47:59Z</time>
   </trkpt>
   <trkpt lat="50.2105380" lon="6.1692100">
    <ele>364.4</ele>
    <time>2025-09-12T13:48:05Z</time>
   </trkpt>
   <trkpt lat="50.2100990" lon="6.1689910">
    <ele>364.0</ele>
    <time>2025-09-12T13:48:12Z</time>
   </trkpt>
   <trkpt lat="50.2096660" lon="6.1687470">
    <ele>363.8</ele>
    <time>2025-09-12T13:48:19Z</time>
   </trkpt>
   <trkpt lat="50.2092970" lon="6.1685680">
    <ele>363.9</ele>
    <time>2025-09-12T13:48:25Z</time>
   </trkpt>
   <trkpt lat="50.2092390" lon="6.1685360">
    <ele>363.9</ele>
    <time>2025-09-12T13:48:26Z</time>
   </trkpt>
   <trkpt lat="50.2091830" lon="6.1685030">
    <ele>363.9</ele>
    <time>2025-09-12T13:48:27Z</time>
   </trkpt>
   <trkpt lat="50.2089530" lon="6.1683830">
    <ele>364.0</ele>
    <time>2025-09-12T13:48:31Z</time>
   </trkpt>
   <trkpt lat="50.2085210" lon="6.1681580">
    <ele>363.9</ele>
    <time>2025-09-12T13:48:39Z</time>
   </trkpt>
   <trkpt lat="50.2081310" lon="6.1679600">
    <ele>364.0</ele>
    <time>2025-09-12T13:48:46Z</time>
   </trkpt>
   <trkpt lat="50.2076700" lon="6.1677240">
    <ele>364.1</ele>
    <time>2025-09-12T13:48:54Z</time>
   </trkpt>
   <trkpt lat="50.2071890" lon="6.1674800">
    <ele>364.0</ele>
    <time>2025-09-12T13:49:02Z</time>
   </trkpt>
   <trkpt lat="50.2066960" lon="6.1672140">
    <ele>364.0</ele>
    <time>2025-09-12T13:49:10Z</time>
   </trkpt>
   <trkpt lat="50.2062320" lon="6.1668140">
    <ele>363.9</ele>
    <time>2025-09-12T13:49:18Z</time>
   </trkpt>
   <trkpt lat="50.2061250" lon="6.1666880">
    <ele>363.9</ele>
    <time>2025-09-12T13:49:20Z</time>
   </trkpt>
   <trkpt lat="50.2059230" lon="6.1664290">
    <ele>363.6</ele>
    <time>2025-09-12T13:49:24Z</time>
   </trkpt>
   <trkpt lat="50.2058750" lon="6.1663550">
    <ele>363.6</ele>
    <time>2025-09-12T13:49:25Z</time>
   </trkpt>
   <trkpt lat="50.2056460" lon="6.1659830">
    <ele>363.1</ele>
    <time>2025-09-12T13:49:30Z</time>
   </trkpt>
   <trkpt lat="50.2054470" lon="6.1655660">
    <ele>362.9</ele>
    <time>2025-09-12T13:49:35Z</time>
   </trkpt>
   <trkpt lat="50.2053180" lon="6.1652110">
    <ele>362.7</ele>
    <time>2025-09-12T13:49:39Z</time>
   </trkpt>
   <trkpt lat="50.2052400" lon="6.1649230">
    <ele>362.5</ele>
    <time>2025-09-12T13:49:42Z</time>
   </trkpt>
   <trkpt lat="50.2050530" lon="6.1642360">
    <ele>362.2</ele>
    <time>2025-09-12T13:49:49Z</time>
   </trkpt>
   <trkpt lat="50.2048610" lon="6.1635260">
    <ele>361.9</ele>
    <time>2025-09-12T13:49:56Z</time>
   </trkpt>
   <trkpt lat="50.2046480" lon="6.1627110">
    <ele>361.4</ele>
    <time>2025-09-12T13:50:04Z</time>
   </trkpt>
   <trkpt lat="50.2045670" lon="6.1624010">
    <ele>361.2</ele>
    <time>2025-09-12T13:50:07Z</time>
   </trkpt>
   <trkpt lat="50.2043490" lon="6.1615700">
    <ele>360.7</ele>
    <time>2025-09-12T13:50:15Z</time>
   </trkpt>
   <trkpt lat="50.2041320" lon="6.1607520">
    <ele>360.0</ele>
    <time>2025-09-12T13:50:23Z</time>
   </trkpt>
   <trkpt lat="50.2041090" lon="6.1606520">
    <ele>359.9</ele>
    <time>2025-09-12T13:50:24Z</time>
   </trkpt>
   <trkpt lat="50.2039100" lon="6.1599150">
    <ele>359.4</ele>
    <time>2025-09-12T13:50:31Z</time>
   </trkpt>
   <trkpt lat="50.2037530" lon="6.1592880">
    <ele>359.0</ele>
    <time>2025-09-12T13:50:37Z</time>
   </trkpt>
   <trkpt lat="50.2035710" lon="6.1586610">
    <ele>358.6</ele>
    <time>2025-09-12T13:50:43Z</time>
   </trkpt>
   <trkpt lat="50.2032750" lon="6.1579180">
    <ele>358.4</ele>
    <time>2025-09-12T13:50:51Z</time>
   </trkpt>
   <trkpt lat="50.2030340" lon="6.1574170">
    <ele>358.3</ele>
    <time>2025-09-12T13:50:57Z</time>
   </trkpt>
   <trkpt lat="50.2026570" lon="6.1568110">
    <ele>358.4</ele>
    <time>2025-09-12T13:51:05Z</time>
   </trkpt>
   <trkpt lat="50.2026080" lon="6.1567360">
    <ele>358.4</ele>
    <time>2025-09-12T13:51:06Z</time>
   </trkpt>
   <trkpt lat="50.2023080" lon="6.1563360">
    <ele>358.3</ele>
    <time>2025-09-12T13:51:12Z</time>
   </trkpt>
   <trkpt lat="50.2019650" lon="6.1559930">
    <ele>358.2</ele>
    <time>2025-09-12T13:51:18Z</time>
   </trkpt>
   <trkpt lat="50.2015470" lon="6.1556590">
    <ele>358.1</ele>
    <time>2025-09-12T13:51:25Z</time>
   </trkpt>
   <trkpt lat="50.2011660" lon="6.1554230">
    <ele>358.0</ele>
    <time>2025-09-12T13:51:31Z</time>
   </trkpt>
   <trkpt lat="50.2007310" lon="6.1551600">
    <ele>358.1</ele>
    <time>2025-09-12T13:51:38Z</time>
   </trkpt>
   <trkpt lat="50.2001670" lon="6.1548350">
    <ele>358.0</ele>
    <time>2025-09-12T13:51:47Z</time>
   </trkpt>
   <trkpt lat="50.1996580" lon="6.1545590">
    <ele>357.9</ele>
    <time>2025-09-12T13:51:55Z</time>
   </trkpt>
   <trkpt lat="50.1992600" lon="6.1543250">
    <ele>357.8</ele>
    <time>2025-09-12T13:52:02Z</time>
   </trkpt>
   <trkpt lat="50.1990460" lon="6.1542250">
    <ele>357.7</ele>
    <time>2025-09-12T13:52:06Z</time>
   </trkpt>
   <trkpt lat="50.1989890" lon="6.1541870">
    <ele>357.6</ele>
    <time>2025-09-12T13:52:07Z</time>
   </trkpt>
   <trkpt lat="50.1987660" lon="6.1540450">
    <ele>357.4</ele>
    <time>2025-09-12T13:52:11Z</time>
   </trkpt>
   <trkpt lat="50.1983900" lon="6.1538120">
    <ele>357.2</ele>
    <time>2025-09-12T13:52:18Z</time>
   </trkpt>
   <trkpt lat="50.1979840" lon="6.1535540">
    <ele>357.1</ele>
    <time>2025-09-12T13:52:25Z</time>
   </trkpt>
   <trkpt lat="50.1978800" lon="6.1534580">
    <ele>357.1</ele>
    <time>2025-09-12T13:52:27Z</time>
   </trkpt>
   <trkpt lat="50.1976130" lon="6.1532020">
    <ele>357.4</ele>
    <time>2025-09-12T13:52:33Z</time>
   </trkpt>
   <trkpt lat="50.1975740" lon="6.1531920">
    <ele>357.4</ele>
    <time>2025-09-12T13:52:34Z</time>
   </trkpt>
   <trkpt lat="50.1974610" lon="6.1531670">
    <ele>357.4</ele>
    <time>2025-09-12T13:52:37Z</time>
   </trkpt>
   <trkpt lat="50.1973450" lon="6.1529780">
    <ele>357.4</ele>
    <time>2025-09-12T13:52:41Z</time>
   </trkpt>
   <trkpt lat="50.1971380" lon="6.1525780">
    <ele>357.6</ele>
    <time>2025-09-12T13:52:48Z</time>
   </trkpt>
   <trkpt lat="50.1969330" lon="6.1521140">
    <ele>357.8</ele>
    <time>2025-09-12T13:52:55Z</time>
   </trkpt>
   <trkpt lat="50.1967990" lon="6.1517180">
    <ele>357.8</ele>
    <time>2025-09-12T13:53:00Z</time>
   </trkpt>
   <trkpt lat="50.1967640" lon="6.1516400">
    <ele>357.8</ele>
    <time>2025-09-12T13:53:01Z</time>
   </trkpt>
   <trkpt lat="50.1966630" lon="6.1513470">
    <ele>357.9</ele>
    <time>2025-09-12T13:53:05Z</time>
   </trkpt>
   <trkpt lat="50.1966460" lon="6.1512730">
    <ele>357.9</ele>
    <time>2025-09-12T13:53:06Z</time>
   </trkpt>
   <trkpt lat="50.1965400" lon="6.1507190">
    <ele>358.1</ele>
    <time>2025-09-12T13:53:13Z</time>
   </trkpt>
   <trkpt lat="50.1965270" lon="6.1506390">
    <ele>358.2</ele>
    <time>2025-09-12T13:53:14Z</time>
   </trkpt>
   <trkpt lat="50.1964950" lon="6.1502070">
    <ele>358.2</ele>
    <time>2025-09-12T13:53:19Z</time>
   </trkpt>
   <trkpt lat="50.1964810" lon="6.1496630">
    <ele>358.6</ele>
    <time>2025-09-12T13:53:26Z</time>
   </trkpt>
   <trkpt lat="50.1964990" lon="6.1493990">
    <ele>358.8</ele>
    <time>2025-09-12T13:53:31Z</time>
   </trkpt>
   <trkpt lat="50.1965050" lon="6.1493340">
    <ele>358.8</ele>
    <time>2025-09-12T13:53:32Z</time>
   </trkpt>
   <trkpt lat="50.1965180" lon="6.1491170">
    <ele>358.9</ele>
    <time>2025-09-12T13:53:35Z</time>
   </trkpt>
   <trkpt lat="50.1965490" lon="6.1486670">
    <ele>359.3</ele>
    <time>2025-09-12T13:53:41Z</time>
   </trkpt>
   <trkpt lat="50.1965710" lon="6.1481850">
    <ele>360.0</ele>
    <time>2025-09-12T13:53:47Z</time>
   </trkpt>
   <trkpt lat="50.1966110" lon="6.1475170">
    <ele>361.1</ele>
    <time>2025-09-12T13:53:56Z</time>
   </trkpt>
   <trkpt lat="50.1966490" lon="6.1469980">
    <ele>361.8</ele>
    <time>2025-09-12T13:54:03Z</time>
   </trkpt>
   <trkpt lat="50.1966850" lon="6.1464290">
    <ele>362.4</ele>
    <time>2025-09-12T13:54:10Z</time>
   </trkpt>
   <trkpt lat="50.1966860" lon="6.1457470">
    <ele>363.1</ele>
    <time>2025-09-12T13:54:18Z</time>
   </trkpt>
   <trkpt lat="50.1965890" lon="6.1450680">
    <ele>363.6</ele>
    <time>2025-09-12T13:54:26Z</time>
   </trkpt>
   <trkpt lat="50.1964660" lon="6.1444760">
    <ele>364.1</ele>
    <time>2025-09-12T13:54:33Z</time>
   </trkpt>
   <trkpt lat="50.1963440" lon="6.1439130">
    <ele>364.8</ele>
    <time>2025-09-12T13:54:40Z</time>
   </trkpt>
   <trkpt lat="50.1962790" lon="6.1436000">
    <ele>365.1</ele>
    <time>2025-09-12T13:54:44Z</time>
   </trkpt>
   <trkpt lat="50.1962520" lon="6.1434530">
    <ele>365.2</ele>
    <time>2025-09-12T13:54:46Z</time>
   </trkpt>
   <trkpt lat="50.1962330" lon="6.1433810">
    <ele>365.3</ele>
    <time>2025-09-12T13:54:47Z</time>
   </trkpt>
   <trkpt lat="50.1961620" lon="6.1431010">
    <ele>365.6</ele>
    <time>2025-09-12T13:54:51Z</time>
   </trkpt>
   <trkpt lat="50.1960590" lon="6.1426570">
    <ele>366.1</ele>
    <time>2025-09-12T13:54:57Z</time>
   </trkpt>
   <trkpt lat="50.1959330" lon="6.1420410">
    <ele>366.9</ele>
    <time>2025-09-12T13:55:05Z</time>
   </trkpt>
   <trkpt lat="50.1958170" lon="6.1415290">
    <ele>367.5</ele>
    <time>2025-09-12T13:55:12Z</time>
   </trkpt>
   <trkpt lat="50.1956910" lon="6.1409240">
    <ele>368.1</ele>
    <time>2025-09-12T13:55:20Z</time>
   </trkpt>
   <trkpt lat="50.1956780" lon="6.1408550">
    <ele>368.1</ele>
    <time>2025-09-12T13:55:21Z</time>
   </trkpt>
   <trkpt lat="50.1956170" lon="6.1405720">
    <ele>368.5</ele>
    <time>2025-09-12T13:55:25Z</time>
   </trkpt>
   <trkpt lat="50.1955760" lon="6.1404240">
    <ele>368.7</ele>
    <time>2025-09-12T13:55:27Z</time>
   </trkpt>
   <trkpt lat="50.1954730" lon="6.1400490">
    <ele>369.1</ele>
    <time>2025-09-12T13:55:32Z</time>
   </trkpt>
   <trkpt lat="50.1954280" lon="6.1399020">
    <ele>369.3</ele>
    <time>2025-09-12T13:55:34Z</time>
   </trkpt>
   <trkpt lat="50.1953820" lon="6.1397530">
    <ele>369.5</ele>
    <time>2025-09-12T13:55:36Z</time>
   </trkpt>
   <trkpt lat="50.1953390" lon="6.1396010">
    <ele>369.6</ele>
    <time>2025-09-12T13:55:38Z</time>
   </trkpt>
   <trkpt lat="50.1952380" lon="6.1393140">
    <ele>369.9</ele>
    <time>2025-09-12T13:55:42Z</time>
   </trkpt>
   <trkpt lat="50.1950940" lon="6.1388760">
    <ele>370.3</ele>
    <time>2025-09-12T13:55:48Z</time>
   </trkpt>
   <trkpt lat="50.1950490" lon="6.1387410">
    <ele>370.4</ele>
    <time>2025-09-12T13:55:50Z</time>
   </trkpt>
   <trkpt lat="50.1950030" lon="6.1386030">
    <ele>370.5</ele>
    <time>2025-09-12T13:55:52Z</time>
   </trkpt>
   <trkpt lat="50.1948860" lon="6.1382280">
    <ele>370.8</ele>
    <time>2025-09-12T13:55:57Z</time>
   </trkpt>
   <trkpt lat="50.1948610" lon="6.1381550">
    <ele>370.9</ele>
    <time>2025-09-12T13:55:58Z</time>
   </trkpt>
   <trkpt lat="50.1947350" lon="6.1376420">
    <ele>371.5</ele>
    <time>2025-09-12T13:56:05Z</time>
   </trkpt>
   <trkpt lat="50.1946740" lon="6.1374340">
    <ele>371.8</ele>
    <time>2025-09-12T13:56:08Z</time>
   </trkpt>
   <trkpt lat="50.1946400" lon="6.1372950">
    <ele>372.0</ele>
    <time>2025-09-12T13:56:10Z</time>
   </trkpt>
   <trkpt lat="50.1946230" lon="6.1372160">
    <ele>372.2</ele>
    <time>2025-09-12T13:56:11Z</time>
   </trkpt>
   <trkpt lat="50.1945910" lon="6.1370670">
    <ele>372.4</ele>
    <time>2025-09-12T13:56:13Z</time>
   </trkpt>
   <trkpt lat="50.1945310" lon="6.1368530">
    <ele>372.9</ele>
    <time>2025-09-12T13:56:16Z</time>
   </trkpt>
   <trkpt lat="50.1944450" lon="6.1365120">
    <ele>373.7</ele>
    <time>2025-09-12T13:56:21Z</time>
   </trkpt>
   <trkpt lat="50.1943270" lon="6.1361100">
    <ele>374.1</ele>
    <time>2025-09-12T13:56:28Z</time>
   </trkpt>
   <trkpt lat="50.1940750" lon="6.1353760">
    <ele>374.4</ele>
    <time>2025-09-12T13:56:39Z</time>
   </trkpt>
   <trkpt lat="50.1938590" lon="6.1347700">
    <ele>374.9</ele>
    <time>2025-09-12T13:56:48Z</time>
   </trkpt>
   <trkpt lat="50.1937610" lon="6.1344850">
    <ele>375.1</ele>
    <time>2025-09-12T13:56:52Z</time>
   </trkpt>
   <trkpt lat="50.1937000" lon="6.1342630">
    <ele>375.2</ele>
    <time>2025-09-12T13:56:55Z</time>
   </trkpt>
   <trkpt lat="50.1935790" lon="6.1338330">
    <ele>375.6</ele>
    <time>2025-09-12T13:57:01Z</time>
   </trkpt>
   <trkpt lat="50.1935410" lon="6.1336900">
    <ele>375.8</ele>
    <time>2025-09-12T13:57:03Z</time>
   </trkpt>
   <trkpt lat="50.1933950" lon="6.1331860">
    <ele>376.2</ele>
    <time>2025-09-12T13:57:10Z</time>
   </trkpt>
   <trkpt lat="50.1933370" lon="6.1329750">
    <ele>376.3</ele>
    <time>2025-09-12T13:57:13Z</time>
   </trkpt>
   <trkpt lat="50.1932960" lon="6.1328360">
    <ele>376.4</ele>
    <time>2025-09-12T13:57:15Z</time>
   </trkpt>
   <trkpt lat="50.1931900" lon="6.1325400">
    <ele>376.5</ele>
    <time>2025-09-12T13:57:20Z</time>
   </trkpt>
   <trkpt lat="50.1931620" lon="6.1324900">
    <ele>376.4</ele>
    <time>2025-09-12T13:57:21Z</time>
   </trkpt>
   <trkpt lat="50.1930320" lon="6.1322010">
    <ele>376.3</ele>
    <time>2025-09-12T13:57:25Z</time>
   </trkpt>
   <trkpt lat="50.1930020" lon="6.1321160">
    <ele>376.4</ele>
    <time>2025-09-12T13:57:26Z</time>
   </trkpt>
   <trkpt lat="50.1929600" lon="6.1318880">
    <ele>377.0</ele>
    <time>2025-09-12T13:57:29Z</time>
   </trkpt>
   <trkpt lat="50.1929330" lon="6.1317090">
    <ele>377.6</ele>
    <time>2025-09-12T13:57:33Z</time>
   </trkpt>
   <trkpt lat="50.1929340" lon="6.1317030">
    <ele>377.6</ele>
    <time>2025-09-12T13:57:34Z</time>
   </trkpt>
   <trkpt lat="50.1929630" lon="6.1315650">
    <ele>377.9</ele>
    <time>2025-09-12T13:57:49Z</time>
   </trkpt>
   <trkpt lat="50.1929570" lon="6.1315290">
    <ele>377.9</ele>
    <time>2025-09-12T13:57:50Z</time>
   </trkpt>
   <trkpt lat="50.1929060" lon="6.1312800">
    <ele>378.2</ele>
    <time>2025-09-12T13:57:55Z</time>
   </trkpt>
   <trkpt lat="50.1928900" lon="6.1312220">
    <ele>378.3</ele>
    <time>2025-09-12T13:57:56Z</time>
   </trkpt>
   <trkpt lat="50.1928400" lon="6.1310390">
    <ele>378.5</ele>
    <time>2025-09-12T13:57:59Z</time>
   </trkpt>
   <trkpt lat="50.1928260" lon="6.1309750">
    <ele>378.6</ele>
    <time>2025-09-12T13:58:00Z</time>
   </trkpt>
   <trkpt lat="50.1927210" lon="6.1304970">
    <ele>379.2</ele>
    <time>2025-09-12T13:58:07Z</time>
   </trkpt>
   <trkpt lat="50.1926870" lon="6.1303570">
    <ele>379.4</ele>
    <time>2025-09-12T13:58:09Z</time>
   </trkpt>
   <trkpt lat="50.1926560" lon="6.1302230">
    <ele>379.5</ele>
    <time>2025-09-12T13:58:11Z</time>
   </trkpt>
   <trkpt lat="50.1926360" lon="6.1301560">
    <ele>379.6</ele>
    <time>2025-09-12T13:58:12Z</time>
   </trkpt>
   <trkpt lat="50.1926180" lon="6.1300850">
    <ele>379.7</ele>
    <time>2025-09-12T13:58:13Z</time>
   </trkpt>
   <trkpt lat="50.1925560" lon="6.1297820">
    <ele>380.1</ele>
    <time>2025-09-12T13:58:17Z</time>
   </trkpt>
   <trkpt lat="50.1925240" lon="6.1296340">
    <ele>380.2</ele>
    <time>2025-09-12T13:58:19Z</time>
   </trkpt>
   <trkpt lat="50.1924700" lon="6.1293440">
    <ele>380.5</ele>
    <time>2025-09-12T13:58:23Z</time>
   </trkpt>
   <trkpt lat="50.1924080" lon="6.1290630">
    <ele>380.7</ele>
    <time>2025-09-12T13:58:27Z</time>
   </trkpt>
   <trkpt lat="50.1923720" lon="6.1288570">
    <ele>380.9</ele>
    <time>2025-09-12T13:58:30Z</time>
   </trkpt>
   <trkpt lat="50.1922940" lon="6.1283650">
    <ele>381.4</ele>
    <time>2025-09-12T13:58:37Z</time>
   </trkpt>
   <trkpt lat="50.1922110" lon="6.1277970">
    <ele>382.0</ele>
    <time>2025-09-12T13:58:45Z</time>
   </trkpt>
   <trkpt lat="50.1921330" lon="6.1271350">
    <ele>382.7</ele>
    <time>2025-09-12T13:58:54Z</time>
   </trkpt>
   <trkpt lat="50.1921180" lon="6.1269920">
    <ele>382.9</ele>
    <time>2025-09-12T13:58:56Z</time>
   </trkpt>
   <trkpt lat="50.1920970" lon="6.1266990">
    <ele>383.3</ele>
    <time>2025-09-12T13:59:00Z</time>
   </trkpt>
   <trkpt lat="50.1920890" lon="6.1266310">
    <ele>383.3</ele>
    <time>2025-09-12T13:59:01Z</time>
   </trkpt>
   <trkpt lat="50.1920540" lon="6.1264950">
    <ele>383.6</ele>
    <time>2025-09-12T13:59:03Z</time>
   </trkpt>
   <trkpt lat="50.1920380" lon="6.1264320">
    <ele>383.7</ele>
    <time>2025-09-12T13:59:04Z</time>
   </trkpt>
   <trkpt lat="50.1920190" lon="6.1262240">
    <ele>384.0</ele>
    <time>2025-09-12T13:59:07Z</time>
   </trkpt>
   <trkpt lat="50.1920020" lon="6.1260850">
    <ele>384.1</ele>
    <time>2025-09-12T13:59:09Z</time>
   </trkpt>
   <trkpt lat="50.1919570" lon="6.1255700">
    <ele>384.7</ele>
    <time>2025-09-12T13:59:16Z</time>
   </trkpt>
   <trkpt lat="50.1919520" lon="6.1254950">
    <ele>384.7</ele>
    <time>2025-09-12T13:59:17Z</time>
   </trkpt>
   <trkpt lat="50.1919210" lon="6.1251250">
    <ele>385.1</ele>
    <time>2025-09-12T13:59:22Z</time>
   </trkpt>
   <trkpt lat="50.1919060" lon="6.1249740">
    <ele>385.3</ele>
    <time>2025-09-12T13:59:24Z</time>
   </trkpt>
   <trkpt lat="50.1918660" lon="6.1246640">
    <ele>385.6</ele>
    <time>2025-09-12T13:59:28Z</time>
   </trkpt>
   <trkpt lat="50.1918450" lon="6.1245110">
    <ele>385.7</ele>
    <time>2025-09-12T13:59:30Z</time>
   </trkpt>
   <trkpt lat="50.1918130" lon="6.1242780">
    <ele>386.0</ele>
    <time>2025-09-12T13:59:33Z</time>
   </trkpt>
   <trkpt lat="50.1918020" lon="6.1240320">
    <ele>386.2</ele>
    <time>2025-09-12T13:59:36Z</time>
   </trkpt>
   <trkpt lat="50.1917930" lon="6.1238710">
    <ele>386.3</ele>
    <time>2025-09-12T13:59:38Z</time>
   </trkpt>
   <trkpt lat="50.1917940" lon="6.1237870">
    <ele>386.4</ele>
    <time>2025-09-12T13:59:39Z</time>
   </trkpt>
   <trkpt lat="50.1918120" lon="6.1234510">
    <ele>386.6</ele>
    <time>2025-09-12T13:59:43Z</time>
   </trkpt>
   <trkpt lat="50.1918430" lon="6.1228950">
    <ele>387.0</ele>
    <time>2025-09-12T13:59:50Z</time>
   </trkpt>
   <trkpt lat="50.1918570" lon="6.1227430">
    <ele>387.1</ele>
    <time>2025-09-12T13:59:52Z</time>
   </trkpt>
   <trkpt lat="50.1919100" lon="6.1224480">
    <ele>387.2</ele>
    <time>2025-09-12T13:59:56Z</time>
   </trkpt>
   <trkpt lat="50.1919930" lon="6.1220120">
    <ele>387.7</ele>
    <time>2025-09-12T14:00:02Z</time>
   </trkpt>
   <trkpt lat="50.1921250" lon="6.1215360">
    <ele>388.2</ele>
    <time>2025-09-12T14:00:09Z</time>
   </trkpt>
   <trkpt lat="50.1923360" lon="6.1210160">
    <ele>388.8</ele>
    <time>2025-09-12T14:00:17Z</time>
   </trkpt>
   <trkpt lat="50.1925930" lon="6.1205360">
    <ele>389.4</ele>
    <time>2025-09-12T14:00:25Z</time>
   </trkpt>
   <trkpt lat="50.1928920" lon="6.1201200">
    <ele>390.1</ele>
    <time>2025-09-12T14:00:33Z</time>
   </trkpt>
   <trkpt lat="50.1931540" lon="6.1198130">
    <ele>390.5</ele>
    <time>2025-09-12T14:00:40Z</time>
   </trkpt>
   <trkpt lat="50.1933980" lon="6.1195000">
    <ele>390.9</ele>
    <time>2025-09-12T14:00:47Z</time>
   </trkpt>
   <trkpt lat="50.1936980" lon="6.1191210">
    <ele>391.5</ele>
    <time>2025-09-12T14:00:55Z</time>
   </trkpt>
   <trkpt lat="50.1938780" lon="6.1188780">
    <ele>392.1</ele>
    <time>2025-09-12T14:01:00Z</time>
   </trkpt>
   <trkpt lat="50.1941050" lon="6.1185070">
    <ele>392.6</ele>
    <time>2025-09-12T14:01:07Z</time>
   </trkpt>
   <trkpt lat="50.1943130" lon="6.1180940">
    <ele>393.2</ele>
    <time>2025-09-12T14:01:14Z</time>
   </trkpt>
   <trkpt lat="50.1944100" lon="6.1178310">
    <ele>393.5</ele>
    <time>2025-09-12T14:01:18Z</time>
   </trkpt>
   <trkpt lat="50.1944580" lon="6.1177080">
    <ele>393.7</ele>
    <time>2025-09-12T14:01:20Z</time>
   </trkpt>
   <trkpt lat="50.1945440" lon="6.1174480">
    <ele>394.1</ele>
    <time>2025-09-12T14:01:24Z</time>
   </trkpt>
   <trkpt lat="50.1945620" lon="6.1173810">
    <ele>394.2</ele>
    <time>2025-09-12T14:01:25Z</time>
   </trkpt>
   <trkpt lat="50.1945810" lon="6.1173200">
    <ele>394.3</ele>
    <time>2025-09-12T14:01:26Z</time>
   </trkpt>
   <trkpt lat="50.1946180" lon="6.1171830">
    <ele>394.5</ele>
    <time>2025-09-12T14:01:28Z</time>
   </trkpt>
   <trkpt lat="50.1946590" lon="6.1170390">
    <ele>394.6</ele>
    <time>2025-09-12T14:01:30Z</time>
   </trkpt>
   <trkpt lat="50.1946980" lon="6.1169260">
    <ele>394.8</ele>
    <time>2025-09-12T14:01:32Z</time>
   </trkpt>
   <trkpt lat="50.1947320" lon="6.1168190">
    <ele>394.9</ele>
    <time>2025-09-12T14:01:34Z</time>
   </trkpt>
   <trkpt lat="50.1947490" lon="6.1166440">
    <ele>395.1</ele>
    <time>2025-09-12T14:01:36Z</time>
   </trkpt>
   <trkpt lat="50.1947770" lon="6.1160440">
    <ele>395.7</ele>
    <time>2025-09-12T14:01:43Z</time>
   </trkpt>
   <trkpt lat="50.1947670" lon="6.1154610">
    <ele>396.2</ele>
    <time>2025-09-12T14:01:50Z</time>
   </trkpt>
   <trkpt lat="50.1947460" lon="6.1148130">
    <ele>396.7</ele>
    <time>2025-09-12T14:01:58Z</time>
   </trkpt>
   <trkpt lat="50.1947120" lon="6.1141440">
    <ele>397.2</ele>
    <time>2025-09-12T14:02:06Z</time>
   </trkpt>
   <trkpt lat="50.1947030" lon="6.1140640">
    <ele>397.3</ele>
    <time>2025-09-12T14:02:07Z</time>
   </trkpt>
   <trkpt lat="50.1946790" lon="6.1137520">
    <ele>397.7</ele>
    <time>2025-09-12T14:02:11Z</time>
   </trkpt>
   <trkpt lat="50.1946650" lon="6.1131190">
    <ele>398.2</ele>
    <time>2025-09-12T14:02:19Z</time>
   </trkpt>
   <trkpt lat="50.1946580" lon="6.1130410">
    <ele>398.3</ele>
    <time>2025-09-12T14:02:20Z</time>
   </trkpt>
   <trkpt lat="50.1946500" lon="6.1128790">
    <ele>398.5</ele>
    <time>2025-09-12T14:02:22Z</time>
   </trkpt>
   <trkpt lat="50.1946460" lon="6.1127240">
    <ele>398.7</ele>
    <time>2025-09-12T14:02:24Z</time>
   </trkpt>
   <trkpt lat="50.1946440" lon="6.1126450">
    <ele>398.7</ele>
    <time>2025-09-12T14:02:25Z</time>
   </trkpt>
   <trkpt lat="50.1946300" lon="6.1121600">
    <ele>399.2</ele>
    <time>2025-09-12T14:02:31Z</time>
   </trkpt>
   <trkpt lat="50.1946100" lon="6.1116760">
    <ele>399.6</ele>
    <time>2025-09-12T14:02:37Z</time>
   </trkpt>
   <trkpt lat="50.1946030" lon="6.1115970">
    <ele>399.7</ele>
    <time>2025-09-12T14:02:38Z</time>
   </trkpt>
   <trkpt lat="50.1945560" lon="6.1109630">
    <ele>400.3</ele>
    <time>2025-09-12T14:02:46Z</time>
   </trkpt>
   <trkpt lat="50.1944700" lon="6.1103590">
    <ele>401.1</ele>
    <time>2025-09-12T14:02:54Z</time>
   </trkpt>
   <trkpt lat="50.1944190" lon="6.1100660">
    <ele>401.4</ele>
    <time>2025-09-12T14:02:58Z</time>
   </trkpt>
   <trkpt lat="50.1943780" lon="6.1098440">
    <ele>401.6</ele>
    <time>2025-09-12T14:03:01Z</time>
   </trkpt>
   <trkpt lat="50.1943680" lon="6.1097680">
    <ele>401.7</ele>
    <time>2025-09-12T14:03:02Z</time>
   </trkpt>
   <trkpt lat="50.1943140" lon="6.1094650">
    <ele>402.1</ele>
    <time>2025-09-12T14:03:06Z</time>
   </trkpt>
   <trkpt lat="50.1942520" lon="6.1091000">
    <ele>402.5</ele>
    <time>2025-09-12T14:03:11Z</time>
   </trkpt>
   <trkpt lat="50.1941830" lon="6.1086630">
    <ele>402.9</ele>
    <time>2025-09-12T14:03:17Z</time>
   </trkpt>
   <trkpt lat="50.1941220" lon="6.1083200">
    <ele>403.3</ele>
    <time>2025-09-12T14:03:22Z</time>
   </trkpt>
   <trkpt lat="50.1941100" lon="6.1082500">
    <ele>403.4</ele>
    <time>2025-09-12T14:03:23Z</time>
   </trkpt>
   <trkpt lat="50.1940320" lon="6.1077860">
    <ele>404.0</ele>
    <time>2025-09-12T14:03:30Z</time>
   </trkpt>
   <trkpt lat="50.1940040" lon="6.1073940">
    <ele>404.4</ele>
    <time>2025-09-12T14:03:36Z</time>
   </trkpt>
   <trkpt lat="50.1940020" lon="6.1073260">
    <ele>404.4</ele>
    <time>2025-09-12T14:03:37Z</time>
   </trkpt>
   <trkpt lat="50.1940020" lon="6.1069810">
    <ele>404.8</ele>
    <time>2025-09-12T14:03:42Z</time>
   </trkpt>
   <trkpt lat="50.1939970" lon="6.1069120">
    <ele>404.9</ele>
    <time>2025-09-12T14:03:43Z</time>
   </trkpt>
   <trkpt lat="50.1939770" lon="6.1064890">
    <ele>405.4</ele>
    <time>2025-09-12T14:03:49Z</time>
   </trkpt>
   <trkpt lat="50.1939740" lon="6.1064170">
    <ele>405.5</ele>
    <time>2025-09-12T14:03:50Z</time>
   </trkpt>
   <trkpt lat="50.1939740" lon="6.1063490">
    <ele>405.6</ele>
    <time>2025-09-12T14:03:51Z</time>
   </trkpt>
   <trkpt lat="50.1939590" lon="6.1059010">
    <ele>406.1</ele>
    <time>2025-09-12T14:03:57Z</time>
   </trkpt>
   <trkpt lat="50.1939420" lon="6.1054450">
    <ele>406.6</ele>
    <time>2025-09-12T14:04:03Z</time>
   </trkpt>
   <trkpt lat="50.1939370" lon="6.1053690">
    <ele>406.7</ele>
    <time>2025-09-12T14:04:04Z</time>
   </trkpt>
   <trkpt lat="50.1939050" lon="6.1047580">
    <ele>407.4</ele>
    <time>2025-09-12T14:04:12Z</time>
   </trkpt>
   <trkpt lat="50.1938660" lon="6.1042410">
    <ele>407.9</ele>
    <time>2025-09-12T14:04:19Z</time>
   </trkpt>
   <trkpt lat="50.1938660" lon="6.1040080">
    <ele>408.2</ele>
    <time>2025-09-12T14:04:22Z</time>
   </trkpt>
   <trkpt lat="50.1938570" lon="6.1037750">
    <ele>408.4</ele>
    <time>2025-09-12T14:04:25Z</time>
   </trkpt>
   <trkpt lat="50.1938540" lon="6.1036260">
    <ele>408.6</ele>
    <time>2025-09-12T14:04:27Z</time>
   </trkpt>
   <trkpt lat="50.1938440" lon="6.1033940">
    <ele>408.9</ele>
    <time>2025-09-12T14:04:30Z</time>
   </trkpt>
   <trkpt lat="50.1938470" lon="6.1029590">
    <ele>409.4</ele>
    <time>2025-09-12T14:04:36Z</time>
   </trkpt>
   <trkpt lat="50.1938500" lon="6.1028950">
    <ele>409.4</ele>
    <time>2025-09-12T14:04:37Z</time>
   </trkpt>
   <trkpt lat="50.1939220" lon="6.1023040">
    <ele>409.9</ele>
    <time>2025-09-12T14:04:45Z</time>
   </trkpt>
   <trkpt lat="50.1939580" lon="6.1021450">
    <ele>410.0</ele>
    <time>2025-09-12T14:04:47Z</time>
   </trkpt>
   <trkpt lat="50.1940270" lon="6.1018440">
    <ele>410.2</ele>
    <time>2025-09-12T14:04:51Z</time>
   </trkpt>
   <trkpt lat="50.1941120" lon="6.1015680">
    <ele>410.2</ele>
    <time>2025-09-12T14:04:55Z</time>
   </trkpt>
   <trkpt lat="50.1941340" lon="6.1015030">
    <ele>410.3</ele>
    <time>2025-09-12T14:04:56Z</time>
   </trkpt>
   <trkpt lat="50.1942730" lon="6.1011470">
    <ele>410.4</ele>
    <time>2025-09-12T14:05:01Z</time>
   </trkpt>
   <trkpt lat="50.1945320" lon="6.1006030">
    <ele>411.0</ele>
    <time>2025-09-12T14:05:09Z</time>
   </trkpt>
   <trkpt lat="50.1946310" lon="6.1004370">
    <ele>411.3</ele>
    <time>2025-09-12T14:05:12Z</time>
   </trkpt>
   <trkpt lat="50.1946930" lon="6.1003510">
    <ele>411.4</ele>
    <time>2025-09-12T14:05:14Z</time>
   </trkpt>
   <trkpt lat="50.1948260" lon="6.1001650">
    <ele>411.8</ele>
    <time>2025-09-12T14:05:19Z</time>
   </trkpt>
   <trkpt lat="50.1949260" lon="6.1000470">
    <ele>412.1</ele>
    <time>2025-09-12T14:05:24Z</time>
   </trkpt>
   <trkpt lat="50.1949330" lon="6.1000390">
    <ele>412.1</ele>
    <time>2025-09-12T14:05:25Z</time>
   </trkpt>
   <trkpt lat="50.1949820" lon="6.0999600">
    <ele>412.2</ele>
    <time>2025-09-12T14:06:55Z</time>
   </trkpt>
   <trkpt lat="50.1950120" lon="6.0999250">
    <ele>412.3</ele>
    <time>2025-09-12T14:06:57Z</time>
   </trkpt>
   <trkpt lat="50.1951070" lon="6.0998190">
    <ele>412.5</ele>
    <time>2025-09-12T14:07:02Z</time>
   </trkpt>
   <trkpt lat="50.1951270" lon="6.0997930">
    <ele>412.6</ele>
    <time>2025-09-12T14:07:03Z</time>
   </trkpt>
   <trkpt lat="50.1951990" lon="6.0997300">
    <ele>412.7</ele>
    <time>2025-09-12T14:07:05Z</time>
   </trkpt>
   <trkpt lat="50.1953970" lon="6.0995650">
    <ele>413.1</ele>
    <time>2025-09-12T14:07:10Z</time>
   </trkpt>
   <trkpt lat="50.1954840" lon="6.0995040">
    <ele>413.3</ele>
    <time>2025-09-12T14:07:12Z</time>
   </trkpt>
   <trkpt lat="50.1955740" lon="6.0994530">
    <ele>413.5</ele>
    <time>2025-09-12T14:07:14Z</time>
   </trkpt>
   <trkpt lat="50.1956700" lon="6.0993980">
    <ele>413.6</ele>
    <time>2025-09-12T14:07:16Z</time>
   </trkpt>
   <trkpt lat="50.1958660" lon="6.0993070">
    <ele>413.9</ele>
    <time>2025-09-12T14:07:20Z</time>
   </trkpt>
   <trkpt lat="50.1959160" lon="6.0992920">
    <ele>413.9</ele>
    <time>2025-09-12T14:07:21Z</time>
   </trkpt>
   <trkpt lat="50.1961790" lon="6.0992130">
    <ele>414.2</ele>
    <time>2025-09-12T14:07:26Z</time>
   </trkpt>
   <trkpt lat="50.1964790" lon="6.0991570">
    <ele>414.7</ele>
    <time>2025-09-12T14:07:32Z</time>
   </trkpt>
   <trkpt lat="50.1965740" lon="6.0991410">
    <ele>414.8</ele>
    <time>2025-09-12T14:07:34Z</time>
   </trkpt>
   <trkpt lat="50.1967660" lon="6.0990930">
    <ele>415.1</ele>
    <time>2025-09-12T14:07:38Z</time>
   </trkpt>
   <trkpt lat="50.1970960" lon="6.0989770">
    <ele>415.6</ele>
    <time>2025-09-12T14:07:44Z</time>
   </trkpt>
   <trkpt lat="50.1971480" lon="6.0989500">
    <ele>415.7</ele>
    <time>2025-09-12T14:07:45Z</time>
   </trkpt>
   <trkpt lat="50.1973520" lon="6.0988280">
    <ele>415.8</ele>
    <time>2025-09-12T14:07:49Z</time>
   </trkpt>
   <trkpt lat="50.1977960" lon="6.0984840">
    <ele>416.5</ele>
    <time>2025-09-12T14:07:58Z</time>
   </trkpt>
   <trkpt lat="50.1978400" lon="6.0984410">
    <ele>416.6</ele>
    <time>2025-09-12T14:07:59Z</time>
   </trkpt>
   <trkpt lat="50.1980050" lon="6.0982790">
    <ele>417.0</ele>
    <time>2025-09-12T14:08:03Z</time>
   </trkpt>
   <trkpt lat="50.1982750" lon="6.0979440">
    <ele>417.7</ele>
    <time>2025-09-12T14:08:10Z</time>
   </trkpt>
   <trkpt lat="50.1983470" lon="6.0978460">
    <ele>417.9</ele>
    <time>2025-09-12T14:08:12Z</time>
   </trkpt>
   <trkpt lat="50.1984210" lon="6.0977540">
    <ele>418.0</ele>
    <time>2025-09-12T14:08:14Z</time>
   </trkpt>
   <trkpt lat="50.1984870" lon="6.0976390">
    <ele>418.2</ele>
    <time>2025-09-12T14:08:16Z</time>
   </trkpt>
   <trkpt lat="50.1985820" lon="6.0974830">
    <ele>418.4</ele>
    <time>2025-09-12T14:08:19Z</time>
   </trkpt>
   <trkpt lat="50.1986460" lon="6.0973930">
    <ele>418.6</ele>
    <time>2025-09-12T14:08:21Z</time>
   </trkpt>
   <trkpt lat="50.1986740" lon="6.0973340">
    <ele>418.6</ele>
    <time>2025-09-12T14:08:22Z</time>
   </trkpt>
   <trkpt lat="50.1987540" lon="6.0971330">
    <ele>418.9</ele>
    <time>2025-09-12T14:08:25Z</time>
   </trkpt>
   <trkpt lat="50.1988650" lon="6.0967640">
    <ele>419.3</ele>
    <time>2025-09-12T14:08:30Z</time>
   </trkpt>
   <trkpt lat="50.1988830" lon="6.0966900">
    <ele>419.4</ele>
    <time>2025-09-12T14:08:31Z</time>
   </trkpt>
   <trkpt lat="50.1990030" lon="6.0961470">
    <ele>419.9</ele>
    <time>2025-09-12T14:08:38Z</time>
   </trkpt>
   <trkpt lat="50.1990460" lon="6.0958210">
    <ele>420.2</ele>
    <time>2025-09-12T14:08:42Z</time>
   </trkpt>
   <trkpt lat="50.1990730" lon="6.0955780">
    <ele>420.5</ele>
    <time>2025-09-12T14:08:45Z</time>
   </trkpt>
   <trkpt lat="50.1991320" lon="6.0949850">
    <ele>421.1</ele>
    <time>2025-09-12T14:08:52Z</time>
   </trkpt>
   <trkpt lat="50.1991420" lon="6.0946540">
    <ele>421.2</ele>
    <time>2025-09-12T14:08:56Z</time>
   </trkpt>
   <trkpt lat="50.1991220" lon="6.0944800">
    <ele>421.2</ele>
    <time>2025-09-12T14:08:58Z</time>
   </trkpt>
   <trkpt lat="50.1990380" lon="6.0939320">
    <ele>421.1</ele>
    <time>2025-09-12T14:09:04Z</time>
   </trkpt>
   <trkpt lat="50.1989000" lon="6.0931680">
    <ele>420.5</ele>
    <time>2025-09-12T14:09:12Z</time>
   </trkpt>
   <trkpt lat="50.1987860" lon="6.0924520">
    <ele>420.3</ele>
    <time>2025-09-12T14:09:19Z</time>
   </trkpt>
   <trkpt lat="50.1986870" lon="6.0917840">
    <ele>420.9</ele>
    <time>2025-09-12T14:09:26Z</time>
   </trkpt>
   <trkpt lat="50.1985780" lon="6.0911440">
    <ele>421.4</ele>
    <time>2025-09-12T14:09:33Z</time>
   </trkpt>
   <trkpt lat="50.1984560" lon="6.0905570">
    <ele>422.5</ele>
    <time>2025-09-12T14:09:40Z</time>
   </trkpt>
   <trkpt lat="50.1983600" lon="6.0900660">
    <ele>423.4</ele>
    <time>2025-09-12T14:09:46Z</time>
   </trkpt>
   <trkpt lat="50.1982900" lon="6.0896650">
    <ele>424.1</ele>
    <time>2025-09-12T14:09:51Z</time>
   </trkpt>
   <trkpt lat="50.1982080" lon="6.0891750">
    <ele>424.7</ele>
    <time>2025-09-12T14:09:57Z</time>
   </trkpt>
   <trkpt lat="50.1981930" lon="6.0890940">
    <ele>424.8</ele>
    <time>2025-09-12T14:09:58Z</time>
   </trkpt>
   <trkpt lat="50.1981260" lon="6.0886890">
    <ele>425.3</ele>
    <time>2025-09-12T14:10:03Z</time>
   </trkpt>
   <trkpt lat="50.1980610" lon="6.0882990">
    <ele>425.7</ele>
    <time>2025-09-12T14:10:08Z</time>
   </trkpt>
   <trkpt lat="50.1980410" lon="6.0882210">
    <ele>425.7</ele>
    <time>2025-09-12T14:10:09Z</time>
   </trkpt>
   <trkpt lat="50.1979930" lon="6.0879790">
    <ele>425.9</ele>
    <time>2025-09-12T14:10:12Z</time>
   </trkpt>
   <trkpt lat="50.1978690" lon="6.0875330">
    <ele>426.4</ele>
    <time>2025-09-12T14:10:18Z</time>
   </trkpt>
   <trkpt lat="50.1978160" lon="6.0873410">
    <ele>426.6</ele>
    <time>2025-09-12T14:10:21Z</time>
   </trkpt>
   <trkpt lat="50.1977770" lon="6.0872120">
    <ele>426.8</ele>
    <time>2025-09-12T14:10:23Z</time>
   </trkpt>
   <trkpt lat="50.1977400" lon="6.0870780">
    <ele>427.0</ele>
    <time>2025-09-12T14:10:25Z</time>
   </trkpt>
   <trkpt lat="50.1976570" lon="6.0868220">
    <ele>427.2</ele>
    <time>2025-09-12T14:10:29Z</time>
   </trkpt>
   <trkpt lat="50.1974670" lon="6.0863800">
    <ele>427.6</ele>
    <time>2025-09-12T14:10:36Z</time>
   </trkpt>
   <trkpt lat="50.1972520" lon="6.0859040">
    <ele>428.0</ele>
    <time>2025-09-12T14:10:43Z</time>
   </trkpt>
   <trkpt lat="50.1970050" lon="6.0854930">
    <ele>428.7</ele>
    <time>2025-09-12T14:10:50Z</time>
   </trkpt>
   <trkpt lat="50.1966240" lon="6.0849590">
    <ele>429.5</ele>
    <time>2025-09-12T14:11:00Z</time>
   </trkpt>
   <trkpt lat="50.1963450" lon="6.0846150">
    <ele>430.0</ele>
    <time>2025-09-12T14:11:07Z</time>
   </trkpt>
   <trkpt lat="50.1961790" lon="6.0844170">
    <ele>430.3</ele>
    <time>2025-09-12T14:11:11Z</time>
   </trkpt>
   <trkpt lat="50.1958600" lon="6.0840460">
    <ele>431.0</ele>
    <time>2025-09-12T14:11:19Z</time>
   </trkpt>
   <trkpt lat="50.1955710" lon="6.0836890">
    <ele>431.5</ele>
    <time>2025-09-12T14:11:26Z</time>
   </trkpt>
   <trkpt lat="50.1952100" lon="6.0832380">
    <ele>432.3</ele>
    <time>2025-09-12T14:11:35Z</time>
   </trkpt>
   <trkpt lat="50.1949070" lon="6.0828380">
    <ele>433.0</ele>
    <time>2025-09-12T14:11:43Z</time>
   </trkpt>
   <trkpt lat="50.1946410" lon="6.0824820">
    <ele>433.5</ele>
    <time>2025-09-12T14:11:50Z</time>
   </trkpt>
   <trkpt lat="50.1946010" lon="6.0824310">
    <ele>433.5</ele>
    <time>2025-09-12T14:11:51Z</time>
   </trkpt>
   <trkpt lat="50.1943900" lon="6.0821530">
    <ele>433.9</ele>
    <time>2025-09-12T14:11:57Z</time>
   </trkpt>
   <trkpt lat="50.1943590" lon="6.0821050">
    <ele>434.0</ele>
    <time>2025-09-12T14:11:58Z</time>
   </trkpt>
   <trkpt lat="50.1941730" lon="6.0818130">
    <ele>434.4</ele>
    <time>2025-09-12T14:12:04Z</time>
   </trkpt>
   <trkpt lat="50.1939880" lon="6.0814260">
    <ele>434.9</ele>
    <time>2025-09-12T14:12:11Z</time>
   </trkpt>
   <trkpt lat="50.1937840" lon="6.0808150">
    <ele>435.5</ele>
    <time>2025-09-12T14:12:21Z</time>
   </trkpt>
   <trkpt lat="50.1936420" lon="6.0801650">
    <ele>436.3</ele>
    <time>2025-09-12T14:12:31Z</time>
   </trkpt>
   <trkpt lat="50.1935100" lon="6.0795720">
    <ele>437.0</ele>
    <time>2025-09-12T14:12:40Z</time>
   </trkpt>
   <trkpt lat="50.1933790" lon="6.0789490">
    <ele>437.7</ele>
    <time>2025-09-12T14:12:49Z</time>
   </trkpt>
   <trkpt lat="50.1932340" lon="6.0782990">
    <ele>438.4</ele>
    <time>2025-09-12T14:12:59Z</time>
   </trkpt>
   <trkpt lat="50.1930770" lon="6.0776460">
    <ele>439.0</ele>
    <time>2025-09-12T14:13:09Z</time>
   </trkpt>
   <trkpt lat="50.1929670" lon="6.0771910">
    <ele>439.4</ele>
    <time>2025-09-12T14:13:16Z</time>
   </trkpt>
   <trkpt lat="50.1929490" lon="6.0771280">
    <ele>439.5</ele>
    <time>2025-09-12T14:13:17Z</time>
   </trkpt>
   <trkpt lat="50.1928390" lon="6.0768160">
    <ele>439.9</ele>
    <time>2025-09-12T14:13:22Z</time>
   </trkpt>
   <trkpt lat="50.1927520" lon="6.0765980">
    <ele>440.2</ele>
    <time>2025-09-12T14:13:26Z</time>
   </trkpt>
   <trkpt lat="50.1927030" lon="6.0764810">
    <ele>440.3</ele>
    <time>2025-09-12T14:13:28Z</time>
   </trkpt>
   <trkpt lat="50.1924840" lon="6.0760710">
    <ele>440.9</ele>
    <time>2025-09-12T14:13:36Z</time>
   </trkpt>
   <trkpt lat="50.1924210" lon="6.0759770">
    <ele>441.0</ele>
    <time>2025-09-12T14:13:38Z</time>
   </trkpt>
   <trkpt lat="50.1922660" lon="6.0757710">
    <ele>441.3</ele>
    <time>2025-09-12T14:13:43Z</time>
   </trkpt>
   <trkpt lat="50.1921400" lon="6.0755990">
    <ele>441.6</ele>
    <time>2025-09-12T14:13:47Z</time>
   </trkpt>
   <trkpt lat="50.1920390" lon="6.0754840">
    <ele>441.8</ele>
    <time>2025-09-12T14:13:50Z</time>
   </trkpt>
   <trkpt lat="50.1918270" lon="6.0752620">
    <ele>442.1</ele>
    <time>2025-09-12T14:13:56Z</time>
   </trkpt>
   <trkpt lat="50.1917060" lon="6.0751570">
    <ele>442.3</ele>
    <time>2025-09-12T14:13:59Z</time>
   </trkpt>
   <trkpt lat="50.1915460" lon="6.0750570">
    <ele>442.5</ele>
    <time>2025-09-12T14:14:03Z</time>
   </trkpt>
   <trkpt lat="50.1915080" lon="6.0750270">
    <ele>442.5</ele>
    <time>2025-09-12T14:14:04Z</time>
   </trkpt>
   <trkpt lat="50.1913560" lon="6.0749450">
    <ele>442.8</ele>
    <time>2025-09-12T14:14:08Z</time>
   </trkpt>
   <trkpt lat="50.1912100" lon="6.0748600">
    <ele>443.0</ele>
    <time>2025-09-12T14:14:12Z</time>
   </trkpt>
   <trkpt lat="50.1911690" lon="6.0748460">
    <ele>443.1</ele>
    <time>2025-09-12T14:14:13Z</time>
   </trkpt>
   <trkpt lat="50.1908810" lon="6.0747680">
    <ele>443.7</ele>
    <time>2025-09-12T14:14:20Z</time>
   </trkpt>
   <trkpt lat="50.1906320" lon="6.0747320">
    <ele>444.2</ele>
    <time>2025-09-12T14:14:26Z</time>
   </trkpt>
   <trkpt lat="50.1905880" lon="6.0747320">
    <ele>444.3</ele>
    <time>2025-09-12T14:14:27Z</time>
   </trkpt>
   <trkpt lat="50.1903620" lon="6.0747240">
    <ele>444.6</ele>
    <time>2025-09-12T14:14:32Z</time>
   </trkpt>
   <trkpt lat="50.1899890" lon="6.0747420">
    <ele>445.4</ele>
    <time>2025-09-12T14:14:40Z</time>
   </trkpt>
   <trkpt lat="50.1898290" lon="6.0747580">
    <ele>445.6</ele>
    <time>2025-09-12T14:14:44Z</time>
   </trkpt>
   <trkpt lat="50.1895370" lon="6.0747860">
    <ele>446.0</ele>
    <time>2025-09-12T14:14:51Z</time>
   </trkpt>
   <trkpt lat="50.1892790" lon="6.0748080">
    <ele>446.3</ele>
    <time>2025-09-12T14:14:57Z</time>
   </trkpt>
   <trkpt lat="50.1889260" lon="6.0748020">
    <ele>446.9</ele>
    <time>2025-09-12T14:15:04Z</time>
   </trkpt>
   <trkpt lat="50.1888350" lon="6.0747850">
    <ele>447.1</ele>
    <time>2025-09-12T14:15:06Z</time>
   </trkpt>
   <trkpt lat="50.1886960" lon="6.0747810">
    <ele>447.5</ele>
    <time>2025-09-12T14:15:09Z</time>
   </trkpt>
   <trkpt lat="50.1885490" lon="6.0747970">
    <ele>447.9</ele>
    <time>2025-09-12T14:15:12Z</time>
   </trkpt>
   <trkpt lat="50.1884550" lon="6.0748140">
    <ele>448.1</ele>
    <time>2025-09-12T14:15:14Z</time>
   </trkpt>
   <trkpt lat="50.1884030" lon="6.0748150">
    <ele>448.2</ele>
    <time>2025-09-12T14:15:15Z</time>
   </trkpt>
   <trkpt lat="50.1883060" lon="6.0748220">
    <ele>448.4</ele>
    <time>2025-09-12T14:15:17Z</time>
   </trkpt>
   <trkpt lat="50.1881550" lon="6.0748260">
    <ele>448.7</ele>
    <time>2025-09-12T14:15:20Z</time>
   </trkpt>
   <trkpt lat="50.1878470" lon="6.0748380">
    <ele>449.2</ele>
    <time>2025-09-12T14:15:26Z</time>
   </trkpt>
   <trkpt lat="50.1876960" lon="6.0748320">
    <ele>449.3</ele>
    <time>2025-09-12T14:15:29Z</time>
   </trkpt>
   <trkpt lat="50.1875980" lon="6.0748130">
    <ele>449.4</ele>
    <time>2025-09-12T14:15:31Z</time>
   </trkpt>
   <trkpt lat="50.1872870" lon="6.0747920">
    <ele>449.8</ele>
    <time>2025-09-12T14:15:37Z</time>
   </trkpt>
   <trkpt lat="50.1870260" lon="6.0747070">
    <ele>450.0</ele>
    <time>2025-09-12T14:15:42Z</time>
   </trkpt>
   <trkpt lat="50.1869280" lon="6.0746610">
    <ele>450.1</ele>
    <time>2025-09-12T14:15:44Z</time>
   </trkpt>
   <trkpt lat="50.1866950" lon="6.0745360">
    <ele>450.3</ele>
    <time>2025-09-12T14:15:49Z</time>
   </trkpt>
   <trkpt lat="50.1864630" lon="6.0743780">
    <ele>450.6</ele>
    <time>2025-09-12T14:15:54Z</time>
   </trkpt>
   <trkpt lat="50.1862530" lon="6.0741890">
    <ele>451.2</ele>
    <time>2025-09-12T14:16:00Z</time>
   </trkpt>
   <trkpt lat="50.1861380" lon="6.0740690">
    <ele>451.5</ele>
    <time>2025-09-12T14:16:04Z</time>
   </trkpt>
   <trkpt lat="50.1859590" lon="6.0738400">
    <ele>451.8</ele>
    <time>2025-09-12T14:16:09Z</time>
   </trkpt>
   <trkpt lat="50.1857830" lon="6.0735790">
    <ele>452.2</ele>
    <time>2025-09-12T14:16:14Z</time>
   </trkpt>
   <trkpt lat="50.1856330" lon="6.0733130">
    <ele>452.7</ele>
    <time>2025-09-12T14:16:19Z</time>
   </trkpt>
   <trkpt lat="50.1854350" lon="6.0729160">
    <ele>453.0</ele>
    <time>2025-09-12T14:16:26Z</time>
   </trkpt>
   <trkpt lat="50.1853820" lon="6.0728030">
    <ele>453.1</ele>
    <time>2025-09-12T14:16:28Z</time>
   </trkpt>
   <trkpt lat="50.1852570" lon="6.0725110">
    <ele>453.5</ele>
    <time>2025-09-12T14:16:33Z</time>
   </trkpt>
   <trkpt lat="50.1852120" lon="6.0723920">
    <ele>453.6</ele>
    <time>2025-09-12T14:16:35Z</time>
   </trkpt>
   <trkpt lat="50.1851070" lon="6.0721560">
    <ele>454.0</ele>
    <time>2025-09-12T14:16:39Z</time>
   </trkpt>
   <trkpt lat="50.1848480" lon="6.0716120">
    <ele>454.7</ele>
    <time>2025-09-12T14:16:48Z</time>
   </trkpt>
   <trkpt lat="50.1845520" lon="6.0711140">
    <ele>455.4</ele>
    <time>2025-09-12T14:16:57Z</time>
   </trkpt>
   <trkpt lat="50.1842990" lon="6.0707520">
    <ele>455.7</ele>
    <time>2025-09-12T14:17:04Z</time>
   </trkpt>
   <trkpt lat="50.1839910" lon="6.0703430">
    <ele>456.2</ele>
    <time>2025-09-12T14:17:12Z</time>
   </trkpt>
   <trkpt lat="50.1837410" lon="6.0699930">
    <ele>456.9</ele>
    <time>2025-09-12T14:17:19Z</time>
   </trkpt>
   <trkpt lat="50.1835140" lon="6.0696940">
    <ele>457.5</ele>
    <time>2025-09-12T14:17:25Z</time>
   </trkpt>
   <trkpt lat="50.1834510" lon="6.0695920">
    <ele>457.6</ele>
    <time>2025-09-12T14:17:27Z</time>
   </trkpt>
   <trkpt lat="50.1833290" lon="6.0694440">
    <ele>457.7</ele>
    <time>2025-09-12T14:17:30Z</time>
   </trkpt>
   <trkpt lat="50.1832430" lon="6.0693370">
    <ele>457.9</ele>
    <time>2025-09-12T14:17:32Z</time>
   </trkpt>
   <trkpt lat="50.1830840" lon="6.0691250">
    <ele>458.2</ele>
    <time>2025-09-12T14:17:36Z</time>
   </trkpt>
   <trkpt lat="50.1828740" lon="6.0688600">
    <ele>458.7</ele>
    <time>2025-09-12T14:17:42Z</time>
   </trkpt>
   <trkpt lat="50.1825980" lon="6.0685170">
    <ele>459.4</ele>
    <time>2025-09-12T14:17:50Z</time>
   </trkpt>
   <trkpt lat="50.1824590" lon="6.0683170">
    <ele>459.7</ele>
    <time>2025-09-12T14:17:55Z</time>
   </trkpt>
   <trkpt lat="50.1824240" lon="6.0682730">
    <ele>459.7</ele>
    <time>2025-09-12T14:17:56Z</time>
   </trkpt>
   <trkpt lat="50.1823220" lon="6.0681390">
    <ele>459.9</ele>
    <time>2025-09-12T14:17:59Z</time>
   </trkpt>
   <trkpt lat="50.1822860" lon="6.0680960">
    <ele>460.0</ele>
    <time>2025-09-12T14:18:00Z</time>
   </trkpt>
   <trkpt lat="50.1820640" lon="6.0678200">
    <ele>460.4</ele>
    <time>2025-09-12T14:18:06Z</time>
   </trkpt>
   <trkpt lat="50.1820270" lon="6.0677720">
    <ele>460.5</ele>
    <time>2025-09-12T14:18:07Z</time>
   </trkpt>
   <trkpt lat="50.1818100" lon="6.0675000">
    <ele>460.9</ele>
    <time>2025-09-12T14:18:13Z</time>
   </trkpt>
   <trkpt lat="50.1815350" lon="6.0672220">
    <ele>461.3</ele>
    <time>2025-09-12T14:18:20Z</time>
   </trkpt>
   <trkpt lat="50.1814500" lon="6.0671340">
    <ele>461.3</ele>
    <time>2025-09-12T14:18:22Z</time>
   </trkpt>
   <trkpt lat="50.1813210" lon="6.0670350">
    <ele>461.3</ele>
    <time>2025-09-12T14:18:25Z</time>
   </trkpt>
   <trkpt lat="50.1808560" lon="6.0666880">
    <ele>461.9</ele>
    <time>2025-09-12T14:18:35Z</time>
   </trkpt>
   <trkpt lat="50.1804530" lon="6.0664330">
    <ele>463.0</ele>
    <time>2025-09-12T14:18:44Z</time>
   </trkpt>
   <trkpt lat="50.1800900" lon="6.0661730">
    <ele>464.0</ele>
    <time>2025-09-12T14:18:53Z</time>
   </trkpt>
   <trkpt lat="50.1799640" lon="6.0660840">
    <ele>464.3</ele>
    <time>2025-09-12T14:18:56Z</time>
   </trkpt>
   <trkpt lat="50.1798320" lon="6.0660100">
    <ele>464.5</ele>
    <time>2025-09-12T14:18:59Z</time>
   </trkpt>
   <trkpt lat="50.1795550" lon="6.0658380">
    <ele>464.8</ele>
    <time>2025-09-12T14:19:05Z</time>
   </trkpt>
   <trkpt lat="50.1794650" lon="6.0657760">
    <ele>464.8</ele>
    <time>2025-09-12T14:19:07Z</time>
   </trkpt>
   <trkpt lat="50.1791990" lon="6.0656070">
    <ele>464.9</ele>
    <time>2025-09-12T14:19:13Z</time>
   </trkpt>
   <trkpt lat="50.1789100" lon="6.0654330">
    <ele>464.9</ele>
    <time>2025-09-12T14:19:19Z</time>
   </trkpt>
   <trkpt lat="50.1786130" lon="6.0652460">
    <ele>465.0</ele>
    <time>2025-09-12T14:19:25Z</time>
   </trkpt>
   <trkpt lat="50.1781490" lon="6.0649850">
    <ele>465.0</ele>
    <time>2025-09-12T14:19:34Z</time>
   </trkpt>
   <trkpt lat="50.1776510" lon="6.0646940">
    <ele>465.2</ele>
    <time>2025-09-12T14:19:44Z</time>
   </trkpt>
   <trkpt lat="50.1775080" lon="6.0646050">
    <ele>465.1</ele>
    <time>2025-09-12T14:19:47Z</time>
   </trkpt>
   <trkpt lat="50.1773120" lon="6.0645100">
    <ele>465.1</ele>
    <time>2025-09-12T14:19:51Z</time>
   </trkpt>
   <trkpt lat="50.1769270" lon="6.0642970">
    <ele>464.9</ele>
    <time>2025-09-12T14:19:59Z</time>
   </trkpt>
   <trkpt lat="50.1766090" lon="6.0641490">
    <ele>465.1</ele>
    <time>2025-09-12T14:20:06Z</time>
   </trkpt>
   <trkpt lat="50.1764440" lon="6.0640870">
    <ele>465.6</ele>
    <time>2025-09-12T14:20:11Z</time>
   </trkpt>
   <trkpt lat="50.1764150" lon="6.0639780">
    <ele>465.6</ele>
    <time>2025-09-12T14:20:14Z</time>
   </trkpt>
   <trkpt lat="50.1763920" lon="6.0639400">
    <ele>465.6</ele>
    <time>2025-09-12T14:20:15Z</time>
   </trkpt>
   <trkpt lat="50.1762470" lon="6.0639040">
    <ele>465.6</ele>
    <time>2025-09-12T14:20:19Z</time>
   </trkpt>
   <trkpt lat="50.1760660" lon="6.0637940">
    <ele>465.6</ele>
    <time>2025-09-12T14:20:23Z</time>
   </trkpt>
   <trkpt lat="50.1757770" lon="6.0636190">
    <ele>465.4</ele>
    <time>2025-09-12T14:20:29Z</time>
   </trkpt>
   <trkpt lat="50.1755220" lon="6.0634750">
    <ele>465.4</ele>
    <time>2025-09-12T14:20:35Z</time>
   </trkpt>
   <trkpt lat="50.1752370" lon="6.0633070">
    <ele>465.6</ele>
    <time>2025-09-12T14:20:42Z</time>
   </trkpt>
   <trkpt lat="50.1748890" lon="6.0630980">
    <ele>466.0</ele>
    <time>2025-09-12T14:20:50Z</time>
   </trkpt>
   <trkpt lat="50.1745290" lon="6.0628590">
    <ele>466.5</ele>
    <time>2025-09-12T14:20:58Z</time>
   </trkpt>
   <trkpt lat="50.1742260" lon="6.0626450">
    <ele>467.0</ele>
    <time>2025-09-12T14:21:05Z</time>
   </trkpt>
   <trkpt lat="50.1741100" lon="6.0625430">
    <ele>467.3</ele>
    <time>2025-09-12T14:21:08Z</time>
   </trkpt>
   <trkpt lat="50.1740290" lon="6.0624640">
    <ele>467.4</ele>
    <time>2025-09-12T14:21:10Z</time>
   </trkpt>
   <trkpt lat="50.1737080" lon="6.0620830">
    <ele>468.1</ele>
    <time>2025-09-12T14:21:18Z</time>
   </trkpt>
   <trkpt lat="50.1735690" lon="6.0618800">
    <ele>468.5</ele>
    <time>2025-09-12T14:21:23Z</time>
   </trkpt>
   <trkpt lat="50.1735020" lon="6.0617600">
    <ele>468.7</ele>
    <time>2025-09-12T14:21:29Z</time>
   </trkpt>
   <trkpt lat="50.1734920" lon="6.0617420">
    <ele>468.7</ele>
    <time>2025-09-12T14:21:30Z</time>
   </trkpt>
   <trkpt lat="50.1733500" lon="6.0614370">
    <ele>469.2</ele>
    <time>2025-09-12T14:22:38Z</time>
   </trkpt>
   <trkpt lat="50.1733190" lon="6.0613580">
    <ele>469.3</ele>
    <time>2025-09-12T14:22:41Z</time>
   </trkpt>
   <trkpt lat="50.1732200" lon="6.0611170">
    <ele>469.5</ele>
    <time>2025-09-12T14:22:47Z</time>
   </trkpt>
   <trkpt lat="50.1731610" lon="6.0609640">
    <ele>469.6</ele>
    <time>2025-09-12T14:22:50Z</time>
   </trkpt>
   <trkpt lat="50.1731210" lon="6.0608450">
    <ele>469.7</ele>
    <time>2025-09-12T14:22:52Z</time>
   </trkpt>
   <trkpt lat="50.1731010" lon="6.0607880">
    <ele>469.8</ele>
    <time>2025-09-12T14:22:53Z</time>
   </trkpt>
   <trkpt lat="50.1730370" lon="6.0606080">
    <ele>470.0</ele>
    <time>2025-09-12T14:22:56Z</time>
   </trkpt>
   <trkpt lat="50.1730210" lon="6.0605430">
    <ele>470.1</ele>
    <time>2025-09-12T14:22:57Z</time>
   </trkpt>
   <trkpt lat="50.1729320" lon="6.0601450">
    <ele>470.5</ele>
    <time>2025-09-12T14:23:03Z</time>
   </trkpt>
   <trkpt lat="50.1728730" lon="6.0597920">
    <ele>470.8</ele>
    <time>2025-09-12T14:23:08Z</time>
   </trkpt>
   <trkpt lat="50.1728670" lon="6.0597120">
    <ele>470.8</ele>
    <time>2025-09-12T14:23:09Z</time>
   </trkpt>
   <trkpt lat="50.1728340" lon="6.0591480">
    <ele>471.0</ele>
    <time>2025-09-12T14:23:16Z</time>
   </trkpt>
   <trkpt lat="50.1728320" lon="6.0586970">
    <ele>471.8</ele>
    <time>2025-09-12T14:23:22Z</time>
   </trkpt>
   <trkpt lat="50.1728810" lon="6.0581790">
    <ele>472.5</ele>
    <time>2025-09-12T14:23:29Z</time>
   </trkpt>
   <trkpt lat="50.1729720" lon="6.0575560">
    <ele>473.2</ele>
    <time>2025-09-12T14:23:37Z</time>
   </trkpt>
   <trkpt lat="50.1730670" lon="6.0570510">
    <ele>473.7</ele>
    <time>2025-09-12T14:23:44Z</time>
   </trkpt>
   <trkpt lat="50.1731040" lon="6.0568560">
    <ele>474.0</ele>
    <time>2025-09-12T14:23:47Z</time>
   </trkpt>
   <trkpt lat="50.1731140" lon="6.0567920">
    <ele>474.1</ele>
    <time>2025-09-12T14:23:48Z</time>
   </trkpt>
   <trkpt lat="50.1731240" lon="6.0567300">
    <ele>474.2</ele>
    <time>2025-09-12T14:23:49Z</time>
   </trkpt>
   <trkpt lat="50.1731530" lon="6.0564670">
    <ele>474.5</ele>
    <time>2025-09-12T14:23:53Z</time>
   </trkpt>
   <trkpt lat="50.1731570" lon="6.0563960">
    <ele>474.6</ele>
    <time>2025-09-12T14:23:54Z</time>
   </trkpt>
   <trkpt lat="50.1731600" lon="6.0560330">
    <ele>474.9</ele>
    <time>2025-09-12T14:23:59Z</time>
   </trkpt>
   <trkpt lat="50.1731490" lon="6.0555700">
    <ele>475.5</ele>
    <time>2025-09-12T14:24:05Z</time>
   </trkpt>
   <trkpt lat="50.1731100" lon="6.0551900">
    <ele>475.8</ele>
    <time>2025-09-12T14:24:10Z</time>
   </trkpt>
   <trkpt lat="50.1730530" lon="6.0548370">
    <ele>476.1</ele>
    <time>2025-09-12T14:24:15Z</time>
   </trkpt>
   <trkpt lat="50.1729800" lon="6.0544660">
    <ele>476.5</ele>
    <time>2025-09-12T14:24:20Z</time>
   </trkpt>
   <trkpt lat="50.1729660" lon="6.0543910">
    <ele>476.6</ele>
    <time>2025-09-12T14:24:21Z</time>
   </trkpt>
   <trkpt lat="50.1729520" lon="6.0543170">
    <ele>476.7</ele>
    <time>2025-09-12T14:24:22Z</time>
   </trkpt>
   <trkpt lat="50.1729190" lon="6.0541740">
    <ele>476.9</ele>
    <time>2025-09-12T14:24:24Z</time>
   </trkpt>
   <trkpt lat="50.1728690" lon="6.0540360">
    <ele>477.0</ele>
    <time>2025-09-12T14:24:26Z</time>
   </trkpt>
   <trkpt lat="50.1727150" lon="6.0536400">
    <ele>477.5</ele>
    <time>2025-09-12T14:24:32Z</time>
   </trkpt>
   <trkpt lat="50.1725070" lon="6.0531880">
    <ele>477.9</ele>
    <time>2025-09-12T14:24:39Z</time>
   </trkpt>
   <trkpt lat="50.1724430" lon="6.0530620">
    <ele>478.0</ele>
    <time>2025-09-12T14:24:41Z</time>
   </trkpt>
   <trkpt lat="50.1723720" lon="6.0529420">
    <ele>478.1</ele>
    <time>2025-09-12T14:24:43Z</time>
   </trkpt>
   <trkpt lat="50.1722270" lon="6.0527220">
    <ele>478.2</ele>
    <time>2025-09-12T14:24:47Z</time>
   </trkpt>
   <trkpt lat="50.1721910" lon="6.0526690">
    <ele>478.2</ele>
    <time>2025-09-12T14:24:48Z</time>
   </trkpt>
   <trkpt lat="50.1719610" lon="6.0523190">
    <ele>478.5</ele>
    <time>2025-09-12T14:24:54Z</time>
   </trkpt>
   <trkpt lat="50.1717110" lon="6.0519740">
    <ele>478.9</ele>
    <time>2025-09-12T14:25:00Z</time>
   </trkpt>
   <trkpt lat="50.1714100" lon="6.0515120">
    <ele>479.8</ele>
    <time>2025-09-12T14:25:08Z</time>
   </trkpt>
   <trkpt lat="50.1710840" lon="6.0510160">
    <ele>480.6</ele>
    <time>2025-09-12T14:25:17Z</time>
   </trkpt>
   <trkpt lat="50.1708680" lon="6.0506890">
    <ele>481.3</ele>
    <time>2025-09-12T14:25:23Z</time>
   </trkpt>
   <trkpt lat="50.1707010" lon="6.0504450">
    <ele>481.8</ele>
    <time>2025-09-12T14:25:28Z</time>
   </trkpt>
   <trkpt lat="50.1706410" lon="6.0503440">
    <ele>481.9</ele>
    <time>2025-09-12T14:25:30Z</time>
   </trkpt>
   <trkpt lat="50.1704990" lon="6.0501400">
    <ele>482.2</ele>
    <time>2025-09-12T14:25:34Z</time>
   </trkpt>
   <trkpt lat="50.1703980" lon="6.0499810">
    <ele>482.4</ele>
    <time>2025-09-12T14:25:37Z</time>
   </trkpt>
   <trkpt lat="50.1701920" lon="6.0496660">
    <ele>482.6</ele>
    <time>2025-09-12T14:25:43Z</time>
   </trkpt>
   <trkpt lat="50.1701580" lon="6.0496140">
    <ele>482.6</ele>
    <time>2025-09-12T14:25:44Z</time>
   </trkpt>
   <trkpt lat="50.1700630" lon="6.0494610">
    <ele>482.8</ele>
    <time>2025-09-12T14:25:47Z</time>
   </trkpt>
   <trkpt lat="50.1699950" lon="6.0493610">
    <ele>482.9</ele>
    <time>2025-09-12T14:25:49Z</time>
   </trkpt>
   <trkpt lat="50.1697910" lon="6.0490390">
    <ele>483.2</ele>
    <time>2025-09-12T14:25:55Z</time>
   </trkpt>
   <trkpt lat="50.1697560" lon="6.0489860">
    <ele>483.2</ele>
    <time>2025-09-12T14:25:56Z</time>
   </trkpt>
   <trkpt lat="50.1695240" lon="6.0485810">
    <ele>483.7</ele>
    <time>2025-09-12T14:26:03Z</time>
   </trkpt>
   <trkpt lat="50.1693150" lon="6.0481560">
    <ele>484.4</ele>
    <time>2025-09-12T14:26:10Z</time>
   </trkpt>
   <trkpt lat="50.1692100" lon="6.0479630">
    <ele>484.8</ele>
    <time>2025-09-12T14:26:14Z</time>
   </trkpt>
   <trkpt lat="50.1690670" lon="6.0476180">
    <ele>485.4</ele>
    <time>2025-09-12T14:26:20Z</time>
   </trkpt>
   <trkpt lat="50.1690430" lon="6.0475510">
    <ele>485.5</ele>
    <time>2025-09-12T14:26:21Z</time>
   </trkpt>
   <trkpt lat="50.1688920" lon="6.0472220">
    <ele>485.9</ele>
    <time>2025-09-12T14:26:26Z</time>
   </trkpt>
   <trkpt lat="50.1688330" lon="6.0470910">
    <ele>486.1</ele>
    <time>2025-09-12T14:26:28Z</time>
   </trkpt>
   <trkpt lat="50.1687370" lon="6.0468330">
    <ele>486.5</ele>
    <time>2025-09-12T14:26:32Z</time>
   </trkpt>
   <trkpt lat="50.1686980" lon="6.0466990">
    <ele>486.6</ele>
    <time>2025-09-12T14:26:34Z</time>
   </trkpt>
   <trkpt lat="50.1686580" lon="6.0465730">
    <ele>486.8</ele>
    <time>2025-09-12T14:26:36Z</time>
   </trkpt>
   <trkpt lat="50.1685150" lon="6.0461870">
    <ele>487.1</ele>
    <time>2025-09-12T14:26:42Z</time>
   </trkpt>
   <trkpt lat="50.1684710" lon="6.0460530">
    <ele>487.3</ele>
    <time>2025-09-12T14:26:44Z</time>
   </trkpt>
   <trkpt lat="50.1684210" lon="6.0459320">
    <ele>487.4</ele>
    <time>2025-09-12T14:26:46Z</time>
   </trkpt>
   <trkpt lat="50.1683310" lon="6.0456520">
    <ele>487.6</ele>
    <time>2025-09-12T14:26:50Z</time>
   </trkpt>
   <trkpt lat="50.1683160" lon="6.0455870">
    <ele>487.6</ele>
    <time>2025-09-12T14:26:51Z</time>
   </trkpt>
   <trkpt lat="50.1682710" lon="6.0453840">
    <ele>488.0</ele>
    <time>2025-09-12T14:26:54Z</time>
   </trkpt>
   <trkpt lat="50.1682310" lon="6.0452530">
    <ele>488.3</ele>
    <time>2025-09-12T14:26:56Z</time>
   </trkpt>
   <trkpt lat="50.1681450" lon="6.0449280">
    <ele>489.2</ele>
    <time>2025-09-12T14:27:01Z</time>
   </trkpt>
   <trkpt lat="50.1680890" lon="6.0447420">
    <ele>489.8</ele>
    <time>2025-09-12T14:27:04Z</time>
   </trkpt>
   <trkpt lat="50.1680250" lon="6.0446660">
    <ele>490.2</ele>
    <time>2025-09-12T14:27:06Z</time>
   </trkpt>
   <trkpt lat="50.1678770" lon="6.0445940">
    <ele>490.7</ele>
    <time>2025-09-12T14:27:11Z</time>
   </trkpt>
   <trkpt lat="50.1677270" lon="6.0444550">
    <ele>492.1</ele>
    <time>2025-09-12T14:27:18Z</time>
   </trkpt>
   <trkpt lat="50.1676230" lon="6.0443810">
    <ele>493.1</ele>
    <time>2025-09-12T14:27:23Z</time>
   </trkpt>
   <trkpt lat="50.1674900" lon="6.0442390">
    <ele>494.7</ele>
    <time>2025-09-12T14:27:30Z</time>
   </trkpt>
   <trkpt lat="50.1674070" lon="6.0441910">
    <ele>495.6</ele>
    <time>2025-09-12T14:27:35Z</time>
   </trkpt>
   <trkpt lat="50.1673420" lon="6.0441480">
    <ele>496.3</ele>
    <time>2025-09-12T14:27:39Z</time>
   </trkpt>
   <trkpt lat="50.1672320" lon="6.0440690">
    <ele>497.4</ele>
    <time>2025-09-12T14:27:45Z</time>
   </trkpt>
   <trkpt lat="50.1671300" lon="6.0439950">
    <ele>498.4</ele>
    <time>2025-09-12T14:27:50Z</time>
   </trkpt>
   <trkpt lat="50.1670240" lon="6.0438880">
    <ele>499.5</ele>
    <time>2025-09-12T14:27:55Z</time>
   </trkpt>
   <trkpt lat="50.1668740" lon="6.0437420">
    <ele>501.2</ele>
    <time>2025-09-12T14:28:02Z</time>
   </trkpt>
   <trkpt lat="50.1667670" lon="6.0436320">
    <ele>502.6</ele>
    <time>2025-09-12T14:28:08Z</time>
   </trkpt>
   <trkpt lat="50.1666820" lon="6.0435460">
    <ele>503.8</ele>
    <time>2025-09-12T14:28:13Z</time>
   </trkpt>
   <trkpt lat="50.1666150" lon="6.0434830">
    <ele>504.9</ele>
    <time>2025-09-12T14:28:17Z</time>
   </trkpt>
   <trkpt lat="50.1665170" lon="6.0434060">
    <ele>506.4</ele>
    <time>2025-09-12T14:28:23Z</time>
   </trkpt>
   <trkpt lat="50.1664720" lon="6.0433710">
    <ele>507.2</ele>
    <time>2025-09-12T14:28:26Z</time>
   </trkpt>
   <trkpt lat="50.1663760" lon="6.0433130">
    <ele>508.6</ele>
    <time>2025-09-12T14:28:31Z</time>
   </trkpt>
   <trkpt lat="50.1663540" lon="6.0432970">
    <ele>508.9</ele>
    <time>2025-09-12T14:28:32Z</time>
   </trkpt>
   <trkpt lat="50.1662200" lon="6.0432170">
    <ele>510.6</ele>
    <time>2025-09-12T14:28:38Z</time>
   </trkpt>
   <trkpt lat="50.1660740" lon="6.0431350">
    <ele>512.0</ele>
    <time>2025-09-12T14:28:44Z</time>
   </trkpt>
   <trkpt lat="50.1659280" lon="6.0430680">
    <ele>513.2</ele>
    <time>2025-09-12T14:28:50Z</time>
   </trkpt>
   <trkpt lat="50.1657730" lon="6.0430000">
    <ele>514.5</ele>
    <time>2025-09-12T14:28:57Z</time>
   </trkpt>
   <trkpt lat="50.1657010" lon="6.0429670">
    <ele>515.1</ele>
    <time>2025-09-12T14:29:02Z</time>
   </trkpt>
   <trkpt lat="50.1655840" lon="6.0429240">
    <ele>516.0</ele>
    <time>2025-09-12T14:29:07Z</time>
   </trkpt>
   <trkpt lat="50.1654630" lon="6.0428700">
    <ele>516.8</ele>
    <time>2025-09-12T14:29:12Z</time>
   </trkpt>
   <trkpt lat="50.1653240" lon="6.0428110">
    <ele>517.5</ele>
    <time>2025-09-12T14:29:17Z</time>
   </trkpt>
   <trkpt lat="50.1651790" lon="6.0426850">
    <ele>518.1</ele>
    <time>2025-09-12T14:29:23Z</time>
   </trkpt>
   <trkpt lat="50.1650810" lon="6.0426100">
    <ele>518.3</ele>
    <time>2025-09-12T14:29:27Z</time>
   </trkpt>
   <trkpt lat="50.1649460" lon="6.0425130">
    <ele>518.5</ele>
    <time>2025-09-12T14:29:31Z</time>
   </trkpt>
   <trkpt lat="50.1648070" lon="6.0424030">
    <ele>518.8</ele>
    <time>2025-09-12T14:29:36Z</time>
   </trkpt>
   <trkpt lat="50.1646190" lon="6.0422240">
    <ele>519.0</ele>
    <time>2025-09-12T14:29:42Z</time>
   </trkpt>
   <trkpt lat="50.1644090" lon="6.0420000">
    <ele>519.1</ele>
    <time>2025-09-12T14:29:48Z</time>
   </trkpt>
   <trkpt lat="50.1642990" lon="6.0418450">
    <ele>519.2</ele>
    <time>2025-09-12T14:29:52Z</time>
   </trkpt>
   <trkpt lat="50.1641560" lon="6.0416350">
    <ele>519.2</ele>
    <time>2025-09-12T14:29:57Z</time>
   </trkpt>
   <trkpt lat="50.1640040" lon="6.0414340">
    <ele>519.5</ele>
    <time>2025-09-12T14:30:02Z</time>
   </trkpt>
   <trkpt lat="50.1639020" lon="6.0412970">
    <ele>519.7</ele>
    <time>2025-09-12T14:30:06Z</time>
   </trkpt>
   <trkpt lat="50.1637440" lon="6.0410860">
    <ele>520.1</ele>
    <time>2025-09-12T14:30:11Z</time>
   </trkpt>
   <trkpt lat="50.1636270" lon="6.0409230">
    <ele>520.4</ele>
    <time>2025-09-12T14:30:15Z</time>
   </trkpt>
   <trkpt lat="50.1635160" lon="6.0407480">
    <ele>520.9</ele>
    <time>2025-09-12T14:30:19Z</time>
   </trkpt>
   <trkpt lat="50.1632840" lon="6.0404490">
    <ele>522.1</ele>
    <time>2025-09-12T14:30:27Z</time>
   </trkpt>
   <trkpt lat="50.1630640" lon="6.0401670">
    <ele>523.6</ele>
    <time>2025-09-12T14:30:35Z</time>
   </trkpt>
   <trkpt lat="50.1627950" lon="6.0398650">
    <ele>525.5</ele>
    <time>2025-09-12T14:30:45Z</time>
   </trkpt>
   <trkpt lat="50.1626510" lon="6.0396490">
    <ele>526.5</ele>
    <time>2025-09-12T14:30:51Z</time>
   </trkpt>
   <trkpt lat="50.1625380" lon="6.0393800">
    <ele>527.3</ele>
    <time>2025-09-12T14:30:57Z</time>
   </trkpt>
   <trkpt lat="50.1623420" lon="6.0389250">
    <ele>528.5</ele>
    <time>2025-09-12T14:31:07Z</time>
   </trkpt>
   <trkpt lat="50.1621180" lon="6.0385970">
    <ele>529.3</ele>
    <time>2025-09-12T14:31:16Z</time>
   </trkpt>
   <trkpt lat="50.1619260" lon="6.0383710">
    <ele>530.1</ele>
    <time>2025-09-12T14:31:23Z</time>
   </trkpt>
   <trkpt lat="50.1617910" lon="6.0381230">
    <ele>530.7</ele>
    <time>2025-09-12T14:31:29Z</time>
   </trkpt>
   <trkpt lat="50.1616460" lon="6.0376550">
    <ele>531.7</ele>
    <time>2025-09-12T14:31:38Z</time>
   </trkpt>
   <trkpt lat="50.1614600" lon="6.0371240">
    <ele>533.3</ele>
    <time>2025-09-12T14:31:49Z</time>
   </trkpt>
   <trkpt lat="50.1612940" lon="6.0366230">
    <ele>535.5</ele>
    <time>2025-09-12T14:32:00Z</time>
   </trkpt>
   <trkpt lat="50.1611930" lon="6.0363110">
    <ele>537.1</ele>
    <time>2025-09-12T14:32:08Z</time>
   </trkpt>
   <trkpt lat="50.1611120" lon="6.0360600">
    <ele>538.6</ele>
    <time>2025-09-12T14:32:15Z</time>
   </trkpt>
   <trkpt lat="50.1610220" lon="6.0357900">
    <ele>540.3</ele>
    <time>2025-09-12T14:32:23Z</time>
   </trkpt>
   <trkpt lat="50.1609250" lon="6.0354870">
    <ele>542.3</ele>
    <time>2025-09-12T14:32:32Z</time>
   </trkpt>
   <trkpt lat="50.1608660" lon="6.0352060">
    <ele>544.0</ele>
    <time>2025-09-12T14:32:40Z</time>
   </trkpt>
   <trkpt lat="50.1608230" lon="6.0349510">
    <ele>545.4</ele>
    <time>2025-09-12T14:32:47Z</time>
   </trkpt>
   <trkpt lat="50.1607970" lon="6.0346390">
    <ele>546.8</ele>
    <time>2025-09-12T14:32:55Z</time>
   </trkpt>
   <trkpt lat="50.1607810" lon="6.0342820">
    <ele>548.1</ele>
    <time>2025-09-12T14:33:04Z</time>
   </trkpt>
   <trkpt lat="50.1607610" lon="6.0339310">
    <ele>549.2</ele>
    <time>2025-09-12T14:33:13Z</time>
   </trkpt>
   <trkpt lat="50.1607470" lon="6.0336280">
    <ele>549.9</ele>
    <time>2025-09-12T14:33:20Z</time>
   </trkpt>
   <trkpt lat="50.1607190" lon="6.0333330">
    <ele>550.5</ele>
    <time>2025-09-12T14:33:27Z</time>
   </trkpt>
   <trkpt lat="50.1606970" lon="6.0331090">
    <ele>550.8</ele>
    <time>2025-09-12T14:33:33Z</time>
   </trkpt>
   <trkpt lat="50.1606990" lon="6.0330840">
    <ele>550.8</ele>
    <time>2025-09-12T14:33:35Z</time>
   </trkpt>
   <trkpt lat="50.1606900" lon="6.0330340">
    <ele>550.9</ele>
    <time>2025-09-12T14:36:00Z</time>
   </trkpt>
   <trkpt lat="50.1606850" lon="6.0330080">
    <ele>550.9</ele>
    <time>2025-09-12T14:36:01Z</time>
   </trkpt>
   <trkpt lat="50.1606540" lon="6.0327670">
    <ele>551.0</ele>
    <time>2025-09-12T14:36:08Z</time>
   </trkpt>
   <trkpt lat="50.1605950" lon="6.0324570">
    <ele>551.1</ele>
    <time>2025-09-12T14:36:15Z</time>
   </trkpt>
   <trkpt lat="50.1605150" lon="6.0322810">
    <ele>551.3</ele>
    <time>2025-09-12T14:36:20Z</time>
   </trkpt>
   <trkpt lat="50.1604030" lon="6.0319570">
    <ele>550.8</ele>
    <time>2025-09-12T14:36:27Z</time>
   </trkpt>
   <trkpt lat="50.1604360" lon="6.0316380">
    <ele>550.3</ele>
    <time>2025-09-12T14:36:32Z</time>
   </trkpt>
   <trkpt lat="50.1604810" lon="6.0313350">
    <ele>549.7</ele>
    <time>2025-09-12T14:36:36Z</time>
   </trkpt>
   <trkpt lat="50.1605250" lon="6.0311170">
    <ele>549.3</ele>
    <time>2025-09-12T14:36:39Z</time>
   </trkpt>
   <trkpt lat="50.1605930" lon="6.0306820">
    <ele>548.4</ele>
    <time>2025-09-12T14:36:44Z</time>
   </trkpt>
   <trkpt lat="50.1606110" lon="6.0305940">
    <ele>548.2</ele>
    <time>2025-09-12T14:36:45Z</time>
   </trkpt>
   <trkpt lat="50.1606810" lon="6.0302610">
    <ele>547.5</ele>
    <time>2025-09-12T14:36:49Z</time>
   </trkpt>
   <trkpt lat="50.1607600" lon="6.0299170">
    <ele>546.7</ele>
    <time>2025-09-12T14:36:53Z</time>
   </trkpt>
   <trkpt lat="50.1608020" lon="6.0297520">
    <ele>546.4</ele>
    <time>2025-09-12T14:36:55Z</time>
   </trkpt>
   <trkpt lat="50.1608420" lon="6.0296010">
    <ele>546.1</ele>
    <time>2025-09-12T14:36:57Z</time>
   </trkpt>
   <trkpt lat="50.1608950" lon="6.0293290">
    <ele>545.4</ele>
    <time>2025-09-12T14:37:02Z</time>
   </trkpt>
   <trkpt lat="50.1608320" lon="6.0292300">
    <ele>545.3</ele>
    <time>2025-09-12T14:37:06Z</time>
   </trkpt>
   <trkpt lat="50.1607920" lon="6.0291980">
    <ele>545.3</ele>
    <time>2025-09-12T14:37:09Z</time>
   </trkpt>
   <trkpt lat="50.1607680" lon="6.0291930">
    <ele>545.3</ele>
    <time>2025-09-12T14:37:10Z</time>
   </trkpt>
   <trkpt lat="50.1604760" lon="6.0289850">
    <ele>545.0</ele>
    <time>2025-09-12T14:37:17Z</time>
   </trkpt>
   <trkpt lat="50.1603450" lon="6.0287710">
    <ele>544.8</ele>
    <time>2025-09-12T14:37:22Z</time>
   </trkpt>
   <trkpt lat="50.1602680" lon="6.0285680">
    <ele>544.3</ele>
    <time>2025-09-12T14:37:27Z</time>
   </trkpt>
   <trkpt lat="50.1601570" lon="6.0283230">
    <ele>543.2</ele>
    <time>2025-09-12T14:37:32Z</time>
   </trkpt>
   <trkpt lat="50.1601220" lon="6.0282710">
    <ele>542.9</ele>
    <time>2025-09-12T14:37:33Z</time>
   </trkpt>
   <trkpt lat="50.1600320" lon="6.0281850">
    <ele>542.5</ele>
    <time>2025-09-12T14:37:35Z</time>
   </trkpt>
   <trkpt lat="50.1599820" lon="6.0281520">
    <ele>542.2</ele>
    <time>2025-09-12T14:37:36Z</time>
   </trkpt>
   <trkpt lat="50.1599340" lon="6.0281360">
    <ele>542.1</ele>
    <time>2025-09-12T14:37:37Z</time>
   </trkpt>
   <trkpt lat="50.1598270" lon="6.0281450">
    <ele>541.7</ele>
    <time>2025-09-12T14:37:39Z</time>
   </trkpt>
   <trkpt lat="50.1595420" lon="6.0282170">
    <ele>540.7</ele>
    <time>2025-09-12T14:37:44Z</time>
   </trkpt>
   <trkpt lat="50.1594250" lon="6.0282360">
    <ele>540.2</ele>
    <time>2025-09-12T14:37:46Z</time>
   </trkpt>
   <trkpt lat="50.1592460" lon="6.0282140">
    <ele>539.5</ele>
    <time>2025-09-12T14:37:49Z</time>
   </trkpt>
   <trkpt lat="50.1588270" lon="6.0280950">
    <ele>537.6</ele>
    <time>2025-09-12T14:37:55Z</time>
   </trkpt>
   <trkpt lat="50.1585650" lon="6.0280080">
    <ele>536.6</ele>
    <time>2025-09-12T14:37:59Z</time>
   </trkpt>
   <trkpt lat="50.1584480" lon="6.0279140">
    <ele>535.9</ele>
    <time>2025-09-12T14:38:01Z</time>
   </trkpt>
   <trkpt lat="50.1583280" lon="6.0277920">
    <ele>534.9</ele>
    <time>2025-09-12T14:38:03Z</time>
   </trkpt>
   <trkpt lat="50.1582040" lon="6.0277060">
    <ele>534.0</ele>
    <time>2025-09-12T14:38:05Z</time>
   </trkpt>
   <trkpt lat="50.1580660" lon="6.0277130">
    <ele>533.0</ele>
    <time>2025-09-12T14:38:07Z</time>
   </trkpt>
   <trkpt lat="50.1579270" lon="6.0277990">
    <ele>531.9</ele>
    <time>2025-09-12T14:38:09Z</time>
   </trkpt>
   <trkpt lat="50.1578570" lon="6.0278570">
    <ele>531.3</ele>
    <time>2025-09-12T14:38:10Z</time>
   </trkpt>
   <trkpt lat="50.1574130" lon="6.0281210">
    <ele>526.9</ele>
    <time>2025-09-12T14:38:16Z</time>
   </trkpt>
   <trkpt lat="50.1572660" lon="6.0281420">
    <ele>525.7</ele>
    <time>2025-09-12T14:38:18Z</time>
   </trkpt>
   <trkpt lat="50.1572000" lon="6.0281350">
    <ele>525.2</ele>
    <time>2025-09-12T14:38:19Z</time>
   </trkpt>
   <trkpt lat="50.1570070" lon="6.0281110">
    <ele>523.9</ele>
    <time>2025-09-12T14:38:22Z</time>
   </trkpt>
   <trkpt lat="50.1569510" lon="6.0280820">
    <ele>523.5</ele>
    <time>2025-09-12T14:38:23Z</time>
   </trkpt>
   <trkpt lat="50.1569030" lon="6.0280470">
    <ele>523.2</ele>
    <time>2025-09-12T14:38:24Z</time>
   </trkpt>
   <trkpt lat="50.1567960" lon="6.0279860">
    <ele>522.6</ele>
    <time>2025-09-12T14:38:26Z</time>
   </trkpt>
   <trkpt lat="50.1567380" lon="6.0279780">
    <ele>522.3</ele>
    <time>2025-09-12T14:38:27Z</time>
   </trkpt>
   <trkpt lat="50.1566790" lon="6.0279840">
    <ele>522.0</ele>
    <time>2025-09-12T14:38:28Z</time>
   </trkpt>
   <trkpt lat="50.1564890" lon="6.0280030">
    <ele>521.2</ele>
    <time>2025-09-12T14:38:31Z</time>
   </trkpt>
   <trkpt lat="50.1563800" lon="6.0280010">
    <ele>520.8</ele>
    <time>2025-09-12T14:38:33Z</time>
   </trkpt>
   <trkpt lat="50.1563260" lon="6.0279960">
    <ele>520.6</ele>
    <time>2025-09-12T14:38:34Z</time>
   </trkpt>
   <trkpt lat="50.1562720" lon="6.0279710">
    <ele>520.4</ele>
    <time>2025-09-12T14:38:35Z</time>
   </trkpt>
   <trkpt lat="50.1561660" lon="6.0278570">
    <ele>519.9</ele>
    <time>2025-09-12T14:38:37Z</time>
   </trkpt>
   <trkpt lat="50.1561100" lon="6.0277960">
    <ele>519.7</ele>
    <time>2025-09-12T14:38:38Z</time>
   </trkpt>
   <trkpt lat="50.1560120" lon="6.0276560">
    <ele>519.4</ele>
    <time>2025-09-12T14:38:40Z</time>
   </trkpt>
   <trkpt lat="50.1558710" lon="6.0273830">
    <ele>519.4</ele>
    <time>2025-09-12T14:38:44Z</time>
   </trkpt>
   <trkpt lat="50.1558350" lon="6.0273290">
    <ele>519.4</ele>
    <time>2025-09-12T14:38:45Z</time>
   </trkpt>
   <trkpt lat="50.1557970" lon="6.0272740">
    <ele>519.5</ele>
    <time>2025-09-12T14:38:46Z</time>
   </trkpt>
   <trkpt lat="50.1556730" lon="6.0271490">
    <ele>519.6</ele>
    <time>2025-09-12T14:38:49Z</time>
   </trkpt>
   <trkpt lat="50.1555920" lon="6.0270590">
    <ele>519.7</ele>
    <time>2025-09-12T14:38:51Z</time>
   </trkpt>
   <trkpt lat="50.1554520" lon="6.0269170">
    <ele>519.9</ele>
    <time>2025-09-12T14:38:54Z</time>
   </trkpt>
   <trkpt lat="50.1551550" lon="6.0267320">
    <ele>520.9</ele>
    <time>2025-09-12T14:38:59Z</time>
   </trkpt>
   <trkpt lat="50.1548090" lon="6.0265080">
    <ele>522.6</ele>
    <time>2025-09-12T14:39:07Z</time>
   </trkpt>
   <trkpt lat="50.1546680" lon="6.0263000">
    <ele>523.4</ele>
    <time>2025-09-12T14:39:12Z</time>
   </trkpt>
   <trkpt lat="50.1545660" lon="6.0261720">
    <ele>524.0</ele>
    <time>2025-09-12T14:39:16Z</time>
   </trkpt>
   <trkpt lat="50.1544760" lon="6.0260590">
    <ele>524.5</ele>
    <time>2025-09-12T14:39:20Z</time>
   </trkpt>
   <trkpt lat="50.1544020" lon="6.0259360">
    <ele>525.0</ele>
    <time>2025-09-12T14:39:24Z</time>
   </trkpt>
   <trkpt lat="50.1543340" lon="6.0257490">
    <ele>525.6</ele>
    <time>2025-09-12T14:39:29Z</time>
   </trkpt>
   <trkpt lat="50.1542310" lon="6.0255930">
    <ele>526.1</ele>
    <time>2025-09-12T14:39:33Z</time>
   </trkpt>
   <trkpt lat="50.1541190" lon="6.0253720">
    <ele>526.6</ele>
    <time>2025-09-12T14:39:38Z</time>
   </trkpt>
   <trkpt lat="50.1540910" lon="6.0253170">
    <ele>526.6</ele>
    <time>2025-09-12T14:39:39Z</time>
   </trkpt>
   <trkpt lat="50.1540080" lon="6.0251710">
    <ele>526.8</ele>
    <time>2025-09-12T14:39:42Z</time>
   </trkpt>
   <trkpt lat="50.1539060" lon="6.0249400">
    <ele>527.0</ele>
    <time>2025-09-12T14:39:46Z</time>
   </trkpt>
   <trkpt lat="50.1537480" lon="6.0247080">
    <ele>527.0</ele>
    <time>2025-09-12T14:39:51Z</time>
   </trkpt>
   <trkpt lat="50.1535290" lon="6.0243990">
    <ele>526.7</ele>
    <time>2025-09-12T14:39:57Z</time>
   </trkpt>
   <trkpt lat="50.1534160" lon="6.0242150">
    <ele>526.3</ele>
    <time>2025-09-12T14:40:00Z</time>
   </trkpt>
   <trkpt lat="50.1533840" lon="6.0241530">
    <ele>526.2</ele>
    <time>2025-09-12T14:40:01Z</time>
   </trkpt>
   <trkpt lat="50.1533580" lon="6.0240880">
    <ele>526.0</ele>
    <time>2025-09-12T14:40:02Z</time>
   </trkpt>
   <trkpt lat="50.1532260" lon="6.0238030">
    <ele>525.3</ele>
    <time>2025-09-12T14:40:06Z</time>
   </trkpt>
   <trkpt lat="50.1530860" lon="6.0234850">
    <ele>524.4</ele>
    <time>2025-09-12T14:40:10Z</time>
   </trkpt>
   <trkpt lat="50.1530620" lon="6.0233950">
    <ele>524.2</ele>
    <time>2025-09-12T14:40:11Z</time>
   </trkpt>
   <trkpt lat="50.1530340" lon="6.0232300">
    <ele>523.8</ele>
    <time>2025-09-12T14:40:13Z</time>
   </trkpt>
   <trkpt lat="50.1530240" lon="6.0230470">
    <ele>523.4</ele>
    <time>2025-09-12T14:40:15Z</time>
   </trkpt>
   <trkpt lat="50.1530110" lon="6.0229470">
    <ele>523.1</ele>
    <time>2025-09-12T14:40:16Z</time>
   </trkpt>
   <trkpt lat="50.1529690" lon="6.0226310">
    <ele>522.2</ele>
    <time>2025-09-12T14:40:19Z</time>
   </trkpt>
   <trkpt lat="50.1529070" lon="6.0222940">
    <ele>521.2</ele>
    <time>2025-09-12T14:40:22Z</time>
   </trkpt>
   <trkpt lat="50.1528740" lon="6.0220840">
    <ele>520.5</ele>
    <time>2025-09-12T14:40:24Z</time>
   </trkpt>
   <trkpt lat="50.1528590" lon="6.0219740">
    <ele>520.2</ele>
    <time>2025-09-12T14:40:25Z</time>
   </trkpt>
   <trkpt lat="50.1528430" lon="6.0217640">
    <ele>519.4</ele>
    <time>2025-09-12T14:40:27Z</time>
   </trkpt>
   <trkpt lat="50.1528420" lon="6.0216650">
    <ele>518.9</ele>
    <time>2025-09-12T14:40:28Z</time>
   </trkpt>
   <trkpt lat="50.1528470" lon="6.0213500">
    <ele>517.2</ele>
    <time>2025-09-12T14:40:31Z</time>
   </trkpt>
   <trkpt lat="50.1528290" lon="6.0212430">
    <ele>516.6</ele>
    <time>2025-09-12T14:40:32Z</time>
   </trkpt>
   <trkpt lat="50.1527950" lon="6.0211560">
    <ele>516.0</ele>
    <time>2025-09-12T14:40:33Z</time>
   </trkpt>
   <trkpt lat="50.1526820" lon="6.0210340">
    <ele>514.2</ele>
    <time>2025-09-12T14:40:35Z</time>
   </trkpt>
   <trkpt lat="50.1523970" lon="6.0209440">
    <ele>511.8</ele>
    <time>2025-09-12T14:40:39Z</time>
   </trkpt>
   <trkpt lat="50.1519750" lon="6.0208520">
    <ele>508.2</ele>
    <time>2025-09-12T14:40:44Z</time>
   </trkpt>
   <trkpt lat="50.1515980" lon="6.0208540">
    <ele>505.1</ele>
    <time>2025-09-12T14:40:48Z</time>
   </trkpt>
   <trkpt lat="50.1509640" lon="6.0208600">
    <ele>500.6</ele>
    <time>2025-09-12T14:40:54Z</time>
   </trkpt>
   <trkpt lat="50.1508580" lon="6.0208920">
    <ele>500.0</ele>
    <time>2025-09-12T14:40:55Z</time>
   </trkpt>
   <trkpt lat="50.1505480" lon="6.0210580">
    <ele>498.5</ele>
    <time>2025-09-12T14:40:58Z</time>
   </trkpt>
   <trkpt lat="50.1501600" lon="6.0212330">
    <ele>497.1</ele>
    <time>2025-09-12T14:41:02Z</time>
   </trkpt>
   <trkpt lat="50.1498650" lon="6.0212940">
    <ele>496.0</ele>
    <time>2025-09-12T14:41:06Z</time>
   </trkpt>
   <trkpt lat="50.1496440" lon="6.0213750">
    <ele>495.7</ele>
    <time>2025-09-12T14:41:09Z</time>
   </trkpt>
   <trkpt lat="50.1495590" lon="6.0213910">
    <ele>495.0</ele>
    <time>2025-09-12T14:41:10Z</time>
   </trkpt>
   <trkpt lat="50.1491140" lon="6.0213910">
    <ele>493.6</ele>
    <time>2025-09-12T14:41:15Z</time>
   </trkpt>
   <trkpt lat="50.1487550" lon="6.0213660">
    <ele>495.3</ele>
    <time>2025-09-12T14:41:20Z</time>
   </trkpt>
   <trkpt lat="50.1486250" lon="6.0214160">
    <ele>496.5</ele>
    <time>2025-09-12T14:41:23Z</time>
   </trkpt>
   <trkpt lat="50.1485930" lon="6.0214230">
    <ele>496.8</ele>
    <time>2025-09-12T14:41:24Z</time>
   </trkpt>
   <trkpt lat="50.1485000" lon="6.0213850">
    <ele>496.8</ele>
    <time>2025-09-12T14:41:27Z</time>
   </trkpt>
   <trkpt lat="50.1484590" lon="6.0213680">
    <ele>496.7</ele>
    <time>2025-09-12T14:41:28Z</time>
   </trkpt>
   <trkpt lat="50.1483210" lon="6.0213300">
    <ele>496.5</ele>
    <time>2025-09-12T14:41:31Z</time>
   </trkpt>
   <trkpt lat="50.1482710" lon="6.0213050">
    <ele>496.5</ele>
    <time>2025-09-12T14:41:32Z</time>
   </trkpt>
   <trkpt lat="50.1482270" lon="6.0212670">
    <ele>496.5</ele>
    <time>2025-09-12T14:41:33Z</time>
   </trkpt>
   <trkpt lat="50.1481530" lon="6.0211760">
    <ele>496.8</ele>
    <time>2025-09-12T14:41:35Z</time>
   </trkpt>
   <trkpt lat="50.1481250" lon="6.0211230">
    <ele>497.0</ele>
    <time>2025-09-12T14:41:36Z</time>
   </trkpt>
   <trkpt lat="50.1480420" lon="6.0208730">
    <ele>497.7</ele>
    <time>2025-09-12T14:41:41Z</time>
   </trkpt>
   <trkpt lat="50.1479610" lon="6.0204890">
    <ele>498.8</ele>
    <time>2025-09-12T14:41:49Z</time>
   </trkpt>
   <trkpt lat="50.1479120" lon="6.0202920">
    <ele>499.2</ele>
    <time>2025-09-12T14:41:53Z</time>
   </trkpt>
   <trkpt lat="50.1478630" lon="6.0200360">
    <ele>499.7</ele>
    <time>2025-09-12T14:41:58Z</time>
   </trkpt>
   <trkpt lat="50.1478210" lon="6.0197640">
    <ele>500.3</ele>
    <time>2025-09-12T14:42:03Z</time>
   </trkpt>
   <trkpt lat="50.1478400" lon="6.0194770">
    <ele>500.9</ele>
    <time>2025-09-12T14:42:08Z</time>
   </trkpt>
   <trkpt lat="50.1478690" lon="6.0191470">
    <ele>501.6</ele>
    <time>2025-09-12T14:42:13Z</time>
   </trkpt>
   <trkpt lat="50.1478890" lon="6.0187690">
    <ele>502.4</ele>
    <time>2025-09-12T14:42:19Z</time>
   </trkpt>
   <trkpt lat="50.1478610" lon="6.0184930">
    <ele>503.1</ele>
    <time>2025-09-12T14:42:24Z</time>
   </trkpt>
   <trkpt lat="50.1477420" lon="6.0183140">
    <ele>503.8</ele>
    <time>2025-09-12T14:42:29Z</time>
   </trkpt>
   <trkpt lat="50.1475570" lon="6.0182840">
    <ele>503.8</ele>
    <time>2025-09-12T14:42:35Z</time>
   </trkpt>
   <trkpt lat="50.1474240" lon="6.0182970">
    <ele>503.2</ele>
    <time>2025-09-12T14:42:39Z</time>
   </trkpt>
   <trkpt lat="50.1473860" lon="6.0182750">
    <ele>503.0</ele>
    <time>2025-09-12T14:42:40Z</time>
   </trkpt>
   <trkpt lat="50.1471450" lon="6.0180800">
    <ele>500.7</ele>
    <time>2025-09-12T14:42:45Z</time>
   </trkpt>
   <trkpt lat="50.1468330" lon="6.0178000">
    <ele>497.3</ele>
    <time>2025-09-12T14:42:50Z</time>
   </trkpt>
   <trkpt lat="50.1464900" lon="6.0174060">
    <ele>494.2</ele>
    <time>2025-09-12T14:42:55Z</time>
   </trkpt>
   <trkpt lat="50.1464140" lon="6.0173330">
    <ele>493.8</ele>
    <time>2025-09-12T14:42:56Z</time>
   </trkpt>
   <trkpt lat="50.1461780" lon="6.0171260">
    <ele>492.7</ele>
    <time>2025-09-12T14:42:59Z</time>
   </trkpt>
   <trkpt lat="50.1460190" lon="6.0170130">
    <ele>492.1</ele>
    <time>2025-09-12T14:43:01Z</time>
   </trkpt>
   <trkpt lat="50.1458560" lon="6.0169540">
    <ele>491.3</ele>
    <time>2025-09-12T14:43:03Z</time>
   </trkpt>
   <trkpt lat="50.1455110" lon="6.0169860">
    <ele>489.2</ele>
    <time>2025-09-12T14:43:07Z</time>
   </trkpt>
   <trkpt lat="50.1454230" lon="6.0170130">
    <ele>488.6</ele>
    <time>2025-09-12T14:43:08Z</time>
   </trkpt>
   <trkpt lat="50.1452470" lon="6.0170870">
    <ele>487.5</ele>
    <time>2025-09-12T14:43:10Z</time>
   </trkpt>
   <trkpt lat="50.1451580" lon="6.0171420">
    <ele>487.1</ele>
    <time>2025-09-12T14:43:11Z</time>
   </trkpt>
   <trkpt lat="50.1447250" lon="6.0174010">
    <ele>485.9</ele>
    <time>2025-09-12T14:43:16Z</time>
   </trkpt>
   <trkpt lat="50.1444680" lon="6.0174870">
    <ele>484.4</ele>
    <time>2025-09-12T14:43:20Z</time>
   </trkpt>
   <trkpt lat="50.1442550" lon="6.0175940">
    <ele>482.2</ele>
    <time>2025-09-12T14:43:23Z</time>
   </trkpt>
   <trkpt lat="50.1441680" lon="6.0176130">
    <ele>481.3</ele>
    <time>2025-09-12T14:43:24Z</time>
   </trkpt>
   <trkpt lat="50.1437650" lon="6.0176470">
    <ele>478.2</ele>
    <time>2025-09-12T14:43:28Z</time>
   </trkpt>
   <trkpt lat="50.1433130" lon="6.0176780">
    <ele>475.9</ele>
    <time>2025-09-12T14:43:33Z</time>
   </trkpt>
   <trkpt lat="50.1430080" lon="6.0175770">
    <ele>472.8</ele>
    <time>2025-09-12T14:43:37Z</time>
   </trkpt>
   <trkpt lat="50.1429470" lon="6.0175400">
    <ele>472.2</ele>
    <time>2025-09-12T14:43:38Z</time>
   </trkpt>
   <trkpt lat="50.1428360" lon="6.0174680">
    <ele>471.2</ele>
    <time>2025-09-12T14:43:40Z</time>
   </trkpt>
   <trkpt lat="50.1427010" lon="6.0174000">
    <ele>470.5</ele>
    <time>2025-09-12T14:43:43Z</time>
   </trkpt>
   <trkpt lat="50.1424900" lon="6.0172990">
    <ele>470.2</ele>
    <time>2025-09-12T14:43:49Z</time>
   </trkpt>
   <trkpt lat="50.1424050" lon="6.0172160">
    <ele>470.1</ele>
    <time>2025-09-12T14:43:54Z</time>
   </trkpt>
   <trkpt lat="50.1424050" lon="6.0172160">
    <ele>470.1</ele>
    <time>2025-09-12T14:43:55Z</time>
   </trkpt>
   <trkpt lat="50.1423880" lon="6.0172100">
    <ele>470.0</ele>
    <time>2025-09-12T14:44:07Z</time>
   </trkpt>
   <trkpt lat="50.1423490" lon="6.0171890">
    <ele>469.9</ele>
    <time>2025-09-12T14:44:09Z</time>
   </trkpt>
   <trkpt lat="50.1421880" lon="6.0171130">
    <ele>469.6</ele>
    <time>2025-09-12T14:44:14Z</time>
   </trkpt>
   <trkpt lat="50.1418920" lon="6.0169450">
    <ele>469.3</ele>
    <time>2025-09-12T14:44:21Z</time>
   </trkpt>
   <trkpt lat="50.1418140" lon="6.0168760">
    <ele>469.2</ele>
    <time>2025-09-12T14:44:23Z</time>
   </trkpt>
   <trkpt lat="50.1417090" lon="6.0167270">
    <ele>469.2</ele>
    <time>2025-09-12T14:44:26Z</time>
   </trkpt>
   <trkpt lat="50.1416350" lon="6.0166360">
    <ele>469.1</ele>
    <time>2025-09-12T14:44:28Z</time>
   </trkpt>
   <trkpt lat="50.1415570" lon="6.0165530">
    <ele>469.1</ele>
    <time>2025-09-12T14:44:30Z</time>
   </trkpt>
   <trkpt lat="50.1413520" lon="6.0163180">
    <ele>469.1</ele>
    <time>2025-09-12T14:44:35Z</time>
   </trkpt>
   <trkpt lat="50.1412030" lon="6.0160970">
    <ele>469.2</ele>
    <time>2025-09-12T14:44:39Z</time>
   </trkpt>
   <trkpt lat="50.1411670" lon="6.0160420">
    <ele>469.3</ele>
    <time>2025-09-12T14:44:40Z</time>
   </trkpt>
   <trkpt lat="50.1409180" lon="6.0156490">
    <ele>469.8</ele>
    <time>2025-09-12T14:44:46Z</time>
   </trkpt>
   <trkpt lat="50.1406970" lon="6.0152360">
    <ele>470.2</ele>
    <time>2025-09-12T14:44:52Z</time>
   </trkpt>
   <trkpt lat="50.1404870" lon="6.0146930">
    <ele>469.9</ele>
    <time>2025-09-12T14:44:59Z</time>
   </trkpt>
   <trkpt lat="50.1403680" lon="6.0142390">
    <ele>469.0</ele>
    <time>2025-09-12T14:45:04Z</time>
   </trkpt>
   <trkpt lat="50.1403180" lon="6.0139310">
    <ele>468.2</ele>
    <time>2025-09-12T14:45:07Z</time>
   </trkpt>
   <trkpt lat="50.1403100" lon="6.0138380">
    <ele>468.1</ele>
    <time>2025-09-12T14:45:08Z</time>
   </trkpt>
   <trkpt lat="50.1402880" lon="6.0136520">
    <ele>467.8</ele>
    <time>2025-09-12T14:45:10Z</time>
   </trkpt>
   <trkpt lat="50.1402750" lon="6.0134870">
    <ele>467.7</ele>
    <time>2025-09-12T14:45:12Z</time>
   </trkpt>
   <trkpt lat="50.1402570" lon="6.0134240">
    <ele>467.7</ele>
    <time>2025-09-12T14:45:13Z</time>
   </trkpt>
   <trkpt lat="50.1402270" lon="6.0133940">
    <ele>467.7</ele>
    <time>2025-09-12T14:45:14Z</time>
   </trkpt>
   <trkpt lat="50.1401610" lon="6.0133860">
    <ele>467.8</ele>
    <time>2025-09-12T14:45:16Z</time>
   </trkpt>
   <trkpt lat="50.1400500" lon="6.0134080">
    <ele>468.1</ele>
    <time>2025-09-12T14:45:20Z</time>
   </trkpt>
   <trkpt lat="50.1400220" lon="6.0133990">
    <ele>468.3</ele>
    <time>2025-09-12T14:45:21Z</time>
   </trkpt>
   <trkpt lat="50.1399800" lon="6.0133400">
    <ele>468.7</ele>
    <time>2025-09-12T14:45:23Z</time>
   </trkpt>
   <trkpt lat="50.1399890" lon="6.0131300">
    <ele>469.4</ele>
    <time>2025-09-12T14:45:27Z</time>
   </trkpt>
   <trkpt lat="50.1400090" lon="6.0128380">
    <ele>470.3</ele>
    <time>2025-09-12T14:45:33Z</time>
   </trkpt>
   <trkpt lat="50.1399840" lon="6.0126400">
    <ele>470.5</ele>
    <time>2025-09-12T14:45:37Z</time>
   </trkpt>
   <trkpt lat="50.1399200" lon="6.0121890">
    <ele>469.8</ele>
    <time>2025-09-12T14:45:44Z</time>
   </trkpt>
   <trkpt lat="50.1398950" lon="6.0119450">
    <ele>469.6</ele>
    <time>2025-09-12T14:45:48Z</time>
   </trkpt>
   <trkpt lat="50.1398470" lon="6.0114660">
    <ele>469.1</ele>
    <time>2025-09-12T14:45:54Z</time>
   </trkpt>
   <trkpt lat="50.1398100" lon="6.0111380">
    <ele>468.7</ele>
    <time>2025-09-12T14:45:58Z</time>
   </trkpt>
   <trkpt lat="50.1397940" lon="6.0110480">
    <ele>468.6</ele>
    <time>2025-09-12T14:45:59Z</time>
   </trkpt>
   <trkpt lat="50.1397420" lon="6.0107960">
    <ele>468.3</ele>
    <time>2025-09-12T14:46:02Z</time>
   </trkpt>
   <trkpt lat="50.1397140" lon="6.0106320">
    <ele>468.2</ele>
    <time>2025-09-12T14:46:04Z</time>
   </trkpt>
   <trkpt lat="50.1396540" lon="6.0103820">
    <ele>467.9</ele>
    <time>2025-09-12T14:46:07Z</time>
   </trkpt>
   <trkpt lat="50.1396060" lon="6.0101980">
    <ele>467.7</ele>
    <time>2025-09-12T14:46:09Z</time>
   </trkpt>
   <trkpt lat="50.1394180" lon="6.0096790">
    <ele>467.2</ele>
    <time>2025-09-12T14:46:15Z</time>
   </trkpt>
   <trkpt lat="50.1392900" lon="6.0093680">
    <ele>466.8</ele>
    <time>2025-09-12T14:46:19Z</time>
   </trkpt>
   <trkpt lat="50.1392510" lon="6.0092850">
    <ele>466.7</ele>
    <time>2025-09-12T14:46:20Z</time>
   </trkpt>
   <trkpt lat="50.1392070" lon="6.0092020">
    <ele>466.5</ele>
    <time>2025-09-12T14:46:21Z</time>
   </trkpt>
   <trkpt lat="50.1390590" lon="6.0089590">
    <ele>466.1</ele>
    <time>2025-09-12T14:46:24Z</time>
   </trkpt>
   <trkpt lat="50.1389630" lon="6.0088030">
    <ele>465.9</ele>
    <time>2025-09-12T14:46:26Z</time>
   </trkpt>
   <trkpt lat="50.1388120" lon="6.0085900">
    <ele>465.5</ele>
    <time>2025-09-12T14:46:29Z</time>
   </trkpt>
   <trkpt lat="50.1384560" lon="6.0081840">
    <ele>464.8</ele>
    <time>2025-09-12T14:46:35Z</time>
   </trkpt>
   <trkpt lat="50.1380110" lon="6.0077660">
    <ele>464.1</ele>
    <time>2025-09-12T14:46:42Z</time>
   </trkpt>
   <trkpt lat="50.1377630" lon="6.0075240">
    <ele>463.7</ele>
    <time>2025-09-12T14:46:46Z</time>
   </trkpt>
   <trkpt lat="50.1377000" lon="6.0074630">
    <ele>463.5</ele>
    <time>2025-09-12T14:46:47Z</time>
   </trkpt>
   <trkpt lat="50.1373940" lon="6.0071580">
    <ele>463.1</ele>
    <time>2025-09-12T14:46:52Z</time>
   </trkpt>
   <trkpt lat="50.1371250" lon="6.0068180">
    <ele>462.7</ele>
    <time>2025-09-12T14:46:57Z</time>
   </trkpt>
   <trkpt lat="50.1368550" lon="6.0064160">
    <ele>462.3</ele>
    <time>2025-09-12T14:47:02Z</time>
   </trkpt>
   <trkpt lat="50.1365610" lon="6.0059600">
    <ele>462.0</ele>
    <time>2025-09-12T14:47:08Z</time>
   </trkpt>
   <trkpt lat="50.1362670" lon="6.0054870">
    <ele>461.1</ele>
    <time>2025-09-12T14:47:14Z</time>
   </trkpt>
   <trkpt lat="50.1358580" lon="6.0048470">
    <ele>460.1</ele>
    <time>2025-09-12T14:47:22Z</time>
   </trkpt>
   <trkpt lat="50.1355730" lon="6.0045360">
    <ele>459.5</ele>
    <time>2025-09-12T14:47:27Z</time>
   </trkpt>
   <trkpt lat="50.1353980" lon="6.0043720">
    <ele>459.2</ele>
    <time>2025-09-12T14:47:30Z</time>
   </trkpt>
   <trkpt lat="50.1352790" lon="6.0042760">
    <ele>458.9</ele>
    <time>2025-09-12T14:47:32Z</time>
   </trkpt>
   <trkpt lat="50.1348930" lon="6.0040390">
    <ele>458.2</ele>
    <time>2025-09-12T14:47:38Z</time>
   </trkpt>
   <trkpt lat="50.1345900" lon="6.0038460">
    <ele>457.7</ele>
    <time>2025-09-12T14:47:43Z</time>
   </trkpt>
   <trkpt lat="50.1342540" lon="6.0036770">
    <ele>457.0</ele>
    <time>2025-09-12T14:47:48Z</time>
   </trkpt>
   <trkpt lat="50.1338280" lon="6.0034730">
    <ele>456.1</ele>
    <time>2025-09-12T14:47:54Z</time>
   </trkpt>
   <trkpt lat="50.1335460" lon="6.0033360">
    <ele>455.6</ele>
    <time>2025-09-12T14:47:58Z</time>
   </trkpt>
   <trkpt lat="50.1334720" lon="6.0033120">
    <ele>455.5</ele>
    <time>2025-09-12T14:47:59Z</time>
   </trkpt>
   <trkpt lat="50.1334000" lon="6.0032870">
    <ele>455.4</ele>
    <time>2025-09-12T14:48:00Z</time>
   </trkpt>
   <trkpt lat="50.1331810" lon="6.0031850">
    <ele>455.1</ele>
    <time>2025-09-12T14:48:03Z</time>
   </trkpt>
   <trkpt lat="50.1331130" lon="6.0031400">
    <ele>455.0</ele>
    <time>2025-09-12T14:48:04Z</time>
   </trkpt>
   <trkpt lat="50.1328440" lon="6.0029290">
    <ele>454.7</ele>
    <time>2025-09-12T14:48:08Z</time>
   </trkpt>
   <trkpt lat="50.1324650" lon="6.0025690">
    <ele>453.9</ele>
    <time>2025-09-12T14:48:14Z</time>
   </trkpt>
   <trkpt lat="50.1321370" lon="6.0021550">
    <ele>453.0</ele>
    <time>2025-09-12T14:48:20Z</time>
   </trkpt>
   <trkpt lat="50.1318300" lon="6.0015720">
    <ele>452.2</ele>
    <time>2025-09-12T14:48:27Z</time>
   </trkpt>
   <trkpt lat="50.1315870" lon="6.0009240">
    <ele>451.3</ele>
    <time>2025-09-12T14:48:34Z</time>
   </trkpt>
   <trkpt lat="50.1314410" lon="6.0003110">
    <ele>450.6</ele>
    <time>2025-09-12T14:48:40Z</time>
   </trkpt>
   <trkpt lat="50.1313500" lon="5.9996300">
    <ele>449.7</ele>
    <time>2025-09-12T14:48:46Z</time>
   </trkpt>
   <trkpt lat="50.1312870" lon="5.9990050">
    <ele>449.5</ele>
    <time>2025-09-12T14:48:52Z</time>
   </trkpt>
   <trkpt lat="50.1312520" lon="5.9984380">
    <ele>449.4</ele>
    <time>2025-09-12T14:48:58Z</time>
   </trkpt>
   <trkpt lat="50.1312240" lon="5.9980290">
    <ele>449.2</ele>
    <time>2025-09-12T14:49:03Z</time>
   </trkpt>
   <trkpt lat="50.1311620" lon="5.9977920">
    <ele>448.7</ele>
    <time>2025-09-12T14:49:06Z</time>
   </trkpt>
   <trkpt lat="50.1311470" lon="5.9976970">
    <ele>448.5</ele>
    <time>2025-09-12T14:49:07Z</time>
   </trkpt>
   <trkpt lat="50.1311150" lon="5.9972110">
    <ele>447.6</ele>
    <time>2025-09-12T14:49:12Z</time>
   </trkpt>
   <trkpt lat="50.1311010" lon="5.9971240">
    <ele>447.5</ele>
    <time>2025-09-12T14:49:13Z</time>
   </trkpt>
   <trkpt lat="50.1309830" lon="5.9966140">
    <ele>446.7</ele>
    <time>2025-09-12T14:49:18Z</time>
   </trkpt>
   <trkpt lat="50.1308730" lon="5.9962390">
    <ele>446.3</ele>
    <time>2025-09-12T14:49:22Z</time>
   </trkpt>
   <trkpt lat="50.1306520" lon="5.9956560">
    <ele>445.6</ele>
    <time>2025-09-12T14:49:28Z</time>
   </trkpt>
   <trkpt lat="50.1304090" lon="5.9950980">
    <ele>445.1</ele>
    <time>2025-09-12T14:49:34Z</time>
   </trkpt>
   <trkpt lat="50.1301720" lon="5.9945380">
    <ele>444.5</ele>
    <time>2025-09-12T14:49:40Z</time>
   </trkpt>
   <trkpt lat="50.1299810" lon="5.9940860">
    <ele>443.9</ele>
    <time>2025-09-12T14:49:45Z</time>
   </trkpt>
   <trkpt lat="50.1298010" lon="5.9936020">
    <ele>443.3</ele>
    <time>2025-09-12T14:49:50Z</time>
   </trkpt>
   <trkpt lat="50.1296300" lon="5.9929860">
    <ele>442.6</ele>
    <time>2025-09-12T14:49:56Z</time>
   </trkpt>
   <trkpt lat="50.1294560" lon="5.9922210">
    <ele>441.6</ele>
    <time>2025-09-12T14:50:03Z</time>
   </trkpt>
   <trkpt lat="50.1292960" lon="5.9915830">
    <ele>441.1</ele>
    <time>2025-09-12T14:50:09Z</time>
   </trkpt>
   <trkpt lat="50.1292100" lon="5.9912620">
    <ele>440.7</ele>
    <time>2025-09-12T14:50:12Z</time>
   </trkpt>
   <trkpt lat="50.1291590" lon="5.9910390">
    <ele>440.4</ele>
    <time>2025-09-12T14:50:14Z</time>
   </trkpt>
   <trkpt lat="50.1289690" lon="5.9902520">
    <ele>439.8</ele>
    <time>2025-09-12T14:50:21Z</time>
   </trkpt>
   <trkpt lat="50.1287880" lon="5.9896450">
    <ele>439.1</ele>
    <time>2025-09-12T14:50:27Z</time>
   </trkpt>
   <trkpt lat="50.1287510" lon="5.9895540">
    <ele>439.0</ele>
    <time>2025-09-12T14:50:28Z</time>
   </trkpt>
   <trkpt lat="50.1286320" lon="5.9892790">
    <ele>438.6</ele>
    <time>2025-09-12T14:50:31Z</time>
   </trkpt>
   <trkpt lat="50.1285900" lon="5.9891930">
    <ele>438.4</ele>
    <time>2025-09-12T14:50:32Z</time>
   </trkpt>
   <trkpt lat="50.1284390" lon="5.9889380">
    <ele>438.1</ele>
    <time>2025-09-12T14:50:35Z</time>
   </trkpt>
   <trkpt lat="50.1280570" lon="5.9883980">
    <ele>437.2</ele>
    <time>2025-09-12T14:50:42Z</time>
   </trkpt>
   <trkpt lat="50.1276690" lon="5.9880500">
    <ele>436.3</ele>
    <time>2025-09-12T14:50:48Z</time>
   </trkpt>
   <trkpt lat="50.1272690" lon="5.9877790">
    <ele>435.4</ele>
    <time>2025-09-12T14:50:54Z</time>
   </trkpt>
   <trkpt lat="50.1268000" lon="5.9875000">
    <ele>434.4</ele>
    <time>2025-09-12T14:51:01Z</time>
   </trkpt>
   <trkpt lat="50.1262510" lon="5.9871570">
    <ele>433.4</ele>
    <time>2025-09-12T14:51:09Z</time>
   </trkpt>
   <trkpt lat="50.1261820" lon="5.9871140">
    <ele>433.3</ele>
    <time>2025-09-12T14:51:10Z</time>
   </trkpt>
   <trkpt lat="50.1256280" lon="5.9867700">
    <ele>432.5</ele>
    <time>2025-09-12T14:51:18Z</time>
   </trkpt>
   <trkpt lat="50.1255600" lon="5.9867260">
    <ele>432.4</ele>
    <time>2025-09-12T14:51:19Z</time>
   </trkpt>
   <trkpt lat="50.1250110" lon="5.9863830">
    <ele>431.4</ele>
    <time>2025-09-12T14:51:27Z</time>
   </trkpt>
   <trkpt lat="50.1245970" lon="5.9861230">
    <ele>430.8</ele>
    <time>2025-09-12T14:51:33Z</time>
   </trkpt>
   <trkpt lat="50.1240690" lon="5.9858570">
    <ele>429.6</ele>
    <time>2025-09-12T14:51:41Z</time>
   </trkpt>
   <trkpt lat="50.1237390" lon="5.9857940">
    <ele>428.3</ele>
    <time>2025-09-12T14:51:46Z</time>
   </trkpt>
   <trkpt lat="50.1235330" lon="5.9858130">
    <ele>427.1</ele>
    <time>2025-09-12T14:51:51Z</time>
   </trkpt>
   <trkpt lat="50.1234220" lon="5.9858110">
    <ele>426.6</ele>
    <time>2025-09-12T14:51:56Z</time>
   </trkpt>
   <trkpt lat="50.1234110" lon="5.9858100">
    <ele>426.6</ele>
    <time>2025-09-12T14:51:58Z</time>
   </trkpt>
   <trkpt lat="50.1233180" lon="5.9851070">
    <ele>427.2</ele>
    <time>2025-09-12T14:53:20Z</time>
   </trkpt>
   <trkpt lat="50.1232120" lon="5.9852090">
    <ele>427.6</ele>
    <time>2025-09-12T14:53:25Z</time>
   </trkpt>
   <trkpt lat="50.1231380" lon="5.9853640">
    <ele>428.1</ele>
    <time>2025-09-12T14:53:29Z</time>
   </trkpt>
   <trkpt lat="50.1230860" lon="5.9854380">
    <ele>428.7</ele>
    <time>2025-09-12T14:53:31Z</time>
   </trkpt>
   <trkpt lat="50.1230260" lon="5.9854240">
    <ele>429.3</ele>
    <time>2025-09-12T14:53:33Z</time>
   </trkpt>
   <trkpt lat="50.1228930" lon="5.9853100">
    <ele>430.9</ele>
    <time>2025-09-12T14:53:38Z</time>
   </trkpt>
   <trkpt lat="50.1227720" lon="5.9851960">
    <ele>432.6</ele>
    <time>2025-09-12T14:53:43Z</time>
   </trkpt>
   <trkpt lat="50.1226200" lon="5.9850260">
    <ele>434.9</ele>
    <time>2025-09-12T14:53:50Z</time>
   </trkpt>
   <trkpt lat="50.1224980" lon="5.9849080">
    <ele>436.4</ele>
    <time>2025-09-12T14:53:55Z</time>
   </trkpt>
   <trkpt lat="50.1223480" lon="5.9847780">
    <ele>437.9</ele>
    <time>2025-09-12T14:54:01Z</time>
   </trkpt>
   <trkpt lat="50.1221640" lon="5.9846640">
    <ele>439.6</ele>
    <time>2025-09-12T14:54:08Z</time>
   </trkpt>
   <trkpt lat="50.1219830" lon="5.9845900">
    <ele>441.1</ele>
    <time>2025-09-12T14:54:15Z</time>
   </trkpt>
   <trkpt lat="50.1218480" lon="5.9845720">
    <ele>442.2</ele>
    <time>2025-09-12T14:54:21Z</time>
   </trkpt>
   <trkpt lat="50.1217260" lon="5.9845930">
    <ele>443.3</ele>
    <time>2025-09-12T14:54:26Z</time>
   </trkpt>
   <trkpt lat="50.1215990" lon="5.9846490">
    <ele>444.9</ele>
    <time>2025-09-12T14:54:31Z</time>
   </trkpt>
   <trkpt lat="50.1214800" lon="5.9847370">
    <ele>446.5</ele>
    <time>2025-09-12T14:54:36Z</time>
   </trkpt>
   <trkpt lat="50.1213900" lon="5.9848750">
    <ele>447.8</ele>
    <time>2025-09-12T14:54:41Z</time>
   </trkpt>
   <trkpt lat="50.1213460" lon="5.9851160">
    <ele>448.8</ele>
    <time>2025-09-12T14:54:47Z</time>
   </trkpt>
   <trkpt lat="50.1213000" lon="5.9854110">
    <ele>449.8</ele>
    <time>2025-09-12T14:54:55Z</time>
   </trkpt>
   <trkpt lat="50.1212950" lon="5.9856770">
    <ele>450.4</ele>
    <time>2025-09-12T14:55:02Z</time>
   </trkpt>
   <trkpt lat="50.1213480" lon="5.9859140">
    <ele>450.6</ele>
    <time>2025-09-12T14:55:09Z</time>
   </trkpt>
   <trkpt lat="50.1213490" lon="5.9859240">
    <ele>450.6</ele>
    <time>2025-09-12T14:55:10Z</time>
   </trkpt>
   <trkpt lat="50.1214170" lon="5.9861290">
    <ele>450.5</ele>
    <time>2025-09-12T14:58:41Z</time>
   </trkpt>
   <trkpt lat="50.1214350" lon="5.9861620">
    <ele>450.4</ele>
    <time>2025-09-12T14:58:42Z</time>
   </trkpt>
   <trkpt lat="50.1215580" lon="5.9864230">
    <ele>449.7</ele>
    <time>2025-09-12T14:58:48Z</time>
   </trkpt>
   <trkpt lat="50.1216090" lon="5.9865390">
    <ele>449.3</ele>
    <time>2025-09-12T14:58:50Z</time>
   </trkpt>
   <trkpt lat="50.1216340" lon="5.9866650">
    <ele>448.7</ele>
    <time>2025-09-12T14:58:52Z</time>
   </trkpt>
   <trkpt lat="50.1216350" lon="5.9867400">
    <ele>448.3</ele>
    <time>2025-09-12T14:58:53Z</time>
   </trkpt>
   <trkpt lat="50.1216270" lon="5.9868230">
    <ele>447.8</ele>
    <time>2025-09-12T14:58:54Z</time>
   </trkpt>
   <trkpt lat="50.1215670" lon="5.9871310">
    <ele>445.8</ele>
    <time>2025-09-12T14:58:57Z</time>
   </trkpt>
   <trkpt lat="50.1214330" lon="5.9877310">
    <ele>442.7</ele>
    <time>2025-09-12T14:59:02Z</time>
   </trkpt>
   <trkpt lat="50.1213560" lon="5.9880470">
    <ele>441.3</ele>
    <time>2025-09-12T14:59:06Z</time>
   </trkpt>
   <trkpt lat="50.1213210" lon="5.9881340">
    <ele>440.7</ele>
    <time>2025-09-12T14:59:08Z</time>
   </trkpt>
   <trkpt lat="50.1212870" lon="5.9881320">
    <ele>440.4</ele>
    <time>2025-09-12T14:59:09Z</time>
   </trkpt>
   <trkpt lat="50.1212320" lon="5.9880360">
    <ele>439.3</ele>
    <time>2025-09-12T14:59:11Z</time>
   </trkpt>
   <trkpt lat="50.1212200" lon="5.9876770">
    <ele>436.6</ele>
    <time>2025-09-12T14:59:15Z</time>
   </trkpt>
   <trkpt lat="50.1212130" lon="5.9875160">
    <ele>435.4</ele>
    <time>2025-09-12T14:59:17Z</time>
   </trkpt>
   <trkpt lat="50.1211600" lon="5.9874340">
    <ele>434.2</ele>
    <time>2025-09-12T14:59:19Z</time>
   </trkpt>
   <trkpt lat="50.1211030" lon="5.9875330">
    <ele>434.0</ele>
    <time>2025-09-12T14:59:22Z</time>
   </trkpt>
   <trkpt lat="50.1210920" lon="5.9877460">
    <ele>432.9</ele>
    <time>2025-09-12T14:59:25Z</time>
   </trkpt>
   <trkpt lat="50.1210860" lon="5.9878160">
    <ele>432.3</ele>
    <time>2025-09-12T14:59:26Z</time>
   </trkpt>
   <trkpt lat="50.1210770" lon="5.9878800">
    <ele>431.8</ele>
    <time>2025-09-12T14:59:27Z</time>
   </trkpt>
   <trkpt lat="50.1210380" lon="5.9879920">
    <ele>430.6</ele>
    <time>2025-09-12T14:59:29Z</time>
   </trkpt>
   <trkpt lat="50.1210140" lon="5.9880400">
    <ele>430.1</ele>
    <time>2025-09-12T14:59:30Z</time>
   </trkpt>
   <trkpt lat="50.1208940" lon="5.9882080">
    <ele>427.9</ele>
    <time>2025-09-12T14:59:35Z</time>
   </trkpt>
   <trkpt lat="50.1208800" lon="5.9882500">
    <ele>427.6</ele>
    <time>2025-09-12T14:59:36Z</time>
   </trkpt>
   <trkpt lat="50.1208830" lon="5.9884010">
    <ele>426.4</ele>
    <time>2025-09-12T14:59:39Z</time>
   </trkpt>
   <trkpt lat="50.1208600" lon="5.9885800">
    <ele>425.5</ele>
    <time>2025-09-12T14:59:42Z</time>
   </trkpt>
   <trkpt lat="50.1208390" lon="5.9886500">
    <ele>425.2</ele>
    <time>2025-09-12T14:59:43Z</time>
   </trkpt>
   <trkpt lat="50.1207180" lon="5.9890810">
    <ele>423.4</ele>
    <time>2025-09-12T14:59:48Z</time>
   </trkpt>
   <trkpt lat="50.1206630" lon="5.9892780">
    <ele>422.8</ele>
    <time>2025-09-12T14:59:50Z</time>
   </trkpt>
   <trkpt lat="50.1205100" lon="5.9896630">
    <ele>422.0</ele>
    <time>2025-09-12T14:59:54Z</time>
   </trkpt>
   <trkpt lat="50.1202160" lon="5.9902970">
    <ele>421.1</ele>
    <time>2025-09-12T15:00:01Z</time>
   </trkpt>
   <trkpt lat="50.1199480" lon="5.9908440">
    <ele>421.4</ele>
    <time>2025-09-12T15:00:08Z</time>
   </trkpt>
   <trkpt lat="50.1198120" lon="5.9911190">
    <ele>421.9</ele>
    <time>2025-09-12T15:00:12Z</time>
   </trkpt>
   <trkpt lat="50.1197590" lon="5.9912480">
    <ele>422.1</ele>
    <time>2025-09-12T15:00:14Z</time>
   </trkpt>
   <trkpt lat="50.1196100" lon="5.9915640">
    <ele>423.1</ele>
    <time>2025-09-12T15:00:20Z</time>
   </trkpt>
   <trkpt lat="50.1194640" lon="5.9918720">
    <ele>423.9</ele>
    <time>2025-09-12T15:00:26Z</time>
   </trkpt>
   <trkpt lat="50.1193560" lon="5.9920790">
    <ele>424.3</ele>
    <time>2025-09-12T15:00:30Z</time>
   </trkpt>
   <trkpt lat="50.1193260" lon="5.9921260">
    <ele>424.4</ele>
    <time>2025-09-12T15:00:31Z</time>
   </trkpt>
   <trkpt lat="50.1191100" lon="5.9923520">
    <ele>425.1</ele>
    <time>2025-09-12T15:00:38Z</time>
   </trkpt>
   <trkpt lat="50.1190130" lon="5.9925220">
    <ele>425.2</ele>
    <time>2025-09-12T15:00:42Z</time>
   </trkpt>
   <trkpt lat="50.1189820" lon="5.9925700">
    <ele>425.2</ele>
    <time>2025-09-12T15:00:43Z</time>
   </trkpt>
   <trkpt lat="50.1188350" lon="5.9927470">
    <ele>425.4</ele>
    <time>2025-09-12T15:00:47Z</time>
   </trkpt>
   <trkpt lat="50.1186920" lon="5.9929220">
    <ele>425.7</ele>
    <time>2025-09-12T15:00:51Z</time>
   </trkpt>
   <trkpt lat="50.1186440" lon="5.9930350">
    <ele>425.9</ele>
    <time>2025-09-12T15:00:53Z</time>
   </trkpt>
   <trkpt lat="50.1186130" lon="5.9931610">
    <ele>426.1</ele>
    <time>2025-09-12T15:00:55Z</time>
   </trkpt>
   <trkpt lat="50.1185840" lon="5.9933510">
    <ele>426.3</ele>
    <time>2025-09-12T15:00:58Z</time>
   </trkpt>
   <trkpt lat="50.1185300" lon="5.9937690">
    <ele>426.5</ele>
    <time>2025-09-12T15:01:04Z</time>
   </trkpt>
   <trkpt lat="50.1184980" lon="5.9943700">
    <ele>426.6</ele>
    <time>2025-09-12T15:01:12Z</time>
   </trkpt>
   <trkpt lat="50.1185000" lon="5.9949200">
    <ele>426.6</ele>
    <time>2025-09-12T15:01:19Z</time>
   </trkpt>
   <trkpt lat="50.1185120" lon="5.9951580">
    <ele>426.6</ele>
    <time>2025-09-12T15:01:22Z</time>
   </trkpt>
   <trkpt lat="50.1185500" lon="5.9953020">
    <ele>426.6</ele>
    <time>2025-09-12T15:01:24Z</time>
   </trkpt>
   <trkpt lat="50.1186180" lon="5.9954030">
    <ele>426.4</ele>
    <time>2025-09-12T15:01:26Z</time>
   </trkpt>
   <trkpt lat="50.1186860" lon="5.9954830">
    <ele>426.2</ele>
    <time>2025-09-12T15:01:28Z</time>
   </trkpt>
   <trkpt lat="50.1187350" lon="5.9955980">
    <ele>426.2</ele>
    <time>2025-09-12T15:01:30Z</time>
   </trkpt>
   <trkpt lat="50.1187700" lon="5.9957230">
    <ele>426.2</ele>
    <time>2025-09-12T15:01:32Z</time>
   </trkpt>
   <trkpt lat="50.1188070" lon="5.9958350">
    <ele>426.2</ele>
    <time>2025-09-12T15:01:36Z</time>
   </trkpt>
   <trkpt lat="50.1188250" lon="5.9958650">
    <ele>426.2</ele>
    <time>2025-09-12T15:01:38Z</time>
   </trkpt>
   <trkpt lat="50.1188000" lon="5.9957810">
    <ele>426.2</ele>
    <time>2025-09-12T15:01:58Z</time>
   </trkpt>
   <trkpt lat="50.1187830" lon="5.9957670">
    <ele>426.2</ele>
    <time>2025-09-12T15:01:59Z</time>
   </trkpt>
   <trkpt lat="50.1187660" lon="5.9957600">
    <ele>426.3</ele>
    <time>2025-09-12T15:02:00Z</time>
   </trkpt>
   <trkpt lat="50.1187320" lon="5.9957600">
    <ele>426.5</ele>
    <time>2025-09-12T15:02:02Z</time>
   </trkpt>
   <trkpt lat="50.1185970" lon="5.9957020">
    <ele>425.0</ele>
    <time>2025-09-12T15:02:13Z</time>
   </trkpt>
   <trkpt lat="50.1185830" lon="5.9956830">
    <ele>424.8</ele>
    <time>2025-09-12T15:02:14Z</time>
   </trkpt>
   <trkpt lat="50.1185660" lon="5.9956770">
    <ele>424.6</ele>
    <time>2025-09-12T15:02:15Z</time>
   </trkpt>
   <trkpt lat="50.1185470" lon="5.9957080">
    <ele>424.3</ele>
    <time>2025-09-12T15:02:17Z</time>
   </trkpt>
   <trkpt lat="50.1185450" lon="5.9958930">
    <ele>423.0</ele>
    <time>2025-09-12T15:02:22Z</time>
   </trkpt>
   <trkpt lat="50.1185790" lon="5.9961190">
    <ele>420.7</ele>
    <time>2025-09-12T15:02:27Z</time>
   </trkpt>
   <trkpt lat="50.1186210" lon="5.9962310">
    <ele>419.7</ele>
    <time>2025-09-12T15:02:32Z</time>
   </trkpt>
   <trkpt lat="50.1186880" lon="5.9963150">
    <ele>418.7</ele>
    <time>2025-09-12T15:02:37Z</time>
   </trkpt>
   <trkpt lat="50.1187140" lon="5.9963690">
    <ele>418.4</ele>
    <time>2025-09-12T15:02:39Z</time>
   </trkpt>
   <trkpt lat="50.1187140" lon="5.9964480">
    <ele>418.1</ele>
    <time>2025-09-12T15:02:41Z</time>
   </trkpt>
   <trkpt lat="50.1186270" lon="5.9966550">
    <ele>417.8</ele>
    <time>2025-09-12T15:02:46Z</time>
   </trkpt>
   <trkpt lat="50.1186160" lon="5.9966890">
    <ele>417.7</ele>
    <time>2025-09-12T15:02:47Z</time>
   </trkpt>
   <trkpt lat="50.1185650" lon="5.9967070">
    <ele>417.7</ele>
    <time>2025-09-12T15:02:49Z</time>
   </trkpt>
   <trkpt lat="50.1183970" lon="5.9967100">
    <ele>417.6</ele>
    <time>2025-09-12T15:02:55Z</time>
   </trkpt>
   <trkpt lat="50.1181430" lon="5.9968250">
    <ele>417.3</ele>
    <time>2025-09-12T15:03:04Z</time>
   </trkpt>
   <trkpt lat="50.1181030" lon="5.9969930">
    <ele>416.9</ele>
    <time>2025-09-12T15:03:08Z</time>
   </trkpt>
   <trkpt lat="50.1181060" lon="5.9970420">
    <ele>416.9</ele>
    <time>2025-09-12T15:03:09Z</time>
   </trkpt>
   <trkpt lat="50.1181660" lon="5.9972050">
    <ele>416.6</ele>
    <time>2025-09-12T15:03:12Z</time>
   </trkpt>
   <trkpt lat="50.1181920" lon="5.9975060">
    <ele>416.6</ele>
    <time>2025-09-12T15:03:18Z</time>
   </trkpt>
   <trkpt lat="50.1181870" lon="5.9978540">
    <ele>417.4</ele>
    <time>2025-09-12T15:03:24Z</time>
   </trkpt>
   <trkpt lat="50.1180880" lon="5.9983170">
    <ele>420.2</ele>
    <time>2025-09-12T15:03:32Z</time>
   </trkpt>
   <trkpt lat="50.1179980" lon="5.9986840">
    <ele>422.8</ele>
    <time>2025-09-12T15:03:39Z</time>
   </trkpt>
   <trkpt lat="50.1179210" lon="5.9989500">
    <ele>424.3</ele>
    <time>2025-09-12T15:03:46Z</time>
   </trkpt>
   <trkpt lat="50.1178110" lon="5.9992420">
    <ele>425.0</ele>
    <time>2025-09-12T15:03:52Z</time>
   </trkpt>
   <trkpt lat="50.1176850" lon="5.9995450">
    <ele>425.2</ele>
    <time>2025-09-12T15:03:58Z</time>
   </trkpt>
   <trkpt lat="50.1176070" lon="5.9996970">
    <ele>425.2</ele>
    <time>2025-09-12T15:04:01Z</time>
   </trkpt>
   <trkpt lat="50.1175250" lon="5.9998420">
    <ele>425.4</ele>
    <time>2025-09-12T15:04:04Z</time>
   </trkpt>
   <trkpt lat="50.1173690" lon="6.0001000">
    <ele>425.5</ele>
    <time>2025-09-12T15:04:10Z</time>
   </trkpt>
   <trkpt lat="50.1171890" lon="6.0001730">
    <ele>425.5</ele>
    <time>2025-09-12T15:04:16Z</time>
   </trkpt>
   <trkpt lat="50.1169940" lon="6.0000810">
    <ele>425.3</ele>
    <time>2025-09-12T15:04:23Z</time>
   </trkpt>
   <trkpt lat="50.1167490" lon="5.9998080">
    <ele>424.9</ele>
    <time>2025-09-12T15:04:31Z</time>
   </trkpt>
   <trkpt lat="50.1164740" lon="5.9996060">
    <ele>424.2</ele>
    <time>2025-09-12T15:04:37Z</time>
   </trkpt>
   <trkpt lat="50.1160550" lon="5.9993400">
    <ele>423.3</ele>
    <time>2025-09-12T15:04:45Z</time>
   </trkpt>
   <trkpt lat="50.1156920" lon="5.9991790">
    <ele>423.1</ele>
    <time>2025-09-12T15:04:52Z</time>
   </trkpt>
   <trkpt lat="50.1152060" lon="5.9990040">
    <ele>422.7</ele>
    <time>2025-09-12T15:05:01Z</time>
   </trkpt>
   <trkpt lat="50.1148050" lon="5.9988730">
    <ele>422.7</ele>
    <time>2025-09-12T15:05:08Z</time>
   </trkpt>
   <trkpt lat="50.1143490" lon="5.9987900">
    <ele>422.8</ele>
    <time>2025-09-12T15:05:16Z</time>
   </trkpt>
   <trkpt lat="50.1139710" lon="5.9988730">
    <ele>422.2</ele>
    <time>2025-09-12T15:05:22Z</time>
   </trkpt>
   <trkpt lat="50.1135970" lon="5.9990840">
    <ele>421.6</ele>
    <time>2025-09-12T15:05:28Z</time>
   </trkpt>
   <trkpt lat="50.1132480" lon="5.9993960">
    <ele>421.1</ele>
    <time>2025-09-12T15:05:34Z</time>
   </trkpt>
   <trkpt lat="50.1129130" lon="5.9998160">
    <ele>419.5</ele>
    <time>2025-09-12T15:05:40Z</time>
   </trkpt>
   <trkpt lat="50.1125510" lon="6.0002990">
    <ele>417.9</ele>
    <time>2025-09-12T15:05:46Z</time>
   </trkpt>
   <trkpt lat="50.1122290" lon="6.0006530">
    <ele>416.9</ele>
    <time>2025-09-12T15:05:51Z</time>
   </trkpt>
   <trkpt lat="50.1118450" lon="6.0011350">
    <ele>415.9</ele>
    <time>2025-09-12T15:05:57Z</time>
   </trkpt>
   <trkpt lat="50.1115770" lon="6.0015230">
    <ele>416.7</ele>
    <time>2025-09-12T15:06:02Z</time>
   </trkpt>
   <trkpt lat="50.1114720" lon="6.0016240">
    <ele>417.2</ele>
    <time>2025-09-12T15:06:04Z</time>
   </trkpt>
   <trkpt lat="50.1113680" lon="6.0016720">
    <ele>417.5</ele>
    <time>2025-09-12T15:06:06Z</time>
   </trkpt>
   <trkpt lat="50.1110830" lon="6.0016550">
    <ele>417.2</ele>
    <time>2025-09-12T15:06:11Z</time>
   </trkpt>
   <trkpt lat="50.1109620" lon="6.0015930">
    <ele>416.6</ele>
    <time>2025-09-12T15:06:13Z</time>
   </trkpt>
   <trkpt lat="50.1108460" lon="6.0014770">
    <ele>415.8</ele>
    <time>2025-09-12T15:06:15Z</time>
   </trkpt>
   <trkpt lat="50.1105350" lon="6.0010670">
    <ele>412.9</ele>
    <time>2025-09-12T15:06:20Z</time>
   </trkpt>
   <trkpt lat="50.1101470" lon="6.0006690">
    <ele>409.9</ele>
    <time>2025-09-12T15:06:25Z</time>
   </trkpt>
   <trkpt lat="50.1096410" lon="6.0002190">
    <ele>407.3</ele>
    <time>2025-09-12T15:06:31Z</time>
   </trkpt>
   <trkpt lat="50.1095580" lon="6.0001590">
    <ele>407.2</ele>
    <time>2025-09-12T15:06:32Z</time>
   </trkpt>
   <trkpt lat="50.1093880" lon="6.0001000">
    <ele>407.1</ele>
    <time>2025-09-12T15:06:34Z</time>
   </trkpt>
   <trkpt lat="50.1093020" lon="6.0001080">
    <ele>407.2</ele>
    <time>2025-09-12T15:06:35Z</time>
   </trkpt>
   <trkpt lat="50.1091430" lon="6.0001360">
    <ele>407.6</ele>
    <time>2025-09-12T15:06:37Z</time>
   </trkpt>
   <trkpt lat="50.1090080" lon="6.0001110">
    <ele>408.1</ele>
    <time>2025-09-12T15:06:39Z</time>
   </trkpt>
   <trkpt lat="50.1089070" lon="6.0000030">
    <ele>408.7</ele>
    <time>2025-09-12T15:06:41Z</time>
   </trkpt>
   <trkpt lat="50.1088760" lon="5.9999270">
    <ele>409.0</ele>
    <time>2025-09-12T15:06:42Z</time>
   </trkpt>
   <trkpt lat="50.1088580" lon="5.9998520">
    <ele>409.3</ele>
    <time>2025-09-12T15:06:43Z</time>
   </trkpt>
   <trkpt lat="50.1088220" lon="5.9997090">
    <ele>409.9</ele>
    <time>2025-09-12T15:06:45Z</time>
   </trkpt>
   <trkpt lat="50.1087980" lon="5.9996520">
    <ele>410.3</ele>
    <time>2025-09-12T15:06:46Z</time>
   </trkpt>
   <trkpt lat="50.1087700" lon="5.9996060">
    <ele>410.3</ele>
    <time>2025-09-12T15:06:47Z</time>
   </trkpt>
   <trkpt lat="50.1086910" lon="5.9995710">
    <ele>410.5</ele>
    <time>2025-09-12T15:06:49Z</time>
   </trkpt>
   <trkpt lat="50.1086140" lon="5.9996650">
    <ele>411.3</ele>
    <time>2025-09-12T15:06:52Z</time>
   </trkpt>
   <trkpt lat="50.1085920" lon="5.9998400">
    <ele>412.3</ele>
    <time>2025-09-12T15:06:56Z</time>
   </trkpt>
   <trkpt lat="50.1086030" lon="6.0001910">
    <ele>413.6</ele>
    <time>2025-09-12T15:07:02Z</time>
   </trkpt>
   <trkpt lat="50.1086280" lon="6.0004740">
    <ele>414.7</ele>
    <time>2025-09-12T15:07:07Z</time>
   </trkpt>
   <trkpt lat="50.1086390" lon="6.0005650">
    <ele>415.0</ele>
    <time>2025-09-12T15:07:09Z</time>
   </trkpt>
   <trkpt lat="50.1086370" lon="6.0006050">
    <ele>415.2</ele>
    <time>2025-09-12T15:07:10Z</time>
   </trkpt>
   <trkpt lat="50.1086780" lon="6.0008090">
    <ele>416.2</ele>
    <time>2025-09-12T15:07:14Z</time>
   </trkpt>
   <trkpt lat="50.1087230" lon="6.0011740">
    <ele>417.7</ele>
    <time>2025-09-12T15:07:20Z</time>
   </trkpt>
   <trkpt lat="50.1087350" lon="6.0015430">
    <ele>418.6</ele>
    <time>2025-09-12T15:07:26Z</time>
   </trkpt>
   <trkpt lat="50.1087440" lon="6.0018970">
    <ele>419.5</ele>
    <time>2025-09-12T15:07:32Z</time>
   </trkpt>
   <trkpt lat="50.1087570" lon="6.0022350">
    <ele>420.4</ele>
    <time>2025-09-12T15:07:38Z</time>
   </trkpt>
   <trkpt lat="50.1087650" lon="6.0026910">
    <ele>421.5</ele>
    <time>2025-09-12T15:07:46Z</time>
   </trkpt>
   <trkpt lat="50.1087310" lon="6.0031600">
    <ele>422.7</ele>
    <time>2025-09-12T15:07:54Z</time>
   </trkpt>
   <trkpt lat="50.1087150" lon="6.0036160">
    <ele>423.8</ele>
    <time>2025-09-12T15:08:02Z</time>
   </trkpt>
   <trkpt lat="50.1086770" lon="6.0040410">
    <ele>425.1</ele>
    <time>2025-09-12T15:08:10Z</time>
   </trkpt>
   <trkpt lat="50.1085550" lon="6.0043510">
    <ele>425.9</ele>
    <time>2025-09-12T15:08:17Z</time>
   </trkpt>
   <trkpt lat="50.1083960" lon="6.0046800">
    <ele>426.8</ele>
    <time>2025-09-12T15:08:24Z</time>
   </trkpt>
   <trkpt lat="50.1083220" lon="6.0049360">
    <ele>427.7</ele>
    <time>2025-09-12T15:08:29Z</time>
   </trkpt>
   <trkpt lat="50.1082240" lon="6.0051520">
    <ele>428.7</ele>
    <time>2025-09-12T15:08:34Z</time>
   </trkpt>
   <trkpt lat="50.1080810" lon="6.0053280">
    <ele>429.8</ele>
    <time>2025-09-12T15:08:40Z</time>
   </trkpt>
   <trkpt lat="50.1079510" lon="6.0055380">
    <ele>430.9</ele>
    <time>2025-09-12T15:08:46Z</time>
   </trkpt>
   <trkpt lat="50.1077990" lon="6.0058020">
    <ele>432.5</ele>
    <time>2025-09-12T15:08:53Z</time>
   </trkpt>
   <trkpt lat="50.1076250" lon="6.0060350">
    <ele>434.3</ele>
    <time>2025-09-12T15:09:01Z</time>
   </trkpt>
   <trkpt lat="50.1074600" lon="6.0061190">
    <ele>435.5</ele>
    <time>2025-09-12T15:09:07Z</time>
   </trkpt>
   <trkpt lat="50.1073040" lon="6.0061460">
    <ele>436.4</ele>
    <time>2025-09-12T15:09:13Z</time>
   </trkpt>
   <trkpt lat="50.1070680" lon="6.0061660">
    <ele>437.8</ele>
    <time>2025-09-12T15:09:22Z</time>
   </trkpt>
   <trkpt lat="50.1068980" lon="6.0062130">
    <ele>438.8</ele>
    <time>2025-09-12T15:09:28Z</time>
   </trkpt>
   <trkpt lat="50.1067450" lon="6.0062520">
    <ele>439.7</ele>
    <time>2025-09-12T15:09:33Z</time>
   </trkpt>
   <trkpt lat="50.1065570" lon="6.0062160">
    <ele>440.9</ele>
    <time>2025-09-12T15:09:40Z</time>
   </trkpt>
   <trkpt lat="50.1063620" lon="6.0061380">
    <ele>442.4</ele>
    <time>2025-09-12T15:09:48Z</time>
   </trkpt>
   <trkpt lat="50.1061820" lon="6.0059390">
    <ele>444.0</ele>
    <time>2025-09-12T15:09:57Z</time>
   </trkpt>
   <trkpt lat="50.1060830" lon="6.0056950">
    <ele>445.5</ele>
    <time>2025-09-12T15:10:04Z</time>
   </trkpt>
   <trkpt lat="50.1060040" lon="6.0054010">
    <ele>447.0</ele>
    <time>2025-09-12T15:10:12Z</time>
   </trkpt>
   <trkpt lat="50.1059330" lon="6.0051080">
    <ele>448.5</ele>
    <time>2025-09-12T15:10:20Z</time>
   </trkpt>
   <trkpt lat="50.1058610" lon="6.0047700">
    <ele>450.4</ele>
    <time>2025-09-12T15:10:29Z</time>
   </trkpt>
   <trkpt lat="50.1058140" lon="6.0044330">
    <ele>452.0</ele>
    <time>2025-09-12T15:10:37Z</time>
   </trkpt>
   <trkpt lat="50.1057960" lon="6.0041000">
    <ele>453.4</ele>
    <time>2025-09-12T15:10:45Z</time>
   </trkpt>
   <trkpt lat="50.1057720" lon="6.0037160">
    <ele>454.9</ele>
    <time>2025-09-12T15:10:54Z</time>
   </trkpt>
   <trkpt lat="50.1057370" lon="6.0032330">
    <ele>456.5</ele>
    <time>2025-09-12T15:11:05Z</time>
   </trkpt>
   <trkpt lat="50.1056670" lon="6.0027930">
    <ele>457.7</ele>
    <time>2025-09-12T15:11:14Z</time>
   </trkpt>
   <trkpt lat="50.1055420" lon="6.0022780">
    <ele>459.2</ele>
    <time>2025-09-12T15:11:25Z</time>
   </trkpt>
   <trkpt lat="50.1054480" lon="6.0019230">
    <ele>460.4</ele>
    <time>2025-09-12T15:11:33Z</time>
   </trkpt>
   <trkpt lat="50.1053210" lon="6.0015430">
    <ele>462.0</ele>
    <time>2025-09-12T15:11:42Z</time>
   </trkpt>
   <trkpt lat="50.1052140" lon="6.0012560">
    <ele>463.3</ele>
    <time>2025-09-12T15:11:49Z</time>
   </trkpt>
   <trkpt lat="50.1050520" lon="6.0008910">
    <ele>465.1</ele>
    <time>2025-09-12T15:11:59Z</time>
   </trkpt>
   <trkpt lat="50.1048950" lon="6.0006710">
    <ele>466.3</ele>
    <time>2025-09-12T15:12:06Z</time>
   </trkpt>
   <trkpt lat="50.1047160" lon="6.0004620">
    <ele>467.3</ele>
    <time>2025-09-12T15:12:14Z</time>
   </trkpt>
   <trkpt lat="50.1044970" lon="6.0002020">
    <ele>468.3</ele>
    <time>2025-09-12T15:12:23Z</time>
   </trkpt>
   <trkpt lat="50.1043270" lon="6.0000200">
    <ele>468.7</ele>
    <time>2025-09-12T15:12:30Z</time>
   </trkpt>
   <trkpt lat="50.1041020" lon="5.9998050">
    <ele>469.0</ele>
    <time>2025-09-12T15:12:39Z</time>
   </trkpt>
   <trkpt lat="50.1040410" lon="5.9997680">
    <ele>468.9</ele>
    <time>2025-09-12T15:12:43Z</time>
   </trkpt>
   <trkpt lat="50.1039020" lon="5.9996740">
    <ele>468.5</ele>
    <time>2025-09-12T15:15:59Z</time>
   </trkpt>
   <trkpt lat="50.1037420" lon="5.9996100">
    <ele>467.6</ele>
    <time>2025-09-12T15:16:04Z</time>
   </trkpt>
   <trkpt lat="50.1034820" lon="5.9995000">
    <ele>465.8</ele>
    <time>2025-09-12T15:16:10Z</time>
   </trkpt>
   <trkpt lat="50.1031160" lon="5.9992960">
    <ele>462.4</ele>
    <time>2025-09-12T15:16:16Z</time>
   </trkpt>
   <trkpt lat="50.1026710" lon="5.9989210">
    <ele>456.8</ele>
    <time>2025-09-12T15:16:23Z</time>
   </trkpt>
   <trkpt lat="50.1023100" lon="5.9985450">
    <ele>450.9</ele>
    <time>2025-09-12T15:16:29Z</time>
   </trkpt>
   <trkpt lat="50.1018510" lon="5.9982970">
    <ele>444.6</ele>
    <time>2025-09-12T15:16:35Z</time>
   </trkpt>
   <trkpt lat="50.1013970" lon="5.9981230">
    <ele>439.9</ele>
    <time>2025-09-12T15:16:41Z</time>
   </trkpt>
   <trkpt lat="50.1012510" lon="5.9981580">
    <ele>438.7</ele>
    <time>2025-09-12T15:16:43Z</time>
   </trkpt>
   <trkpt lat="50.1011130" lon="5.9982210">
    <ele>437.4</ele>
    <time>2025-09-12T15:16:45Z</time>
   </trkpt>
   <trkpt lat="50.1009830" lon="5.9982580">
    <ele>436.3</ele>
    <time>2025-09-12T15:16:47Z</time>
   </trkpt>
   <trkpt lat="50.1008570" lon="5.9982430">
    <ele>435.2</ele>
    <time>2025-09-12T15:16:49Z</time>
   </trkpt>
   <trkpt lat="50.1007420" lon="5.9981720">
    <ele>434.3</ele>
    <time>2025-09-12T15:16:51Z</time>
   </trkpt>
   <trkpt lat="50.1006440" lon="5.9980440">
    <ele>433.3</ele>
    <time>2025-09-12T15:16:53Z</time>
   </trkpt>
   <trkpt lat="50.1005410" lon="5.9977680">
    <ele>431.7</ele>
    <time>2025-09-12T15:16:56Z</time>
   </trkpt>
   <trkpt lat="50.1005200" lon="5.9976640">
    <ele>431.2</ele>
    <time>2025-09-12T15:16:57Z</time>
   </trkpt>
   <trkpt lat="50.1005100" lon="5.9975570">
    <ele>430.7</ele>
    <time>2025-09-12T15:16:58Z</time>
   </trkpt>
   <trkpt lat="50.1005290" lon="5.9973450">
    <ele>429.6</ele>
    <time>2025-09-12T15:17:00Z</time>
   </trkpt>
   <trkpt lat="50.1005750" lon="5.9971380">
    <ele>428.6</ele>
    <time>2025-09-12T15:17:02Z</time>
   </trkpt>
   <trkpt lat="50.1006000" lon="5.9969400">
    <ele>427.6</ele>
    <time>2025-09-12T15:17:04Z</time>
   </trkpt>
   <trkpt lat="50.1005980" lon="5.9965350">
    <ele>426.0</ele>
    <time>2025-09-12T15:17:08Z</time>
   </trkpt>
   <trkpt lat="50.1005880" lon="5.9964280">
    <ele>425.6</ele>
    <time>2025-09-12T15:17:09Z</time>
   </trkpt>
   <trkpt lat="50.1005680" lon="5.9963240">
    <ele>425.1</ele>
    <time>2025-09-12T15:17:10Z</time>
   </trkpt>
   <trkpt lat="50.1005000" lon="5.9961400">
    <ele>424.2</ele>
    <time>2025-09-12T15:17:12Z</time>
   </trkpt>
   <trkpt lat="50.1003450" lon="5.9958910">
    <ele>422.5</ele>
    <time>2025-09-12T15:17:15Z</time>
   </trkpt>
   <trkpt lat="50.1002820" lon="5.9958190">
    <ele>421.9</ele>
    <time>2025-09-12T15:17:16Z</time>
   </trkpt>
   <trkpt lat="50.0999540" lon="5.9955370">
    <ele>418.9</ele>
    <time>2025-09-12T15:17:21Z</time>
   </trkpt>
   <trkpt lat="50.0997420" lon="5.9954350">
    <ele>416.8</ele>
    <time>2025-09-12T15:17:24Z</time>
   </trkpt>
   <trkpt lat="50.0996600" lon="5.9954210">
    <ele>416.0</ele>
    <time>2025-09-12T15:17:25Z</time>
   </trkpt>
   <trkpt lat="50.0995800" lon="5.9954040">
    <ele>415.2</ele>
    <time>2025-09-12T15:17:26Z</time>
   </trkpt>
   <trkpt lat="50.0994190" lon="5.9953540">
    <ele>413.5</ele>
    <time>2025-09-12T15:17:28Z</time>
   </trkpt>
   <trkpt lat="50.0993400" lon="5.9953150">
    <ele>412.7</ele>
    <time>2025-09-12T15:17:29Z</time>
   </trkpt>
   <trkpt lat="50.0988910" lon="5.9950430">
    <ele>408.6</ele>
    <time>2025-09-12T15:17:35Z</time>
   </trkpt>
   <trkpt lat="50.0988230" lon="5.9950070">
    <ele>408.2</ele>
    <time>2025-09-12T15:17:36Z</time>
   </trkpt>
   <trkpt lat="50.0986870" lon="5.9949970">
    <ele>407.4</ele>
    <time>2025-09-12T15:17:38Z</time>
   </trkpt>
   <trkpt lat="50.0985700" lon="5.9950890">
    <ele>406.5</ele>
    <time>2025-09-12T15:17:40Z</time>
   </trkpt>
   <trkpt lat="50.0985160" lon="5.9951530">
    <ele>406.1</ele>
    <time>2025-09-12T15:17:41Z</time>
   </trkpt>
   <trkpt lat="50.0982630" lon="5.9954510">
    <ele>404.7</ele>
    <time>2025-09-12T15:17:46Z</time>
   </trkpt>
   <trkpt lat="50.0982240" lon="5.9956010">
    <ele>404.1</ele>
    <time>2025-09-12T15:17:48Z</time>
   </trkpt>
   <trkpt lat="50.0982410" lon="5.9956810">
    <ele>403.6</ele>
    <time>2025-09-12T15:17:49Z</time>
   </trkpt>
   <trkpt lat="50.0983350" lon="5.9957260">
    <ele>402.7</ele>
    <time>2025-09-12T15:17:51Z</time>
   </trkpt>
   <trkpt lat="50.0985240" lon="5.9956570">
    <ele>400.9</ele>
    <time>2025-09-12T15:17:55Z</time>
   </trkpt>
   <trkpt lat="50.0985610" lon="5.9956470">
    <ele>400.6</ele>
    <time>2025-09-12T15:17:56Z</time>
   </trkpt>
   <trkpt lat="50.0986350" lon="5.9956470">
    <ele>400.2</ele>
    <time>2025-09-12T15:18:00Z</time>
   </trkpt>
   <trkpt lat="50.0986560" lon="5.9956810">
    <ele>399.9</ele>
    <time>2025-09-12T15:18:02Z</time>
   </trkpt>
   <trkpt lat="50.0986660" lon="5.9957180">
    <ele>399.6</ele>
    <time>2025-09-12T15:18:03Z</time>
   </trkpt>
   <trkpt lat="50.0986550" lon="5.9958420">
    <ele>398.8</ele>
    <time>2025-09-12T15:18:08Z</time>
   </trkpt>
   <trkpt lat="50.0986570" lon="5.9958570">
    <ele>398.7</ele>
    <time>2025-09-12T15:18:09Z</time>
   </trkpt>
   <trkpt lat="50.0986580" lon="5.9959000">
    <ele>398.4</ele>
    <time>2025-09-12T15:19:01Z</time>
   </trkpt>
   <trkpt lat="50.0986470" lon="5.9960140">
    <ele>397.8</ele>
    <time>2025-09-12T15:19:03Z</time>
   </trkpt>
   <trkpt lat="50.0986400" lon="5.9962420">
    <ele>396.8</ele>
    <time>2025-09-12T15:19:06Z</time>
   </trkpt>
   <trkpt lat="50.0986420" lon="5.9963310">
    <ele>396.5</ele>
    <time>2025-09-12T15:19:07Z</time>
   </trkpt>
   <trkpt lat="50.0986210" lon="5.9968160">
    <ele>395.8</ele>
    <time>2025-09-12T15:19:12Z</time>
   </trkpt>
   <trkpt lat="50.0986160" lon="5.9969050">
    <ele>395.8</ele>
    <time>2025-09-12T15:19:13Z</time>
   </trkpt>
   <trkpt lat="50.0986000" lon="5.9972640">
    <ele>395.6</ele>
    <time>2025-09-12T15:19:17Z</time>
   </trkpt>
   <trkpt lat="50.0985860" lon="5.9975140">
    <ele>395.6</ele>
    <time>2025-09-12T15:19:20Z</time>
   </trkpt>
   <trkpt lat="50.0985700" lon="5.9976790">
    <ele>395.5</ele>
    <time>2025-09-12T15:19:22Z</time>
   </trkpt>
   <trkpt lat="50.0985070" lon="5.9982100">
    <ele>395.0</ele>
    <time>2025-09-12T15:19:28Z</time>
   </trkpt>
   <trkpt lat="50.0983980" lon="5.9986830">
    <ele>394.5</ele>
    <time>2025-09-12T15:19:33Z</time>
   </trkpt>
   <trkpt lat="50.0983760" lon="5.9987690">
    <ele>394.4</ele>
    <time>2025-09-12T15:19:34Z</time>
   </trkpt>
   <trkpt lat="50.0982040" lon="5.9993010">
    <ele>393.7</ele>
    <time>2025-09-12T15:19:40Z</time>
   </trkpt>
   <trkpt lat="50.0979630" lon="6.0000550">
    <ele>393.1</ele>
    <time>2025-09-12T15:19:48Z</time>
   </trkpt>
   <trkpt lat="50.0978710" lon="6.0003540">
    <ele>393.0</ele>
    <time>2025-09-12T15:19:51Z</time>
   </trkpt>
   <trkpt lat="50.0978070" lon="6.0005500">
    <ele>393.0</ele>
    <time>2025-09-12T15:19:53Z</time>
   </trkpt>
   <trkpt lat="50.0977800" lon="6.0006510">
    <ele>393.0</ele>
    <time>2025-09-12T15:19:54Z</time>
   </trkpt>
   <trkpt lat="50.0977110" lon="6.0009600">
    <ele>392.9</ele>
    <time>2025-09-12T15:19:57Z</time>
   </trkpt>
   <trkpt lat="50.0976960" lon="6.0010650">
    <ele>392.9</ele>
    <time>2025-09-12T15:19:58Z</time>
   </trkpt>
   <trkpt lat="50.0976840" lon="6.0011700">
    <ele>392.9</ele>
    <time>2025-09-12T15:19:59Z</time>
   </trkpt>
   <trkpt lat="50.0976470" lon="6.0013750">
    <ele>392.9</ele>
    <time>2025-09-12T15:20:01Z</time>
   </trkpt>
   <trkpt lat="50.0976270" lon="6.0014760">
    <ele>392.9</ele>
    <time>2025-09-12T15:20:02Z</time>
   </trkpt>
   <trkpt lat="50.0975840" lon="6.0018970">
    <ele>392.7</ele>
    <time>2025-09-12T15:20:06Z</time>
   </trkpt>
   <trkpt lat="50.0975810" lon="6.0020090">
    <ele>392.7</ele>
    <time>2025-09-12T15:20:07Z</time>
   </trkpt>
   <trkpt lat="50.0975520" lon="6.0025860">
    <ele>392.6</ele>
    <time>2025-09-12T15:20:12Z</time>
   </trkpt>
   <trkpt lat="50.0975180" lon="6.0034750">
    <ele>392.9</ele>
    <time>2025-09-12T15:20:20Z</time>
   </trkpt>
   <trkpt lat="50.0974990" lon="6.0040890">
    <ele>393.4</ele>
    <time>2025-09-12T15:20:26Z</time>
   </trkpt>
   <trkpt lat="50.0974870" lon="6.0045810">
    <ele>393.7</ele>
    <time>2025-09-12T15:20:31Z</time>
   </trkpt>
   <trkpt lat="50.0974810" lon="6.0046840">
    <ele>393.7</ele>
    <time>2025-09-12T15:20:32Z</time>
   </trkpt>
   <trkpt lat="50.0974770" lon="6.0048870">
    <ele>393.9</ele>
    <time>2025-09-12T15:20:34Z</time>
   </trkpt>
   <trkpt lat="50.0974800" lon="6.0049880">
    <ele>394.0</ele>
    <time>2025-09-12T15:20:35Z</time>
   </trkpt>
   <trkpt lat="50.0974810" lon="6.0051940">
    <ele>394.1</ele>
    <time>2025-09-12T15:20:37Z</time>
   </trkpt>
   <trkpt lat="50.0974800" lon="6.0053920">
    <ele>394.3</ele>
    <time>2025-09-12T15:20:39Z</time>
   </trkpt>
   <trkpt lat="50.0974850" lon="6.0054880">
    <ele>394.4</ele>
    <time>2025-09-12T15:20:40Z</time>
   </trkpt>
   <trkpt lat="50.0975240" lon="6.0057880">
    <ele>394.6</ele>
    <time>2025-09-12T15:20:43Z</time>
   </trkpt>
   <trkpt lat="50.0975580" lon="6.0062940">
    <ele>394.9</ele>
    <time>2025-09-12T15:20:48Z</time>
   </trkpt>
   <trkpt lat="50.0975710" lon="6.0065930">
    <ele>395.0</ele>
    <time>2025-09-12T15:20:51Z</time>
   </trkpt>
   <trkpt lat="50.0975730" lon="6.0066970">
    <ele>395.1</ele>
    <time>2025-09-12T15:20:52Z</time>
   </trkpt>
   <trkpt lat="50.0975180" lon="6.0072980">
    <ele>395.4</ele>
    <time>2025-09-12T15:20:58Z</time>
   </trkpt>
   <trkpt lat="50.0973390" lon="6.0079250">
    <ele>395.8</ele>
    <time>2025-09-12T15:21:05Z</time>
   </trkpt>
   <trkpt lat="50.0971270" lon="6.0085760">
    <ele>396.5</ele>
    <time>2025-09-12T15:21:13Z</time>
   </trkpt>
   <trkpt lat="50.0970420" lon="6.0091460">
    <ele>397.1</ele>
    <time>2025-09-12T15:21:20Z</time>
   </trkpt>
   <trkpt lat="50.0970360" lon="6.0092300">
    <ele>397.2</ele>
    <time>2025-09-12T15:21:21Z</time>
   </trkpt>
   <trkpt lat="50.0970230" lon="6.0093980">
    <ele>397.3</ele>
    <time>2025-09-12T15:21:23Z</time>
   </trkpt>
   <trkpt lat="50.0970140" lon="6.0095690">
    <ele>397.5</ele>
    <time>2025-09-12T15:21:25Z</time>
   </trkpt>
   <trkpt lat="50.0969980" lon="6.0097360">
    <ele>397.7</ele>
    <time>2025-09-12T15:21:27Z</time>
   </trkpt>
   <trkpt lat="50.0969840" lon="6.0099800">
    <ele>397.9</ele>
    <time>2025-09-12T15:21:30Z</time>
   </trkpt>
   <trkpt lat="50.0969790" lon="6.0100580">
    <ele>398.0</ele>
    <time>2025-09-12T15:21:31Z</time>
   </trkpt>
   <trkpt lat="50.0969400" lon="6.0104720">
    <ele>398.3</ele>
    <time>2025-09-12T15:21:36Z</time>
   </trkpt>
   <trkpt lat="50.0969270" lon="6.0105490">
    <ele>398.4</ele>
    <time>2025-09-12T15:21:37Z</time>
   </trkpt>
   <trkpt lat="50.0968860" lon="6.0107800">
    <ele>398.7</ele>
    <time>2025-09-12T15:21:40Z</time>
   </trkpt>
   <trkpt lat="50.0967710" lon="6.0112890">
    <ele>399.2</ele>
    <time>2025-09-12T15:21:47Z</time>
   </trkpt>
   <trkpt lat="50.0966480" lon="6.0116760">
    <ele>399.0</ele>
    <time>2025-09-12T15:21:53Z</time>
   </trkpt>
   <trkpt lat="50.0965080" lon="6.0120190">
    <ele>398.8</ele>
    <time>2025-09-12T15:21:58Z</time>
   </trkpt>
   <trkpt lat="50.0964580" lon="6.0121640">
    <ele>398.6</ele>
    <time>2025-09-12T15:22:00Z</time>
   </trkpt>
   <trkpt lat="50.0962610" lon="6.0126940">
    <ele>397.9</ele>
    <time>2025-09-12T15:22:07Z</time>
   </trkpt>
   <trkpt lat="50.0960410" lon="6.0133050">
    <ele>396.7</ele>
    <time>2025-09-12T15:22:14Z</time>
   </trkpt>
   <trkpt lat="50.0957770" lon="6.0139940">
    <ele>395.5</ele>
    <time>2025-09-12T15:22:21Z</time>
   </trkpt>
   <trkpt lat="50.0955120" lon="6.0147240">
    <ele>394.3</ele>
    <time>2025-09-12T15:22:28Z</time>
   </trkpt>
   <trkpt lat="50.0952690" lon="6.0154800">
    <ele>393.1</ele>
    <time>2025-09-12T15:22:35Z</time>
   </trkpt>
   <trkpt lat="50.0952410" lon="6.0155900">
    <ele>392.9</ele>
    <time>2025-09-12T15:22:36Z</time>
   </trkpt>
   <trkpt lat="50.0951510" lon="6.0160540">
    <ele>392.4</ele>
    <time>2025-09-12T15:22:40Z</time>
   </trkpt>
   <trkpt lat="50.0951410" lon="6.0161790">
    <ele>392.2</ele>
    <time>2025-09-12T15:22:41Z</time>
   </trkpt>
   <trkpt lat="50.0951260" lon="6.0169760">
    <ele>391.4</ele>
    <time>2025-09-12T15:22:47Z</time>
   </trkpt>
   <trkpt lat="50.0951560" lon="6.0172260">
    <ele>391.3</ele>
    <time>2025-09-12T15:22:49Z</time>
   </trkpt>
   <trkpt lat="50.0951750" lon="6.0173430">
    <ele>391.1</ele>
    <time>2025-09-12T15:22:50Z</time>
   </trkpt>
   <trkpt lat="50.0952220" lon="6.0175570">
    <ele>390.9</ele>
    <time>2025-09-12T15:22:52Z</time>
   </trkpt>
   <trkpt lat="50.0952400" lon="6.0176570">
    <ele>390.7</ele>
    <time>2025-09-12T15:22:53Z</time>
   </trkpt>
   <trkpt lat="50.0953030" lon="6.0178570">
    <ele>390.6</ele>
    <time>2025-09-12T15:22:55Z</time>
   </trkpt>
   <trkpt lat="50.0953870" lon="6.0180510">
    <ele>390.4</ele>
    <time>2025-09-12T15:22:57Z</time>
   </trkpt>
   <trkpt lat="50.0955550" lon="6.0183710">
    <ele>390.2</ele>
    <time>2025-09-12T15:23:01Z</time>
   </trkpt>
   <trkpt lat="50.0957330" lon="6.0185840">
    <ele>390.0</ele>
    <time>2025-09-12T15:23:04Z</time>
   </trkpt>
   <trkpt lat="50.0958650" lon="6.0187330">
    <ele>389.8</ele>
    <time>2025-09-12T15:23:06Z</time>
   </trkpt>
   <trkpt lat="50.0959820" lon="6.0188750">
    <ele>389.6</ele>
    <time>2025-09-12T15:23:08Z</time>
   </trkpt>
   <trkpt lat="50.0962410" lon="6.0192120">
    <ele>389.6</ele>
    <time>2025-09-12T15:23:13Z</time>
   </trkpt>
   <trkpt lat="50.0963200" lon="6.0193790">
    <ele>389.5</ele>
    <time>2025-09-12T15:23:16Z</time>
   </trkpt>
   <trkpt lat="50.0964540" lon="6.0197150">
    <ele>389.1</ele>
    <time>2025-09-12T15:23:22Z</time>
   </trkpt>
   <trkpt lat="50.0964850" lon="6.0198140">
    <ele>389.0</ele>
    <time>2025-09-12T15:23:24Z</time>
   </trkpt>
   <trkpt lat="50.0964990" lon="6.0198540">
    <ele>388.9</ele>
    <time>2025-09-12T15:23:25Z</time>
   </trkpt>
   <trkpt lat="50.0965240" lon="6.0200150">
    <ele>388.7</ele>
    <time>2025-09-12T15:23:28Z</time>
   </trkpt>
   <trkpt lat="50.0965320" lon="6.0203920">
    <ele>388.1</ele>
    <time>2025-09-12T15:23:32Z</time>
   </trkpt>
   <trkpt lat="50.0965300" lon="6.0204970">
    <ele>388.0</ele>
    <time>2025-09-12T15:23:33Z</time>
   </trkpt>
   <trkpt lat="50.0964960" lon="6.0206970">
    <ele>387.7</ele>
    <time>2025-09-12T15:23:35Z</time>
   </trkpt>
   <trkpt lat="50.0964450" lon="6.0208840">
    <ele>387.5</ele>
    <time>2025-09-12T15:23:37Z</time>
   </trkpt>
   <trkpt lat="50.0962590" lon="6.0213090">
    <ele>387.1</ele>
    <time>2025-09-12T15:23:42Z</time>
   </trkpt>
   <trkpt lat="50.0961810" lon="6.0214650">
    <ele>386.9</ele>
    <time>2025-09-12T15:23:44Z</time>
   </trkpt>
   <trkpt lat="50.0959710" lon="6.0218790">
    <ele>386.3</ele>
    <time>2025-09-12T15:23:49Z</time>
   </trkpt>
   <trkpt lat="50.0956350" lon="6.0226580">
    <ele>385.6</ele>
    <time>2025-09-12T15:23:57Z</time>
   </trkpt>
   <trkpt lat="50.0954260" lon="6.0232340">
    <ele>385.4</ele>
    <time>2025-09-12T15:24:03Z</time>
   </trkpt>
   <trkpt lat="50.0952330" lon="6.0238130">
    <ele>384.9</ele>
    <time>2025-09-12T15:24:09Z</time>
   </trkpt>
   <trkpt lat="50.0951350" lon="6.0243450">
    <ele>384.7</ele>
    <time>2025-09-12T15:24:14Z</time>
   </trkpt>
   <trkpt lat="50.0951390" lon="6.0249510">
    <ele>384.3</ele>
    <time>2025-09-12T15:24:19Z</time>
   </trkpt>
   <trkpt lat="50.0951350" lon="6.0251910">
    <ele>384.1</ele>
    <time>2025-09-12T15:24:21Z</time>
   </trkpt>
   <trkpt lat="50.0950950" lon="6.0255320">
    <ele>384.0</ele>
    <time>2025-09-12T15:24:24Z</time>
   </trkpt>
   <trkpt lat="50.0950510" lon="6.0258550">
    <ele>384.0</ele>
    <time>2025-09-12T15:24:27Z</time>
   </trkpt>
   <trkpt lat="50.0950540" lon="6.0260600">
    <ele>384.2</ele>
    <time>2025-09-12T15:24:29Z</time>
   </trkpt>
   <trkpt lat="50.0950510" lon="6.0261550">
    <ele>384.3</ele>
    <time>2025-09-12T15:24:30Z</time>
   </trkpt>
   <trkpt lat="50.0950000" lon="6.0263080">
    <ele>384.5</ele>
    <time>2025-09-12T15:24:32Z</time>
   </trkpt>
   <trkpt lat="50.0948020" lon="6.0264790">
    <ele>384.6</ele>
    <time>2025-09-12T15:24:36Z</time>
   </trkpt>
   <trkpt lat="50.0943950" lon="6.0267840">
    <ele>385.1</ele>
    <time>2025-09-12T15:24:44Z</time>
   </trkpt>
   <trkpt lat="50.0942480" lon="6.0268790">
    <ele>385.3</ele>
    <time>2025-09-12T15:24:47Z</time>
   </trkpt>
   <trkpt lat="50.0941460" lon="6.0269080">
    <ele>385.5</ele>
    <time>2025-09-12T15:24:49Z</time>
   </trkpt>
   <trkpt lat="50.0941000" lon="6.0269350">
    <ele>385.6</ele>
    <time>2025-09-12T15:24:50Z</time>
   </trkpt>
   <trkpt lat="50.0940370" lon="6.0270090">
    <ele>385.7</ele>
    <time>2025-09-12T15:24:52Z</time>
   </trkpt>
   <trkpt lat="50.0938290" lon="6.0273140">
    <ele>386.0</ele>
    <time>2025-09-12T15:24:58Z</time>
   </trkpt>
   <trkpt lat="50.0936400" lon="6.0275530">
    <ele>386.8</ele>
    <time>2025-09-12T15:25:03Z</time>
   </trkpt>
   <trkpt lat="50.0936060" lon="6.0276020">
    <ele>387.0</ele>
    <time>2025-09-12T15:25:04Z</time>
   </trkpt>
   <trkpt lat="50.0935020" lon="6.0277490">
    <ele>387.7</ele>
    <time>2025-09-12T15:25:07Z</time>
   </trkpt>
   <trkpt lat="50.0933960" lon="6.0278710">
    <ele>388.3</ele>
    <time>2025-09-12T15:25:10Z</time>
   </trkpt>
   <trkpt lat="50.0932980" lon="6.0280060">
    <ele>389.1</ele>
    <time>2025-09-12T15:25:14Z</time>
   </trkpt>
   <trkpt lat="50.0932940" lon="6.0280500">
    <ele>389.2</ele>
    <time>2025-09-12T15:25:15Z</time>
   </trkpt>
   <trkpt lat="50.0932900" lon="6.0281200">
    <ele>389.4</ele>
    <time>2025-09-12T15:25:17Z</time>
   </trkpt>
   <trkpt lat="50.0932490" lon="6.0281840">
    <ele>389.8</ele>
    <time>2025-09-12T15:25:20Z</time>
   </trkpt>
   <trkpt lat="50.0931440" lon="6.0282790">
    <ele>390.4</ele>
    <time>2025-09-12T15:25:24Z</time>
   </trkpt>
   <trkpt lat="50.0929890" lon="6.0283510">
    <ele>391.2</ele>
    <time>2025-09-12T15:25:28Z</time>
   </trkpt>
   <trkpt lat="50.0929060" lon="6.0283560">
    <ele>391.5</ele>
    <time>2025-09-12T15:25:30Z</time>
   </trkpt>
   <trkpt lat="50.0927320" lon="6.0282690">
    <ele>391.9</ele>
    <time>2025-09-12T15:25:35Z</time>
   </trkpt>
   <trkpt lat="50.0925260" lon="6.0280710">
    <ele>392.1</ele>
    <time>2025-09-12T15:25:41Z</time>
   </trkpt>
   <trkpt lat="50.0923690" lon="6.0279120">
    <ele>392.1</ele>
    <time>2025-09-12T15:25:45Z</time>
   </trkpt>
   <trkpt lat="50.0922760" lon="6.0278330">
    <ele>391.9</ele>
    <time>2025-09-12T15:25:47Z</time>
   </trkpt>
   <trkpt lat="50.0920950" lon="6.0276780">
    <ele>391.5</ele>
    <time>2025-09-12T15:25:51Z</time>
   </trkpt>
   <trkpt lat="50.0918300" lon="6.0273990">
    <ele>391.1</ele>
    <time>2025-09-12T15:25:57Z</time>
   </trkpt>
   <trkpt lat="50.0915610" lon="6.0270770">
    <ele>390.9</ele>
    <time>2025-09-12T15:26:03Z</time>
   </trkpt>
   <trkpt lat="50.0915140" lon="6.0270150">
    <ele>390.8</ele>
    <time>2025-09-12T15:26:04Z</time>
   </trkpt>
   <trkpt lat="50.0913680" lon="6.0268320">
    <ele>390.8</ele>
    <time>2025-09-12T15:26:07Z</time>
   </trkpt>
   <trkpt lat="50.0910840" lon="6.0264730">
    <ele>391.1</ele>
    <time>2025-09-12T15:26:13Z</time>
   </trkpt>
   <trkpt lat="50.0907560" lon="6.0260810">
    <ele>391.8</ele>
    <time>2025-09-12T15:26:20Z</time>
   </trkpt>
   <trkpt lat="50.0903360" lon="6.0256240">
    <ele>392.5</ele>
    <time>2025-09-12T15:26:29Z</time>
   </trkpt>
   <trkpt lat="50.0900390" lon="6.0253650">
    <ele>393.1</ele>
    <time>2025-09-12T15:26:35Z</time>
   </trkpt>
   <trkpt lat="50.0897810" lon="6.0252200">
    <ele>393.6</ele>
    <time>2025-09-12T15:26:40Z</time>
   </trkpt>
   <trkpt lat="50.0896820" lon="6.0251740">
    <ele>393.6</ele>
    <time>2025-09-12T15:26:42Z</time>
   </trkpt>
   <trkpt lat="50.0895570" lon="6.0251310">
    <ele>393.5</ele>
    <time>2025-09-12T15:26:44Z</time>
   </trkpt>
   <trkpt lat="50.0891570" lon="6.0250620">
    <ele>392.8</ele>
    <time>2025-09-12T15:26:50Z</time>
   </trkpt>
   <trkpt lat="50.0887330" lon="6.0250780">
    <ele>392.0</ele>
    <time>2025-09-12T15:26:56Z</time>
   </trkpt>
   <trkpt lat="50.0883010" lon="6.0251990">
    <ele>391.2</ele>
    <time>2025-09-12T15:27:02Z</time>
   </trkpt>
   <trkpt lat="50.0878970" lon="6.0254140">
    <ele>391.2</ele>
    <time>2025-09-12T15:27:08Z</time>
   </trkpt>
   <trkpt lat="50.0876480" lon="6.0255990">
    <ele>391.0</ele>
    <time>2025-09-12T15:27:12Z</time>
   </trkpt>
   <trkpt lat="50.0873200" lon="6.0258270">
    <ele>391.0</ele>
    <time>2025-09-12T15:27:17Z</time>
   </trkpt>
   <trkpt lat="50.0869950" lon="6.0260710">
    <ele>391.2</ele>
    <time>2025-09-12T15:27:22Z</time>
   </trkpt>
   <trkpt lat="50.0864710" lon="6.0264630">
    <ele>391.2</ele>
    <time>2025-09-12T15:27:30Z</time>
   </trkpt>
   <trkpt lat="50.0860850" lon="6.0267790">
    <ele>391.1</ele>
    <time>2025-09-12T15:27:36Z</time>
   </trkpt>
   <trkpt lat="50.0855880" lon="6.0272470">
    <ele>391.4</ele>
    <time>2025-09-12T15:27:44Z</time>
   </trkpt>
   <trkpt lat="50.0852100" lon="6.0276980">
    <ele>392.1</ele>
    <time>2025-09-12T15:27:51Z</time>
   </trkpt>
   <trkpt lat="50.0848820" lon="6.0282570">
    <ele>392.8</ele>
    <time>2025-09-12T15:27:58Z</time>
   </trkpt>
   <trkpt lat="50.0846080" lon="6.0287300">
    <ele>392.7</ele>
    <time>2025-09-12T15:28:04Z</time>
   </trkpt>
   <trkpt lat="50.0843080" lon="6.0292150">
    <ele>392.2</ele>
    <time>2025-09-12T15:28:10Z</time>
   </trkpt>
   <trkpt lat="50.0839540" lon="6.0295600">
    <ele>391.6</ele>
    <time>2025-09-12T15:28:16Z</time>
   </trkpt>
   <trkpt lat="50.0835250" lon="6.0297790">
    <ele>390.9</ele>
    <time>2025-09-12T15:28:22Z</time>
   </trkpt>
   <trkpt lat="50.0831360" lon="6.0298180">
    <ele>390.1</ele>
    <time>2025-09-12T15:28:27Z</time>
   </trkpt>
   <trkpt lat="50.0826810" lon="6.0297540">
    <ele>389.4</ele>
    <time>2025-09-12T15:28:33Z</time>
   </trkpt>
   <trkpt lat="50.0822690" lon="6.0295610">
    <ele>388.8</ele>
    <time>2025-09-12T15:28:39Z</time>
   </trkpt>
   <trkpt lat="50.0819440" lon="6.0292570">
    <ele>388.1</ele>
    <time>2025-09-12T15:28:44Z</time>
   </trkpt>
   <trkpt lat="50.0816670" lon="6.0288570">
    <ele>387.5</ele>
    <time>2025-09-12T15:28:49Z</time>
   </trkpt>
   <trkpt lat="50.0814370" lon="6.0284140">
    <ele>386.9</ele>
    <time>2025-09-12T15:28:54Z</time>
   </trkpt>
   <trkpt lat="50.0812100" lon="6.0279390">
    <ele>386.2</ele>
    <time>2025-09-12T15:28:59Z</time>
   </trkpt>
   <trkpt lat="50.0808750" lon="6.0272400">
    <ele>385.2</ele>
    <time>2025-09-12T15:29:06Z</time>
   </trkpt>
   <trkpt lat="50.0807820" lon="6.0270430">
    <ele>384.9</ele>
    <time>2025-09-12T15:29:08Z</time>
   </trkpt>
   <trkpt lat="50.0805390" lon="6.0265330">
    <ele>384.4</ele>
    <time>2025-09-12T15:29:13Z</time>
   </trkpt>
   <trkpt lat="50.0801820" lon="6.0257620">
    <ele>384.2</ele>
    <time>2025-09-12T15:29:21Z</time>
   </trkpt>
   <trkpt lat="50.0799020" lon="6.0252290">
    <ele>384.1</ele>
    <time>2025-09-12T15:29:27Z</time>
   </trkpt>
   <trkpt lat="50.0795280" lon="6.0246480">
    <ele>383.9</ele>
    <time>2025-09-12T15:29:34Z</time>
   </trkpt>
   <trkpt lat="50.0791220" lon="6.0241300">
    <ele>383.2</ele>
    <time>2025-09-12T15:29:41Z</time>
   </trkpt>
   <trkpt lat="50.0786480" lon="6.0236570">
    <ele>381.4</ele>
    <time>2025-09-12T15:29:48Z</time>
   </trkpt>
   <trkpt lat="50.0782670" lon="6.0233470">
    <ele>379.7</ele>
    <time>2025-09-12T15:29:53Z</time>
   </trkpt>
   <trkpt lat="50.0777550" lon="6.0230760">
    <ele>378.1</ele>
    <time>2025-09-12T15:29:59Z</time>
   </trkpt>
   <trkpt lat="50.0776670" lon="6.0230390">
    <ele>377.9</ele>
    <time>2025-09-12T15:30:00Z</time>
   </trkpt>
   <trkpt lat="50.0771350" lon="6.0228280">
    <ele>376.5</ele>
    <time>2025-09-12T15:30:06Z</time>
   </trkpt>
   <trkpt lat="50.0766290" lon="6.0226870">
    <ele>375.5</ele>
    <time>2025-09-12T15:30:12Z</time>
   </trkpt>
   <trkpt lat="50.0760120" lon="6.0225100">
    <ele>374.3</ele>
    <time>2025-09-12T15:30:19Z</time>
   </trkpt>
   <trkpt lat="50.0754160" lon="6.0223400">
    <ele>373.9</ele>
    <time>2025-09-12T15:30:26Z</time>
   </trkpt>
   <trkpt lat="50.0753340" lon="6.0223130">
    <ele>373.9</ele>
    <time>2025-09-12T15:30:27Z</time>
   </trkpt>
   <trkpt lat="50.0748780" lon="6.0220760">
    <ele>373.9</ele>
    <time>2025-09-12T15:30:33Z</time>
   </trkpt>
   <trkpt lat="50.0743150" lon="6.0217000">
    <ele>373.9</ele>
    <time>2025-09-12T15:30:41Z</time>
   </trkpt>
   <trkpt lat="50.0742440" lon="6.0216560">
    <ele>373.9</ele>
    <time>2025-09-12T15:30:42Z</time>
   </trkpt>
   <trkpt lat="50.0736800" lon="6.0212970">
    <ele>373.7</ele>
    <time>2025-09-12T15:30:50Z</time>
   </trkpt>
   <trkpt lat="50.0732020" lon="6.0210390">
    <ele>373.3</ele>
    <time>2025-09-12T15:30:57Z</time>
   </trkpt>
   <trkpt lat="50.0727520" lon="6.0209680">
    <ele>372.8</ele>
    <time>2025-09-12T15:31:03Z</time>
   </trkpt>
   <trkpt lat="50.0726190" lon="6.0209670">
    <ele>372.7</ele>
    <time>2025-09-12T15:31:05Z</time>
   </trkpt>
   <trkpt lat="50.0724060" lon="6.0209970">
    <ele>372.4</ele>
    <time>2025-09-12T15:31:08Z</time>
   </trkpt>
   <trkpt lat="50.0720600" lon="6.0210970">
    <ele>371.9</ele>
    <time>2025-09-12T15:31:13Z</time>
   </trkpt>
   <trkpt lat="50.0717920" lon="6.0212070">
    <ele>371.4</ele>
    <time>2025-09-12T15:31:17Z</time>
   </trkpt>
   <trkpt lat="50.0714500" lon="6.0213480">
    <ele>370.8</ele>
    <time>2025-09-12T15:31:22Z</time>
   </trkpt>
   <trkpt lat="50.0710830" lon="6.0214840">
    <ele>369.7</ele>
    <time>2025-09-12T15:31:27Z</time>
   </trkpt>
   <trkpt lat="50.0709400" lon="6.0215200">
    <ele>369.2</ele>
    <time>2025-09-12T15:31:29Z</time>
   </trkpt>
   <trkpt lat="50.0707240" lon="6.0216010">
    <ele>368.3</ele>
    <time>2025-09-12T15:31:32Z</time>
   </trkpt>
   <trkpt lat="50.0706520" lon="6.0216380">
    <ele>368.0</ele>
    <time>2025-09-12T15:31:33Z</time>
   </trkpt>
   <trkpt lat="50.0702850" lon="6.0218160">
    <ele>366.9</ele>
    <time>2025-09-12T15:31:38Z</time>
   </trkpt>
   <trkpt lat="50.0701470" lon="6.0218640">
    <ele>366.8</ele>
    <time>2025-09-12T15:31:40Z</time>
   </trkpt>
   <trkpt lat="50.0699510" lon="6.0219280">
    <ele>366.8</ele>
    <time>2025-09-12T15:31:43Z</time>
   </trkpt>
   <trkpt lat="50.0698820" lon="6.0219400">
    <ele>366.8</ele>
    <time>2025-09-12T15:31:44Z</time>
   </trkpt>
   <trkpt lat="50.0694790" lon="6.0219880">
    <ele>367.6</ele>
    <time>2025-09-12T15:31:50Z</time>
   </trkpt>
   <trkpt lat="50.0691320" lon="6.0219440">
    <ele>369.3</ele>
    <time>2025-09-12T15:31:56Z</time>
   </trkpt>
   <trkpt lat="50.0690440" lon="6.0218950">
    <ele>370.0</ele>
    <time>2025-09-12T15:31:58Z</time>
   </trkpt>
   <trkpt lat="50.0689560" lon="6.0218650">
    <ele>370.6</ele>
    <time>2025-09-12T15:32:00Z</time>
   </trkpt>
   <trkpt lat="50.0689130" lon="6.0218470">
    <ele>370.9</ele>
    <time>2025-09-12T15:32:01Z</time>
   </trkpt>
   <trkpt lat="50.0688270" lon="6.0218110">
    <ele>371.5</ele>
    <time>2025-09-12T15:32:03Z</time>
   </trkpt>
   <trkpt lat="50.0687360" lon="6.0217900">
    <ele>372.2</ele>
    <time>2025-09-12T15:32:05Z</time>
   </trkpt>
   <trkpt lat="50.0686440" lon="6.0217730">
    <ele>372.7</ele>
    <time>2025-09-12T15:32:07Z</time>
   </trkpt>
   <trkpt lat="50.0683560" lon="6.0217450">
    <ele>373.9</ele>
    <time>2025-09-12T15:32:14Z</time>
   </trkpt>
   <trkpt lat="50.0681910" lon="6.0216830">
    <ele>374.3</ele>
    <time>2025-09-12T15:32:19Z</time>
   </trkpt>
   <trkpt lat="50.0680680" lon="6.0215200">
    <ele>374.6</ele>
    <time>2025-09-12T15:32:24Z</time>
   </trkpt>
   <trkpt lat="50.0680310" lon="6.0214940">
    <ele>374.6</ele>
    <time>2025-09-12T15:32:25Z</time>
   </trkpt>
   <trkpt lat="50.0679480" lon="6.0214740">
    <ele>374.7</ele>
    <time>2025-09-12T15:32:27Z</time>
   </trkpt>
   <trkpt lat="50.0679060" lon="6.0214790">
    <ele>374.7</ele>
    <time>2025-09-12T15:32:28Z</time>
   </trkpt>
   <trkpt lat="50.0678670" lon="6.0214960">
    <ele>374.7</ele>
    <time>2025-09-12T15:32:29Z</time>
   </trkpt>
   <trkpt lat="50.0677980" lon="6.0215640">
    <ele>374.7</ele>
    <time>2025-09-12T15:32:31Z</time>
   </trkpt>
   <trkpt lat="50.0677740" lon="6.0216150">
    <ele>374.7</ele>
    <time>2025-09-12T15:32:32Z</time>
   </trkpt>
   <trkpt lat="50.0677600" lon="6.0216770">
    <ele>374.7</ele>
    <time>2025-09-12T15:32:33Z</time>
   </trkpt>
   <trkpt lat="50.0677540" lon="6.0218110">
    <ele>374.7</ele>
    <time>2025-09-12T15:32:35Z</time>
   </trkpt>
   <trkpt lat="50.0677640" lon="6.0218780">
    <ele>374.7</ele>
    <time>2025-09-12T15:32:36Z</time>
   </trkpt>
   <trkpt lat="50.0678210" lon="6.0220370">
    <ele>374.6</ele>
    <time>2025-09-12T15:32:40Z</time>
   </trkpt>
   <trkpt lat="50.0678270" lon="6.0220510">
    <ele>374.6</ele>
    <time>2025-09-12T15:32:42Z</time>
   </trkpt>
   <trkpt lat="50.0678310" lon="6.0220830">
    <ele>374.6</ele>
    <time>2025-09-12T15:32:48Z</time>
   </trkpt>
   <trkpt lat="50.0678360" lon="6.0221150">
    <ele>374.6</ele>
    <time>2025-09-12T15:32:49Z</time>
   </trkpt>
   <trkpt lat="50.0678790" lon="6.0223190">
    <ele>374.2</ele>
    <time>2025-09-12T15:32:54Z</time>
   </trkpt>
   <trkpt lat="50.0679230" lon="6.0225980">
    <ele>373.8</ele>
    <time>2025-09-12T15:33:00Z</time>
   </trkpt>
   <trkpt lat="50.0679340" lon="6.0226640">
    <ele>373.7</ele>
    <time>2025-09-12T15:33:03Z</time>
   </trkpt>
   <trkpt lat="50.0679030" lon="6.0225160">
    <ele>373.9</ele>
    <time>2025-09-12T15:33:29Z</time>
   </trkpt>
   <trkpt lat="50.0678620" lon="6.0222900">
    <ele>374.4</ele>
    <time>2025-09-12T15:33:35Z</time>
   </trkpt>
   <trkpt lat="50.0678150" lon="6.0220480">
    <ele>374.7</ele>
    <time>2025-09-12T15:33:41Z</time>
   </trkpt>
   <trkpt lat="50.0676990" lon="6.0219650">
    <ele>374.6</ele>
    <time>2025-09-12T15:33:46Z</time>
   </trkpt>
   <trkpt lat="50.0676800" lon="6.0219410">
    <ele>374.6</ele>
    <time>2025-09-12T15:33:47Z</time>
   </trkpt>
   <trkpt lat="50.0676730" lon="6.0218680">
    <ele>374.6</ele>
    <time>2025-09-12T15:33:49Z</time>
   </trkpt>
   <trkpt lat="50.0676700" lon="6.0218060">
    <ele>374.6</ele>
    <time>2025-09-12T15:33:51Z</time>
   </trkpt>
   <trkpt lat="50.0676330" lon="6.0217810">
    <ele>374.6</ele>
    <time>2025-09-12T15:33:53Z</time>
   </trkpt>
   <trkpt lat="50.0675880" lon="6.0218040">
    <ele>374.6</ele>
    <time>2025-09-12T15:33:55Z</time>
   </trkpt>
   <trkpt lat="50.0675280" lon="6.0218530">
    <ele>374.6</ele>
    <time>2025-09-12T15:33:57Z</time>
   </trkpt>
   <trkpt lat="50.0673590" lon="6.0219750">
    <ele>374.5</ele>
    <time>2025-09-12T15:34:02Z</time>
   </trkpt>
   <trkpt lat="50.0671120" lon="6.0220810">
    <ele>374.3</ele>
    <time>2025-09-12T15:34:09Z</time>
   </trkpt>
   <trkpt lat="50.0668440" lon="6.0220600">
    <ele>374.2</ele>
    <time>2025-09-12T15:34:16Z</time>
   </trkpt>
   <trkpt lat="50.0667610" lon="6.0220430">
    <ele>374.1</ele>
    <time>2025-09-12T15:34:18Z</time>
   </trkpt>
   <trkpt lat="50.0665850" lon="6.0220250">
    <ele>374.0</ele>
    <time>2025-09-12T15:34:22Z</time>
   </trkpt>
   <trkpt lat="50.0662600" lon="6.0219540">
    <ele>374.0</ele>
    <time>2025-09-12T15:34:30Z</time>
   </trkpt>
   <trkpt lat="50.0660720" lon="6.0219030">
    <ele>373.9</ele>
    <time>2025-09-12T15:34:34Z</time>
   </trkpt>
   <trkpt lat="50.0659780" lon="6.0218840">
    <ele>373.9</ele>
    <time>2025-09-12T15:34:36Z</time>
   </trkpt>
   <trkpt lat="50.0658920" lon="6.0218660">
    <ele>373.9</ele>
    <time>2025-09-12T15:34:38Z</time>
   </trkpt>
   <trkpt lat="50.0657510" lon="6.0218360">
    <ele>373.8</ele>
    <time>2025-09-12T15:34:41Z</time>
   </trkpt>
   <trkpt lat="50.0654560" lon="6.0217980">
    <ele>373.7</ele>
    <time>2025-09-12T15:34:47Z</time>
   </trkpt>
   <trkpt lat="50.0653990" lon="6.0217980">
    <ele>373.7</ele>
    <time>2025-09-12T15:34:48Z</time>
   </trkpt>
   <trkpt lat="50.0650900" lon="6.0218140">
    <ele>373.6</ele>
    <time>2025-09-12T15:34:54Z</time>
   </trkpt>
   <trkpt lat="50.0650480" lon="6.0218190">
    <ele>373.6</ele>
    <time>2025-09-12T15:34:55Z</time>
   </trkpt>
   <trkpt lat="50.0648620" lon="6.0218530">
    <ele>373.5</ele>
    <time>2025-09-12T15:34:59Z</time>
   </trkpt>
   <trkpt lat="50.0647160" lon="6.0218920">
    <ele>373.5</ele>
    <time>2025-09-12T15:35:02Z</time>
   </trkpt>
   <trkpt lat="50.0645760" lon="6.0219270">
    <ele>373.5</ele>
    <time>2025-09-12T15:35:05Z</time>
   </trkpt>
   <trkpt lat="50.0645300" lon="6.0219490">
    <ele>373.5</ele>
    <time>2025-09-12T15:35:06Z</time>
   </trkpt>
   <trkpt lat="50.0643890" lon="6.0220050">
    <ele>373.5</ele>
    <time>2025-09-12T15:35:09Z</time>
   </trkpt>
   <trkpt lat="50.0640920" lon="6.0221020">
    <ele>373.6</ele>
    <time>2025-09-12T15:35:15Z</time>
   </trkpt>
   <trkpt lat="50.0637450" lon="6.0222990">
    <ele>373.5</ele>
    <time>2025-09-12T15:35:22Z</time>
   </trkpt>
   <trkpt lat="50.0634290" lon="6.0225460">
    <ele>373.3</ele>
    <time>2025-09-12T15:35:28Z</time>
   </trkpt>
   <trkpt lat="50.0631640" lon="6.0227870">
    <ele>373.2</ele>
    <time>2025-09-12T15:35:33Z</time>
   </trkpt>
   <trkpt lat="50.0627350" lon="6.0231970">
    <ele>372.9</ele>
    <time>2025-09-12T15:35:41Z</time>
   </trkpt>
   <trkpt lat="50.0626350" lon="6.0232920">
    <ele>372.9</ele>
    <time>2025-09-12T15:35:43Z</time>
   </trkpt>
   <trkpt lat="50.0625320" lon="6.0233950">
    <ele>372.8</ele>
    <time>2025-09-12T15:35:45Z</time>
   </trkpt>
   <trkpt lat="50.0620890" lon="6.0237630">
    <ele>372.1</ele>
    <time>2025-09-12T15:35:53Z</time>
   </trkpt>
   <trkpt lat="50.0617110" lon="6.0241080">
    <ele>370.7</ele>
    <time>2025-09-12T15:36:00Z</time>
   </trkpt>
   <trkpt lat="50.0615840" lon="6.0242100">
    <ele>369.9</ele>
    <time>2025-09-12T15:36:02Z</time>
   </trkpt>
   <trkpt lat="50.0614400" lon="6.0242860">
    <ele>369.1</ele>
    <time>2025-09-12T15:36:04Z</time>
   </trkpt>
   <trkpt lat="50.0613680" lon="6.0243170">
    <ele>368.8</ele>
    <time>2025-09-12T15:36:05Z</time>
   </trkpt>
   <trkpt lat="50.0612090" lon="6.0243480">
    <ele>367.9</ele>
    <time>2025-09-12T15:36:07Z</time>
   </trkpt>
   <trkpt lat="50.0610380" lon="6.0243470">
    <ele>366.9</ele>
    <time>2025-09-12T15:36:09Z</time>
   </trkpt>
   <trkpt lat="50.0609540" lon="6.0243360">
    <ele>366.4</ele>
    <time>2025-09-12T15:36:10Z</time>
   </trkpt>
   <trkpt lat="50.0606880" lon="6.0242380">
    <ele>365.0</ele>
    <time>2025-09-12T15:36:13Z</time>
   </trkpt>
   <trkpt lat="50.0602320" lon="6.0240250">
    <ele>363.9</ele>
    <time>2025-09-12T15:36:18Z</time>
   </trkpt>
   <trkpt lat="50.0597950" lon="6.0238580">
    <ele>363.4</ele>
    <time>2025-09-12T15:36:23Z</time>
   </trkpt>
   <trkpt lat="50.0595500" lon="6.0237990">
    <ele>363.6</ele>
    <time>2025-09-12T15:36:26Z</time>
   </trkpt>
   <trkpt lat="50.0593960" lon="6.0238080">
    <ele>363.7</ele>
    <time>2025-09-12T15:36:28Z</time>
   </trkpt>
   <trkpt lat="50.0590610" lon="6.0239190">
    <ele>364.4</ele>
    <time>2025-09-12T15:36:33Z</time>
   </trkpt>
   <trkpt lat="50.0589970" lon="6.0239520">
    <ele>364.6</ele>
    <time>2025-09-12T15:36:34Z</time>
   </trkpt>
   <trkpt lat="50.0588340" lon="6.0240960">
    <ele>365.3</ele>
    <time>2025-09-12T15:36:37Z</time>
   </trkpt>
   <trkpt lat="50.0585350" lon="6.0244960">
    <ele>366.9</ele>
    <time>2025-09-12T15:36:44Z</time>
   </trkpt>
   <trkpt lat="50.0584160" lon="6.0246750">
    <ele>367.6</ele>
    <time>2025-09-12T15:36:47Z</time>
   </trkpt>
   <trkpt lat="50.0583400" lon="6.0247920">
    <ele>368.0</ele>
    <time>2025-09-12T15:36:49Z</time>
   </trkpt>
   <trkpt lat="50.0580540" lon="6.0252450">
    <ele>368.7</ele>
    <time>2025-09-12T15:36:57Z</time>
   </trkpt>
   <trkpt lat="50.0577770" lon="6.0256560">
    <ele>368.9</ele>
    <time>2025-09-12T15:37:04Z</time>
   </trkpt>
   <trkpt lat="50.0574430" lon="6.0261580">
    <ele>367.9</ele>
    <time>2025-09-12T15:37:12Z</time>
   </trkpt>
   <trkpt lat="50.0571390" lon="6.0266540">
    <ele>366.3</ele>
    <time>2025-09-12T15:37:19Z</time>
   </trkpt>
   <trkpt lat="50.0567740" lon="6.0272910">
    <ele>364.1</ele>
    <time>2025-09-12T15:37:27Z</time>
   </trkpt>
   <trkpt lat="50.0565250" lon="6.0278430">
    <ele>362.5</ele>
    <time>2025-09-12T15:37:33Z</time>
   </trkpt>
   <trkpt lat="50.0564090" lon="6.0280970">
    <ele>362.0</ele>
    <time>2025-09-12T15:37:36Z</time>
   </trkpt>
   <trkpt lat="50.0563110" lon="6.0282510">
    <ele>361.6</ele>
    <time>2025-09-12T15:37:38Z</time>
   </trkpt>
   <trkpt lat="50.0562570" lon="6.0283240">
    <ele>361.4</ele>
    <time>2025-09-12T15:37:39Z</time>
   </trkpt>
   <trkpt lat="50.0560820" lon="6.0285120">
    <ele>360.9</ele>
    <time>2025-09-12T15:37:42Z</time>
   </trkpt>
   <trkpt lat="50.0556520" lon="6.0289500">
    <ele>360.6</ele>
    <time>2025-09-12T15:37:49Z</time>
   </trkpt>
   <trkpt lat="50.0556050" lon="6.0290160">
    <ele>360.6</ele>
    <time>2025-09-12T15:37:50Z</time>
   </trkpt>
   <trkpt lat="50.0554310" lon="6.0292850">
    <ele>360.6</ele>
    <time>2025-09-12T15:37:54Z</time>
   </trkpt>
   <trkpt lat="50.0552550" lon="6.0295990">
    <ele>360.5</ele>
    <time>2025-09-12T15:37:59Z</time>
   </trkpt>
   <trkpt lat="50.0552280" lon="6.0296660">
    <ele>360.5</ele>
    <time>2025-09-12T15:38:00Z</time>
   </trkpt>
   <trkpt lat="50.0549840" lon="6.0301730">
    <ele>360.3</ele>
    <time>2025-09-12T15:38:08Z</time>
   </trkpt>
   <trkpt lat="50.0547960" lon="6.0305940">
    <ele>360.5</ele>
    <time>2025-09-12T15:38:15Z</time>
   </trkpt>
   <trkpt lat="50.0547500" lon="6.0308240">
    <ele>360.6</ele>
    <time>2025-09-12T15:38:19Z</time>
   </trkpt>
   <trkpt lat="50.0548230" lon="6.0310500">
    <ele>360.5</ele>
    <time>2025-09-12T15:38:23Z</time>
   </trkpt>
   <trkpt lat="50.0548950" lon="6.0312000">
    <ele>360.5</ele>
    <time>2025-09-12T15:38:26Z</time>
   </trkpt>
   <trkpt lat="50.0549730" lon="6.0313610">
    <ele>360.4</ele>
    <time>2025-09-12T15:38:29Z</time>
   </trkpt>
   <trkpt lat="50.0549940" lon="6.0314240">
    <ele>360.4</ele>
    <time>2025-09-12T15:38:30Z</time>
   </trkpt>
   <trkpt lat="50.0550170" lon="6.0315590">
    <ele>360.4</ele>
    <time>2025-09-12T15:38:32Z</time>
   </trkpt>
   <trkpt lat="50.0550180" lon="6.0316280">
    <ele>360.4</ele>
    <time>2025-09-12T15:38:33Z</time>
   </trkpt>
   <trkpt lat="50.0550100" lon="6.0316950">
    <ele>360.4</ele>
    <time>2025-09-12T15:38:34Z</time>
   </trkpt>
   <trkpt lat="50.0549480" lon="6.0317980">
    <ele>360.4</ele>
    <time>2025-09-12T15:38:36Z</time>
   </trkpt>
   <trkpt lat="50.0549000" lon="6.0318250">
    <ele>360.3</ele>
    <time>2025-09-12T15:38:37Z</time>
   </trkpt>
   <trkpt lat="50.0548010" lon="6.0318740">
    <ele>360.3</ele>
    <time>2025-09-12T15:38:39Z</time>
   </trkpt>
   <trkpt lat="50.0545350" lon="6.0319920">
    <ele>360.4</ele>
    <time>2025-09-12T15:38:45Z</time>
   </trkpt>
   <trkpt lat="50.0541780" lon="6.0321490">
    <ele>360.3</ele>
    <time>2025-09-12T15:38:52Z</time>
   </trkpt>
   <trkpt lat="50.0539050" lon="6.0322120">
    <ele>360.1</ele>
    <time>2025-09-12T15:38:57Z</time>
   </trkpt>
   <trkpt lat="50.0536180" lon="6.0321830">
    <ele>359.8</ele>
    <time>2025-09-12T15:39:02Z</time>
   </trkpt>
   <trkpt lat="50.0534010" lon="6.0320690">
    <ele>359.6</ele>
    <time>2025-09-12T15:39:06Z</time>
   </trkpt>
   <trkpt lat="50.0533520" lon="6.0320230">
    <ele>359.5</ele>
    <time>2025-09-12T15:39:07Z</time>
   </trkpt>
   <trkpt lat="50.0531630" lon="6.0318030">
    <ele>359.0</ele>
    <time>2025-09-12T15:39:11Z</time>
   </trkpt>
   <trkpt lat="50.0531210" lon="6.0317370">
    <ele>358.9</ele>
    <time>2025-09-12T15:39:12Z</time>
   </trkpt>
   <trkpt lat="50.0530150" lon="6.0315140">
    <ele>358.4</ele>
    <time>2025-09-12T15:39:15Z</time>
   </trkpt>
   <trkpt lat="50.0529570" lon="6.0313410">
    <ele>358.0</ele>
    <time>2025-09-12T15:39:17Z</time>
   </trkpt>
   <trkpt lat="50.0528900" lon="6.0310730">
    <ele>357.5</ele>
    <time>2025-09-12T15:39:20Z</time>
   </trkpt>
   <trkpt lat="50.0528840" lon="6.0309070">
    <ele>357.2</ele>
    <time>2025-09-12T15:39:22Z</time>
   </trkpt>
   <trkpt lat="50.0528860" lon="6.0308320">
    <ele>357.1</ele>
    <time>2025-09-12T15:39:23Z</time>
   </trkpt>
   <trkpt lat="50.0529030" lon="6.0306230">
    <ele>356.7</ele>
    <time>2025-09-12T15:39:26Z</time>
   </trkpt>
   <trkpt lat="50.0529120" lon="6.0305520">
    <ele>356.6</ele>
    <time>2025-09-12T15:39:27Z</time>
   </trkpt>
   <trkpt lat="50.0529380" lon="6.0304180">
    <ele>356.4</ele>
    <time>2025-09-12T15:39:29Z</time>
   </trkpt>
   <trkpt lat="50.0529790" lon="6.0302030">
    <ele>356.2</ele>
    <time>2025-09-12T15:39:32Z</time>
   </trkpt>
   <trkpt lat="50.0531200" lon="6.0297610">
    <ele>356.3</ele>
    <time>2025-09-12T15:39:39Z</time>
   </trkpt>
   <trkpt lat="50.0531890" lon="6.0296780">
    <ele>356.3</ele>
    <time>2025-09-12T15:39:42Z</time>
   </trkpt>
   <trkpt lat="50.0531990" lon="6.0296850">
    <ele>356.3</ele>
    <time>2025-09-12T15:39:43Z</time>
   </trkpt>
   <trkpt lat="50.0531790" lon="6.0297530">
    <ele>356.3</ele>
    <time>2025-09-12T15:39:46Z</time>
   </trkpt>
   <trkpt lat="50.0531250" lon="6.0298600">
    <ele>356.3</ele>
    <time>2025-09-12T15:39:50Z</time>
   </trkpt>
  </trkseg>
 </trk>
</gpx>
