<?xml version="1.0" encoding="UTF-8"?>
<gpx creator="StravaGPX" version="1.1" xmlns="http://www.topografix.com/GPX/1/1" xmlns:xsi="http://www.w3.org/2001/XMLSchema-instance" xsi:schemaLocation="http://www.topografix.com/GPX/1/1 http://www.topografix.com/GPX/1/1/gpx.xsd">
 <metadata>
  <time>2025-09-13T07:48:06Z</time>
 </metadata>
 <trk>
  <name>Tour de Luxe 🇱🇺 grande finale</name>
  <type>cycling</type>
  <trkseg>
   <trkpt lat="50.0532810" lon="6.0294940">
    <ele>356.9</ele>
    <time>2025-09-13T07:48:06Z</time>
   </trkpt>
   <trkpt lat="50.0534260" lon="6.0292600">
    <ele>357.6</ele>
    <time>2025-09-13T07:48:13Z</time>
   </trkpt>
   <trkpt lat="50.0534720" lon="6.0290720">
    <ele>357.9</ele>
    <time>2025-09-13T07:48:17Z</time>
   </trkpt>
   <trkpt lat="50.0535370" lon="6.0288130">
    <ele>358.7</ele>
    <time>2025-09-13T07:48:23Z</time>
   </trkpt>
   <trkpt lat="50.0536170" lon="6.0285410">
    <ele>359.4</ele>
    <time>2025-09-13T07:48:30Z</time>
   </trkpt>
   <trkpt lat="50.0536770" lon="6.0282860">
    <ele>360.2</ele>
    <time>2025-09-13T07:48:37Z</time>
   </trkpt>
   <trkpt lat="50.0537360" lon="6.0280420">
    <ele>361.1</ele>
    <time>2025-09-13T07:48:44Z</time>
   </trkpt>
   <trkpt lat="50.0537950" lon="6.0277510">
    <ele>362.3</ele>
    <time>2025-09-13T07:48:52Z</time>
   </trkpt>
   <trkpt lat="50.0538570" lon="6.0274060">
    <ele>363.7</ele>
    <time>2025-09-13T07:49:01Z</time>
   </trkpt>
   <trkpt lat="50.0539120" lon="6.0270710">
    <ele>365.1</ele>
    <time>2025-09-13T07:49:10Z</time>
   </trkpt>
   <trkpt lat="50.0539690" lon="6.0267500">
    <ele>366.4</ele>
    <time>2025-09-13T07:49:19Z</time>
   </trkpt>
   <trkpt lat="50.0540250" lon="6.0264410">
    <ele>367.8</ele>
    <time>2025-09-13T07:49:28Z</time>
   </trkpt>
   <trkpt lat="50.0540720" lon="6.0262800">
    <ele>368.5</ele>
    <time>2025-09-13T07:49:33Z</time>
   </trkpt>
   <trkpt lat="50.0541240" lon="6.0260370">
    <ele>369.6</ele>
    <time>2025-09-13T07:49:40Z</time>
   </trkpt>
   <trkpt lat="50.0541640" lon="6.0257650">
    <ele>370.8</ele>
    <time>2025-09-13T07:49:48Z</time>
   </trkpt>
   <trkpt lat="50.0542010" lon="6.0255210">
    <ele>371.9</ele>
    <time>2025-09-13T07:49:55Z</time>
   </trkpt>
   <trkpt lat="50.0542310" lon="6.0252510">
    <ele>373.3</ele>
    <time>2025-09-13T07:50:03Z</time>
   </trkpt>
   <trkpt lat="50.0541850" lon="6.0250510">
    <ele>374.3</ele>
    <time>2025-09-13T07:50:10Z</time>
   </trkpt>
   <trkpt lat="50.0541550" lon="6.0249370">
    <ele>374.7</ele>
    <time>2025-09-13T07:50:16Z</time>
   </trkpt>
   <trkpt lat="50.0537520" lon="6.0249350">
    <ele>381.3</ele>
    <time>2025-09-13T07:56:50Z</time>
   </trkpt>
   <trkpt lat="50.0537520" lon="6.0249350">
    <ele>377.9</ele>
    <time>2025-09-13T07:56:51Z</time>
   </trkpt>
   <trkpt lat="50.0532500" lon="6.0257990">
    <ele>393.2</ele>
    <time>2025-09-13T07:58:59Z</time>
   </trkpt>
   <trkpt lat="50.0532430" lon="6.0258430">
    <ele>393.4</ele>
    <time>2025-09-13T07:59:01Z</time>
   </trkpt>
   <trkpt lat="50.0532230" lon="6.0259680">
    <ele>393.8</ele>
    <time>2025-09-13T07:59:05Z</time>
   </trkpt>
   <trkpt lat="50.0532150" lon="6.0260260">
    <ele>393.9</ele>
    <time>2025-09-13T07:59:07Z</time>
   </trkpt>
   <trkpt lat="50.0531710" lon="6.0262610">
    <ele>394.8</ele>
    <time>2025-09-13T07:59:13Z</time>
   </trkpt>
   <trkpt lat="50.0531320" lon="6.0264970">
    <ele>395.6</ele>
    <time>2025-09-13T07:59:19Z</time>
   </trkpt>
   <trkpt lat="50.0531290" lon="6.0265370">
    <ele>395.7</ele>
    <time>2025-09-13T07:59:20Z</time>
   </trkpt>
   <trkpt lat="50.0531220" lon="6.0266140">
    <ele>396.0</ele>
    <time>2025-09-13T07:59:22Z</time>
   </trkpt>
   <trkpt lat="50.0530630" lon="6.0268460">
    <ele>396.9</ele>
    <time>2025-09-13T07:59:28Z</time>
   </trkpt>
   <trkpt lat="50.0530020" lon="6.0270940">
    <ele>397.8</ele>
    <time>2025-09-13T07:59:34Z</time>
   </trkpt>
   <trkpt lat="50.0529380" lon="6.0274480">
    <ele>399.1</ele>
    <time>2025-09-13T07:59:42Z</time>
   </trkpt>
   <trkpt lat="50.0528550" lon="6.0277460">
    <ele>400.3</ele>
    <time>2025-09-13T07:59:50Z</time>
   </trkpt>
   <trkpt lat="50.0527800" lon="6.0279250">
    <ele>401.2</ele>
    <time>2025-09-13T07:59:56Z</time>
   </trkpt>
   <trkpt lat="50.0526970" lon="6.0280920">
    <ele>402.0</ele>
    <time>2025-09-13T08:00:02Z</time>
   </trkpt>
   <trkpt lat="50.0526400" lon="6.0282680">
    <ele>402.9</ele>
    <time>2025-09-13T08:00:07Z</time>
   </trkpt>
   <trkpt lat="50.0525370" lon="6.0284110">
    <ele>403.9</ele>
    <time>2025-09-13T08:00:13Z</time>
   </trkpt>
   <trkpt lat="50.0524500" lon="6.0286100">
    <ele>404.9</ele>
    <time>2025-09-13T08:00:19Z</time>
   </trkpt>
   <trkpt lat="50.0523620" lon="6.0287650">
    <ele>405.7</ele>
    <time>2025-09-13T08:00:25Z</time>
   </trkpt>
   <trkpt lat="50.0522680" lon="6.0289340">
    <ele>406.7</ele>
    <time>2025-09-13T08:00:32Z</time>
   </trkpt>
   <trkpt lat="50.0521970" lon="6.0290600">
    <ele>407.4</ele>
    <time>2025-09-13T08:00:37Z</time>
   </trkpt>
   <trkpt lat="50.0521330" lon="6.0292180">
    <ele>408.2</ele>
    <time>2025-09-13T08:00:42Z</time>
   </trkpt>
   <trkpt lat="50.0520570" lon="6.0294330">
    <ele>409.2</ele>
    <time>2025-09-13T08:00:48Z</time>
   </trkpt>
   <trkpt lat="50.0520380" lon="6.0294960">
    <ele>409.5</ele>
    <time>2025-09-13T08:00:51Z</time>
   </trkpt>
   <trkpt lat="50.0520240" lon="6.0295790">
    <ele>409.8</ele>
    <time>2025-09-13T08:00:53Z</time>
   </trkpt>
   <trkpt lat="50.0520230" lon="6.0296320">
    <ele>410.0</ele>
    <time>2025-09-13T08:00:54Z</time>
   </trkpt>
   <trkpt lat="50.0520240" lon="6.0297670">
    <ele>410.6</ele>
    <time>2025-09-13T08:00:57Z</time>
   </trkpt>
   <trkpt lat="50.0520160" lon="6.0300390">
    <ele>411.6</ele>
    <time>2025-09-13T08:01:03Z</time>
   </trkpt>
   <trkpt lat="50.0520110" lon="6.0302820">
    <ele>412.4</ele>
    <time>2025-09-13T08:01:09Z</time>
   </trkpt>
   <trkpt lat="50.0520250" lon="6.0304580">
    <ele>413.0</ele>
    <time>2025-09-13T08:01:14Z</time>
   </trkpt>
   <trkpt lat="50.0520420" lon="6.0305720">
    <ele>413.4</ele>
    <time>2025-09-13T08:01:17Z</time>
   </trkpt>
   <trkpt lat="50.0520420" lon="6.0306500">
    <ele>413.7</ele>
    <time>2025-09-13T08:01:19Z</time>
   </trkpt>
   <trkpt lat="50.0520390" lon="6.0308740">
    <ele>414.7</ele>
    <time>2025-09-13T08:01:25Z</time>
   </trkpt>
   <trkpt lat="50.0520460" lon="6.0310460">
    <ele>415.4</ele>
    <time>2025-09-13T08:01:31Z</time>
   </trkpt>
   <trkpt lat="50.0520540" lon="6.0311090">
    <ele>415.7</ele>
    <time>2025-09-13T08:01:33Z</time>
   </trkpt>
   <trkpt lat="50.0520730" lon="6.0312360">
    <ele>416.2</ele>
    <time>2025-09-13T08:01:36Z</time>
   </trkpt>
   <trkpt lat="50.0520660" lon="6.0313790">
    <ele>416.9</ele>
    <time>2025-09-13T08:01:40Z</time>
   </trkpt>
   <trkpt lat="50.0520640" lon="6.0314110">
    <ele>417.0</ele>
    <time>2025-09-13T08:01:41Z</time>
   </trkpt>
   <trkpt lat="50.0520640" lon="6.0314430">
    <ele>417.1</ele>
    <time>2025-09-13T08:01:42Z</time>
   </trkpt>
   <trkpt lat="50.0520770" lon="6.0315480">
    <ele>417.6</ele>
    <time>2025-09-13T08:01:45Z</time>
   </trkpt>
   <trkpt lat="50.0521130" lon="6.0317240">
    <ele>418.5</ele>
    <time>2025-09-13T08:01:50Z</time>
   </trkpt>
   <trkpt lat="50.0521440" lon="6.0318990">
    <ele>419.3</ele>
    <time>2025-09-13T08:01:55Z</time>
   </trkpt>
   <trkpt lat="50.0521950" lon="6.0321030">
    <ele>420.4</ele>
    <time>2025-09-13T08:02:01Z</time>
   </trkpt>
   <trkpt lat="50.0522720" lon="6.0323080">
    <ele>421.5</ele>
    <time>2025-09-13T08:02:07Z</time>
   </trkpt>
   <trkpt lat="50.0523780" lon="6.0325810">
    <ele>422.9</ele>
    <time>2025-09-13T08:02:15Z</time>
   </trkpt>
   <trkpt lat="50.0524280" lon="6.0328140">
    <ele>424.0</ele>
    <time>2025-09-13T08:02:21Z</time>
   </trkpt>
   <trkpt lat="50.0524740" lon="6.0330810">
    <ele>425.1</ele>
    <time>2025-09-13T08:02:29Z</time>
   </trkpt>
   <trkpt lat="50.0525550" lon="6.0333990">
    <ele>426.4</ele>
    <time>2025-09-13T08:02:38Z</time>
   </trkpt>
   <trkpt lat="50.0526280" lon="6.0337380">
    <ele>427.4</ele>
    <time>2025-09-13T08:02:47Z</time>
   </trkpt>
   <trkpt lat="50.0526730" lon="6.0339740">
    <ele>428.0</ele>
    <time>2025-09-13T08:02:53Z</time>
   </trkpt>
   <trkpt lat="50.0526780" lon="6.0340790">
    <ele>428.1</ele>
    <time>2025-09-13T08:02:56Z</time>
   </trkpt>
   <trkpt lat="50.0526900" lon="6.0341090">
    <ele>428.1</ele>
    <time>2025-09-13T08:02:57Z</time>
   </trkpt>
   <trkpt lat="50.0527830" lon="6.0342560">
    <ele>428.3</ele>
    <time>2025-09-13T08:03:02Z</time>
   </trkpt>
   <trkpt lat="50.0528600" lon="6.0344410">
    <ele>428.4</ele>
    <time>2025-09-13T08:03:07Z</time>
   </trkpt>
   <trkpt lat="50.0529500" lon="6.0346070">
    <ele>428.3</ele>
    <time>2025-09-13T08:03:12Z</time>
   </trkpt>
   <trkpt lat="50.0530160" lon="6.0347410">
    <ele>428.3</ele>
    <time>2025-09-13T08:03:16Z</time>
   </trkpt>
   <trkpt lat="50.0531160" lon="6.0348980">
    <ele>428.2</ele>
    <time>2025-09-13T08:03:20Z</time>
   </trkpt>
   <trkpt lat="50.0532130" lon="6.0350970">
    <ele>428.0</ele>
    <time>2025-09-13T08:03:24Z</time>
   </trkpt>
   <trkpt lat="50.0532360" lon="6.0351560">
    <ele>427.9</ele>
    <time>2025-09-13T08:03:25Z</time>
   </trkpt>
   <trkpt lat="50.0533810" lon="6.0354720">
    <ele>427.3</ele>
    <time>2025-09-13T08:03:30Z</time>
   </trkpt>
   <trkpt lat="50.0534660" lon="6.0356810">
    <ele>426.9</ele>
    <time>2025-09-13T08:03:33Z</time>
   </trkpt>
   <trkpt lat="50.0535170" lon="6.0358220">
    <ele>426.7</ele>
    <time>2025-09-13T08:03:35Z</time>
   </trkpt>
   <trkpt lat="50.0536750" lon="6.0361840">
    <ele>426.0</ele>
    <time>2025-09-13T08:03:40Z</time>
   </trkpt>
   <trkpt lat="50.0537450" lon="6.0363500">
    <ele>425.6</ele>
    <time>2025-09-13T08:03:42Z</time>
   </trkpt>
   <trkpt lat="50.0537980" lon="6.0364940">
    <ele>425.3</ele>
    <time>2025-09-13T08:03:44Z</time>
   </trkpt>
   <trkpt lat="50.0539900" lon="6.0370440">
    <ele>424.0</ele>
    <time>2025-09-13T08:03:50Z</time>
   </trkpt>
   <trkpt lat="50.0541590" lon="6.0375950">
    <ele>422.8</ele>
    <time>2025-09-13T08:03:55Z</time>
   </trkpt>
   <trkpt lat="50.0542980" lon="6.0381550">
    <ele>421.5</ele>
    <time>2025-09-13T08:03:59Z</time>
   </trkpt>
   <trkpt lat="50.0544460" lon="6.0388970">
    <ele>420.0</ele>
    <time>2025-09-13T08:04:05Z</time>
   </trkpt>
   <trkpt lat="50.0546280" lon="6.0396900">
    <ele>418.7</ele>
    <time>2025-09-13T08:04:12Z</time>
   </trkpt>
   <trkpt lat="50.0547290" lon="6.0398730">
    <ele>418.5</ele>
    <time>2025-09-13T08:04:14Z</time>
   </trkpt>
   <trkpt lat="50.0548550" lon="6.0400210">
    <ele>418.2</ele>
    <time>2025-09-13T08:04:16Z</time>
   </trkpt>
   <trkpt lat="50.0551260" lon="6.0402780">
    <ele>417.9</ele>
    <time>2025-09-13T08:04:20Z</time>
   </trkpt>
   <trkpt lat="50.0551830" lon="6.0403580">
    <ele>417.9</ele>
    <time>2025-09-13T08:04:21Z</time>
   </trkpt>
   <trkpt lat="50.0552300" lon="6.0404420">
    <ele>417.9</ele>
    <time>2025-09-13T08:04:22Z</time>
   </trkpt>
   <trkpt lat="50.0553010" lon="6.0406120">
    <ele>418.1</ele>
    <time>2025-09-13T08:04:24Z</time>
   </trkpt>
   <trkpt lat="50.0553270" lon="6.0407070">
    <ele>418.2</ele>
    <time>2025-09-13T08:04:25Z</time>
   </trkpt>
   <trkpt lat="50.0553580" lon="6.0409120">
    <ele>418.6</ele>
    <time>2025-09-13T08:04:27Z</time>
   </trkpt>
   <trkpt lat="50.0553620" lon="6.0410090">
    <ele>418.9</ele>
    <time>2025-09-13T08:04:28Z</time>
   </trkpt>
   <trkpt lat="50.0553550" lon="6.0413710">
    <ele>419.9</ele>
    <time>2025-09-13T08:04:33Z</time>
   </trkpt>
   <trkpt lat="50.0553420" lon="6.0416680">
    <ele>421.1</ele>
    <time>2025-09-13T08:04:39Z</time>
   </trkpt>
   <trkpt lat="50.0553170" lon="6.0419960">
    <ele>422.6</ele>
    <time>2025-09-13T08:04:46Z</time>
   </trkpt>
   <trkpt lat="50.0553120" lon="6.0422370">
    <ele>423.7</ele>
    <time>2025-09-13T08:04:52Z</time>
   </trkpt>
   <trkpt lat="50.0552960" lon="6.0424220">
    <ele>424.6</ele>
    <time>2025-09-13T08:04:58Z</time>
   </trkpt>
   <trkpt lat="50.0552940" lon="6.0427050">
    <ele>425.9</ele>
    <time>2025-09-13T08:05:06Z</time>
   </trkpt>
   <trkpt lat="50.0552830" lon="6.0428860">
    <ele>426.7</ele>
    <time>2025-09-13T08:05:11Z</time>
   </trkpt>
   <trkpt lat="50.0552670" lon="6.0431130">
    <ele>427.7</ele>
    <time>2025-09-13T08:05:16Z</time>
   </trkpt>
   <trkpt lat="50.0552290" lon="6.0434220">
    <ele>429.0</ele>
    <time>2025-09-13T08:05:23Z</time>
   </trkpt>
   <trkpt lat="50.0552060" lon="6.0436010">
    <ele>429.8</ele>
    <time>2025-09-13T08:05:28Z</time>
   </trkpt>
   <trkpt lat="50.0551520" lon="6.0438170">
    <ele>430.8</ele>
    <time>2025-09-13T08:05:36Z</time>
   </trkpt>
   <trkpt lat="50.0551150" lon="6.0439940">
    <ele>431.6</ele>
    <time>2025-09-13T08:05:43Z</time>
   </trkpt>
   <trkpt lat="50.0550650" lon="6.0441820">
    <ele>432.5</ele>
    <time>2025-09-13T08:05:50Z</time>
   </trkpt>
   <trkpt lat="50.0550450" lon="6.0442350">
    <ele>432.8</ele>
    <time>2025-09-13T08:05:52Z</time>
   </trkpt>
   <trkpt lat="50.0550250" lon="6.0443360">
    <ele>433.2</ele>
    <time>2025-09-13T08:05:55Z</time>
   </trkpt>
   <trkpt lat="50.0549760" lon="6.0446090">
    <ele>434.5</ele>
    <time>2025-09-13T08:06:03Z</time>
   </trkpt>
   <trkpt lat="50.0549370" lon="6.0448970">
    <ele>435.7</ele>
    <time>2025-09-13T08:06:12Z</time>
   </trkpt>
   <trkpt lat="50.0549290" lon="6.0451290">
    <ele>436.7</ele>
    <time>2025-09-13T08:06:19Z</time>
   </trkpt>
   <trkpt lat="50.0549590" lon="6.0453610">
    <ele>437.7</ele>
    <time>2025-09-13T08:06:26Z</time>
   </trkpt>
   <trkpt lat="50.0550100" lon="6.0456300">
    <ele>438.8</ele>
    <time>2025-09-13T08:06:34Z</time>
   </trkpt>
   <trkpt lat="50.0550660" lon="6.0459440">
    <ele>440.2</ele>
    <time>2025-09-13T08:06:44Z</time>
   </trkpt>
   <trkpt lat="50.0551200" lon="6.0462150">
    <ele>441.4</ele>
    <time>2025-09-13T08:06:53Z</time>
   </trkpt>
   <trkpt lat="50.0551590" lon="6.0464340">
    <ele>442.5</ele>
    <time>2025-09-13T08:07:00Z</time>
   </trkpt>
   <trkpt lat="50.0552060" lon="6.0467080">
    <ele>443.9</ele>
    <time>2025-09-13T08:07:09Z</time>
   </trkpt>
   <trkpt lat="50.0552470" lon="6.0469590">
    <ele>445.3</ele>
    <time>2025-09-13T08:07:17Z</time>
   </trkpt>
   <trkpt lat="50.0552850" lon="6.0471820">
    <ele>446.5</ele>
    <time>2025-09-13T08:07:24Z</time>
   </trkpt>
   <trkpt lat="50.0553150" lon="6.0474370">
    <ele>447.8</ele>
    <time>2025-09-13T08:07:32Z</time>
   </trkpt>
   <trkpt lat="50.0552790" lon="6.0476960">
    <ele>448.6</ele>
    <time>2025-09-13T08:07:40Z</time>
   </trkpt>
   <trkpt lat="50.0552150" lon="6.0479200">
    <ele>449.3</ele>
    <time>2025-09-13T08:07:48Z</time>
   </trkpt>
   <trkpt lat="50.0550680" lon="6.0481330">
    <ele>450.7</ele>
    <time>2025-09-13T08:07:58Z</time>
   </trkpt>
   <trkpt lat="50.0549020" lon="6.0482270">
    <ele>452.1</ele>
    <time>2025-09-13T08:08:07Z</time>
   </trkpt>
   <trkpt lat="50.0547950" lon="6.0482420">
    <ele>452.9</ele>
    <time>2025-09-13T08:08:12Z</time>
   </trkpt>
   <trkpt lat="50.0546930" lon="6.0482620">
    <ele>453.7</ele>
    <time>2025-09-13T08:08:18Z</time>
   </trkpt>
   <trkpt lat="50.0545640" lon="6.0482660">
    <ele>454.8</ele>
    <time>2025-09-13T08:08:25Z</time>
   </trkpt>
   <trkpt lat="50.0544490" lon="6.0482970">
    <ele>455.8</ele>
    <time>2025-09-13T08:08:32Z</time>
   </trkpt>
   <trkpt lat="50.0543340" lon="6.0483500">
    <ele>456.7</ele>
    <time>2025-09-13T08:08:38Z</time>
   </trkpt>
   <trkpt lat="50.0542600" lon="6.0484000">
    <ele>457.3</ele>
    <time>2025-09-13T08:08:42Z</time>
   </trkpt>
   <trkpt lat="50.0542080" lon="6.0484510">
    <ele>457.8</ele>
    <time>2025-09-13T08:08:45Z</time>
   </trkpt>
   <trkpt lat="50.0541140" lon="6.0485840">
    <ele>458.8</ele>
    <time>2025-09-13T08:08:52Z</time>
   </trkpt>
   <trkpt lat="50.0541010" lon="6.0486090">
    <ele>458.9</ele>
    <time>2025-09-13T08:08:53Z</time>
   </trkpt>
   <trkpt lat="50.0540210" lon="6.0487730">
    <ele>459.9</ele>
    <time>2025-09-13T08:09:00Z</time>
   </trkpt>
   <trkpt lat="50.0539540" lon="6.0490030">
    <ele>460.9</ele>
    <time>2025-09-13T08:09:07Z</time>
   </trkpt>
   <trkpt lat="50.0538820" lon="6.0492340">
    <ele>461.9</ele>
    <time>2025-09-13T08:09:15Z</time>
   </trkpt>
   <trkpt lat="50.0538140" lon="6.0494050">
    <ele>462.8</ele>
    <time>2025-09-13T08:09:22Z</time>
   </trkpt>
   <trkpt lat="50.0536770" lon="6.0495300">
    <ele>463.8</ele>
    <time>2025-09-13T08:09:30Z</time>
   </trkpt>
   <trkpt lat="50.0535760" lon="6.0496440">
    <ele>464.7</ele>
    <time>2025-09-13T08:09:37Z</time>
   </trkpt>
   <trkpt lat="50.0534380" lon="6.0497570">
    <ele>465.8</ele>
    <time>2025-09-13T08:09:45Z</time>
   </trkpt>
   <trkpt lat="50.0533350" lon="6.0498920">
    <ele>466.8</ele>
    <time>2025-09-13T08:09:52Z</time>
   </trkpt>
   <trkpt lat="50.0533190" lon="6.0499060">
    <ele>466.9</ele>
    <time>2025-09-13T08:09:53Z</time>
   </trkpt>
   <trkpt lat="50.0531520" lon="6.0500560">
    <ele>468.3</ele>
    <time>2025-09-13T08:10:03Z</time>
   </trkpt>
   <trkpt lat="50.0530070" lon="6.0501660">
    <ele>469.4</ele>
    <time>2025-09-13T08:10:11Z</time>
   </trkpt>
   <trkpt lat="50.0527650" lon="6.0502710">
    <ele>471.1</ele>
    <time>2025-09-13T08:10:19Z</time>
   </trkpt>
   <trkpt lat="50.0526310" lon="6.0503920">
    <ele>472.1</ele>
    <time>2025-09-13T08:10:25Z</time>
   </trkpt>
   <trkpt lat="50.0525040" lon="6.0505760">
    <ele>473.2</ele>
    <time>2025-09-13T08:10:33Z</time>
   </trkpt>
   <trkpt lat="50.0524820" lon="6.0506150">
    <ele>473.4</ele>
    <time>2025-09-13T08:10:35Z</time>
   </trkpt>
   <trkpt lat="50.0524350" lon="6.0506890">
    <ele>473.9</ele>
    <time>2025-09-13T08:10:38Z</time>
   </trkpt>
   <trkpt lat="50.0523620" lon="6.0508870">
    <ele>474.8</ele>
    <time>2025-09-13T08:10:45Z</time>
   </trkpt>
   <trkpt lat="50.0523120" lon="6.0511220">
    <ele>475.8</ele>
    <time>2025-09-13T08:10:53Z</time>
   </trkpt>
   <trkpt lat="50.0522910" lon="6.0511630">
    <ele>476.0</ele>
    <time>2025-09-13T08:10:57Z</time>
   </trkpt>
   <trkpt lat="50.0522490" lon="6.0513060">
    <ele>476.6</ele>
    <time>2025-09-13T08:11:02Z</time>
   </trkpt>
   <trkpt lat="50.0521720" lon="6.0514940">
    <ele>477.4</ele>
    <time>2025-09-13T08:11:09Z</time>
   </trkpt>
   <trkpt lat="50.0520670" lon="6.0517250">
    <ele>478.4</ele>
    <time>2025-09-13T08:11:16Z</time>
   </trkpt>
   <trkpt lat="50.0519780" lon="6.0519200">
    <ele>479.4</ele>
    <time>2025-09-13T08:11:22Z</time>
   </trkpt>
   <trkpt lat="50.0518540" lon="6.0521730">
    <ele>480.7</ele>
    <time>2025-09-13T08:11:31Z</time>
   </trkpt>
   <trkpt lat="50.0517850" lon="6.0523160">
    <ele>481.4</ele>
    <time>2025-09-13T08:11:36Z</time>
   </trkpt>
   <trkpt lat="50.0516990" lon="6.0524370">
    <ele>482.1</ele>
    <time>2025-09-13T08:11:42Z</time>
   </trkpt>
   <trkpt lat="50.0516140" lon="6.0525980">
    <ele>482.9</ele>
    <time>2025-09-13T08:11:49Z</time>
   </trkpt>
   <trkpt lat="50.0515440" lon="6.0527630">
    <ele>483.6</ele>
    <time>2025-09-13T08:11:55Z</time>
   </trkpt>
   <trkpt lat="50.0514280" lon="6.0530190">
    <ele>484.7</ele>
    <time>2025-09-13T08:12:04Z</time>
   </trkpt>
   <trkpt lat="50.0513580" lon="6.0532070">
    <ele>485.6</ele>
    <time>2025-09-13T08:12:10Z</time>
   </trkpt>
   <trkpt lat="50.0512450" lon="6.0534290">
    <ele>486.8</ele>
    <time>2025-09-13T08:12:18Z</time>
   </trkpt>
   <trkpt lat="50.0511380" lon="6.0536390">
    <ele>488.0</ele>
    <time>2025-09-13T08:12:26Z</time>
   </trkpt>
   <trkpt lat="50.0511100" lon="6.0536560">
    <ele>488.2</ele>
    <time>2025-09-13T08:12:28Z</time>
   </trkpt>
   <trkpt lat="50.0510750" lon="6.0537300">
    <ele>488.5</ele>
    <time>2025-09-13T08:12:31Z</time>
   </trkpt>
   <trkpt lat="50.0510140" lon="6.0538490">
    <ele>489.1</ele>
    <time>2025-09-13T08:12:36Z</time>
   </trkpt>
   <trkpt lat="50.0509820" lon="6.0539030">
    <ele>489.4</ele>
    <time>2025-09-13T08:12:39Z</time>
   </trkpt>
   <trkpt lat="50.0509550" lon="6.0539410">
    <ele>489.6</ele>
    <time>2025-09-13T08:12:41Z</time>
   </trkpt>
   <trkpt lat="50.0508930" lon="6.0540580">
    <ele>490.1</ele>
    <time>2025-09-13T08:12:46Z</time>
   </trkpt>
   <trkpt lat="50.0507860" lon="6.0542390">
    <ele>490.9</ele>
    <time>2025-09-13T08:12:53Z</time>
   </trkpt>
   <trkpt lat="50.0506980" lon="6.0544180">
    <ele>491.7</ele>
    <time>2025-09-13T08:13:00Z</time>
   </trkpt>
   <trkpt lat="50.0505580" lon="6.0547540">
    <ele>493.2</ele>
    <time>2025-09-13T08:13:10Z</time>
   </trkpt>
   <trkpt lat="50.0504410" lon="6.0550030">
    <ele>494.4</ele>
    <time>2025-09-13T08:13:18Z</time>
   </trkpt>
   <trkpt lat="50.0503330" lon="6.0552070">
    <ele>495.5</ele>
    <time>2025-09-13T08:13:26Z</time>
   </trkpt>
   <trkpt lat="50.0502650" lon="6.0553610">
    <ele>496.3</ele>
    <time>2025-09-13T08:13:32Z</time>
   </trkpt>
   <trkpt lat="50.0501820" lon="6.0555500">
    <ele>497.3</ele>
    <time>2025-09-13T08:13:39Z</time>
   </trkpt>
   <trkpt lat="50.0500950" lon="6.0557920">
    <ele>498.5</ele>
    <time>2025-09-13T08:13:47Z</time>
   </trkpt>
   <trkpt lat="50.0500270" lon="6.0559930">
    <ele>499.5</ele>
    <time>2025-09-13T08:13:54Z</time>
   </trkpt>
   <trkpt lat="50.0499700" lon="6.0562300">
    <ele>500.5</ele>
    <time>2025-09-13T08:14:02Z</time>
   </trkpt>
   <trkpt lat="50.0499280" lon="6.0564470">
    <ele>501.5</ele>
    <time>2025-09-13T08:14:09Z</time>
   </trkpt>
   <trkpt lat="50.0498930" lon="6.0567660">
    <ele>502.9</ele>
    <time>2025-09-13T08:14:19Z</time>
   </trkpt>
   <trkpt lat="50.0498740" lon="6.0569730">
    <ele>503.8</ele>
    <time>2025-09-13T08:14:25Z</time>
   </trkpt>
   <trkpt lat="50.0498730" lon="6.0571590">
    <ele>504.6</ele>
    <time>2025-09-13T08:14:31Z</time>
   </trkpt>
   <trkpt lat="50.0498790" lon="6.0573740">
    <ele>505.6</ele>
    <time>2025-09-13T08:14:38Z</time>
   </trkpt>
   <trkpt lat="50.0498830" lon="6.0574050">
    <ele>505.7</ele>
    <time>2025-09-13T08:14:39Z</time>
   </trkpt>
   <trkpt lat="50.0498960" lon="6.0575410">
    <ele>506.4</ele>
    <time>2025-09-13T08:14:43Z</time>
   </trkpt>
   <trkpt lat="50.0499250" lon="6.0577640">
    <ele>507.5</ele>
    <time>2025-09-13T08:14:50Z</time>
   </trkpt>
   <trkpt lat="50.0499530" lon="6.0578800">
    <ele>508.0</ele>
    <time>2025-09-13T08:14:54Z</time>
   </trkpt>
   <trkpt lat="50.0499550" lon="6.0579040">
    <ele>508.1</ele>
    <time>2025-09-13T08:14:55Z</time>
   </trkpt>
   <trkpt lat="50.0499890" lon="6.0581040">
    <ele>509.0</ele>
    <time>2025-09-13T08:15:01Z</time>
   </trkpt>
   <trkpt lat="50.0500450" lon="6.0583450">
    <ele>510.0</ele>
    <time>2025-09-13T08:15:09Z</time>
   </trkpt>
   <trkpt lat="50.0500950" lon="6.0584810">
    <ele>510.6</ele>
    <time>2025-09-13T08:15:14Z</time>
   </trkpt>
   <trkpt lat="50.0501530" lon="6.0586780">
    <ele>511.2</ele>
    <time>2025-09-13T08:15:21Z</time>
   </trkpt>
   <trkpt lat="50.0502300" lon="6.0588560">
    <ele>511.6</ele>
    <time>2025-09-13T08:15:27Z</time>
   </trkpt>
   <trkpt lat="50.0502890" lon="6.0590110">
    <ele>512.0</ele>
    <time>2025-09-13T08:15:32Z</time>
   </trkpt>
   <trkpt lat="50.0503100" lon="6.0590780">
    <ele>512.2</ele>
    <time>2025-09-13T08:15:34Z</time>
   </trkpt>
   <trkpt lat="50.0503550" lon="6.0591550">
    <ele>512.4</ele>
    <time>2025-09-13T08:15:37Z</time>
   </trkpt>
   <trkpt lat="50.0504620" lon="6.0593470">
    <ele>513.0</ele>
    <time>2025-09-13T08:15:44Z</time>
   </trkpt>
   <trkpt lat="50.0505850" lon="6.0595310">
    <ele>513.6</ele>
    <time>2025-09-13T08:15:52Z</time>
   </trkpt>
   <trkpt lat="50.0506830" lon="6.0596650">
    <ele>514.0</ele>
    <time>2025-09-13T08:15:58Z</time>
   </trkpt>
   <trkpt lat="50.0508680" lon="6.0598460">
    <ele>514.8</ele>
    <time>2025-09-13T08:16:07Z</time>
   </trkpt>
   <trkpt lat="50.0510120" lon="6.0599850">
    <ele>515.4</ele>
    <time>2025-09-13T08:16:14Z</time>
   </trkpt>
   <trkpt lat="50.0512160" lon="6.0601180">
    <ele>516.0</ele>
    <time>2025-09-13T08:16:22Z</time>
   </trkpt>
   <trkpt lat="50.0514430" lon="6.0602260">
    <ele>516.4</ele>
    <time>2025-09-13T08:16:29Z</time>
   </trkpt>
   <trkpt lat="50.0516400" lon="6.0603130">
    <ele>516.8</ele>
    <time>2025-09-13T08:16:35Z</time>
   </trkpt>
   <trkpt lat="50.0519210" lon="6.0604530">
    <ele>517.2</ele>
    <time>2025-09-13T08:16:43Z</time>
   </trkpt>
   <trkpt lat="50.0521970" lon="6.0606010">
    <ele>517.6</ele>
    <time>2025-09-13T08:16:51Z</time>
   </trkpt>
   <trkpt lat="50.0525180" lon="6.0607500">
    <ele>518.2</ele>
    <time>2025-09-13T08:17:00Z</time>
   </trkpt>
   <trkpt lat="50.0527570" lon="6.0608550">
    <ele>518.6</ele>
    <time>2025-09-13T08:17:07Z</time>
   </trkpt>
   <trkpt lat="50.0529990" lon="6.0609940">
    <ele>519.0</ele>
    <time>2025-09-13T08:17:14Z</time>
   </trkpt>
   <trkpt lat="50.0532810" lon="6.0611820">
    <ele>519.7</ele>
    <time>2025-09-13T08:17:22Z</time>
   </trkpt>
   <trkpt lat="50.0535090" lon="6.0614110">
    <ele>520.1</ele>
    <time>2025-09-13T08:17:29Z</time>
   </trkpt>
   <trkpt lat="50.0537090" lon="6.0616990">
    <ele>520.5</ele>
    <time>2025-09-13T08:17:36Z</time>
   </trkpt>
   <trkpt lat="50.0538700" lon="6.0621300">
    <ele>521.0</ele>
    <time>2025-09-13T08:17:44Z</time>
   </trkpt>
   <trkpt lat="50.0539390" lon="6.0624550">
    <ele>521.1</ele>
    <time>2025-09-13T08:17:50Z</time>
   </trkpt>
   <trkpt lat="50.0540120" lon="6.0628830">
    <ele>521.2</ele>
    <time>2025-09-13T08:17:57Z</time>
   </trkpt>
   <trkpt lat="50.0540840" lon="6.0632770">
    <ele>521.2</ele>
    <time>2025-09-13T08:18:03Z</time>
   </trkpt>
   <trkpt lat="50.0540910" lon="6.0633410">
    <ele>521.2</ele>
    <time>2025-09-13T08:18:04Z</time>
   </trkpt>
   <trkpt lat="50.0541840" lon="6.0639000">
    <ele>521.1</ele>
    <time>2025-09-13T08:18:12Z</time>
   </trkpt>
   <trkpt lat="50.0542730" lon="6.0644220">
    <ele>521.0</ele>
    <time>2025-09-13T08:18:19Z</time>
   </trkpt>
   <trkpt lat="50.0543850" lon="6.0651270">
    <ele>520.9</ele>
    <time>2025-09-13T08:18:28Z</time>
   </trkpt>
   <trkpt lat="50.0544600" lon="6.0657340">
    <ele>520.8</ele>
    <time>2025-09-13T08:18:36Z</time>
   </trkpt>
   <trkpt lat="50.0545750" lon="6.0663330">
    <ele>520.7</ele>
    <time>2025-09-13T08:18:44Z</time>
   </trkpt>
   <trkpt lat="50.0546720" lon="6.0669450">
    <ele>520.5</ele>
    <time>2025-09-13T08:18:52Z</time>
   </trkpt>
   <trkpt lat="50.0547030" lon="6.0671090">
    <ele>520.5</ele>
    <time>2025-09-13T08:18:54Z</time>
   </trkpt>
   <trkpt lat="50.0547500" lon="6.0674290">
    <ele>520.3</ele>
    <time>2025-09-13T08:18:58Z</time>
   </trkpt>
   <trkpt lat="50.0547760" lon="6.0678120">
    <ele>520.0</ele>
    <time>2025-09-13T08:19:03Z</time>
   </trkpt>
   <trkpt lat="50.0547730" lon="6.0678860">
    <ele>519.9</ele>
    <time>2025-09-13T08:19:04Z</time>
   </trkpt>
   <trkpt lat="50.0547570" lon="6.0680990">
    <ele>519.5</ele>
    <time>2025-09-13T08:19:08Z</time>
   </trkpt>
   <trkpt lat="50.0547100" lon="6.0682220">
    <ele>519.2</ele>
    <time>2025-09-13T08:19:13Z</time>
   </trkpt>
   <trkpt lat="50.0546910" lon="6.0683090">
    <ele>519.0</ele>
    <time>2025-09-13T08:20:28Z</time>
   </trkpt>
   <trkpt lat="50.0546580" lon="6.0683970">
    <ele>518.7</ele>
    <time>2025-09-13T08:20:31Z</time>
   </trkpt>
   <trkpt lat="50.0545760" lon="6.0686400">
    <ele>518.0</ele>
    <time>2025-09-13T08:20:36Z</time>
   </trkpt>
   <trkpt lat="50.0544360" lon="6.0690180">
    <ele>516.1</ele>
    <time>2025-09-13T08:20:41Z</time>
   </trkpt>
   <trkpt lat="50.0542290" lon="6.0695330">
    <ele>513.5</ele>
    <time>2025-09-13T08:20:47Z</time>
   </trkpt>
   <trkpt lat="50.0540650" lon="6.0700820">
    <ele>511.2</ele>
    <time>2025-09-13T08:20:53Z</time>
   </trkpt>
   <trkpt lat="50.0538950" lon="6.0705600">
    <ele>509.4</ele>
    <time>2025-09-13T08:20:58Z</time>
   </trkpt>
   <trkpt lat="50.0536270" lon="6.0709930">
    <ele>508.6</ele>
    <time>2025-09-13T08:21:03Z</time>
   </trkpt>
   <trkpt lat="50.0533460" lon="6.0713190">
    <ele>508.0</ele>
    <time>2025-09-13T08:21:08Z</time>
   </trkpt>
   <trkpt lat="50.0531140" lon="6.0715850">
    <ele>507.6</ele>
    <time>2025-09-13T08:21:13Z</time>
   </trkpt>
   <trkpt lat="50.0529530" lon="6.0717190">
    <ele>507.3</ele>
    <time>2025-09-13T08:21:18Z</time>
   </trkpt>
   <trkpt lat="50.0528020" lon="6.0716470">
    <ele>507.1</ele>
    <time>2025-09-13T08:21:22Z</time>
   </trkpt>
   <trkpt lat="50.0527610" lon="6.0716570">
    <ele>507.1</ele>
    <time>2025-09-13T08:21:23Z</time>
   </trkpt>
   <trkpt lat="50.0526780" lon="6.0716910">
    <ele>507.0</ele>
    <time>2025-09-13T08:21:25Z</time>
   </trkpt>
   <trkpt lat="50.0525980" lon="6.0717540">
    <ele>506.9</ele>
    <time>2025-09-13T08:21:27Z</time>
   </trkpt>
   <trkpt lat="50.0523300" lon="6.0719620">
    <ele>507.0</ele>
    <time>2025-09-13T08:21:34Z</time>
   </trkpt>
   <trkpt lat="50.0521620" lon="6.0721160">
    <ele>506.8</ele>
    <time>2025-09-13T08:21:40Z</time>
   </trkpt>
   <trkpt lat="50.0520720" lon="6.0721420">
    <ele>506.7</ele>
    <time>2025-09-13T08:21:44Z</time>
   </trkpt>
   <trkpt lat="50.0520540" lon="6.0721120">
    <ele>506.7</ele>
    <time>2025-09-13T08:21:45Z</time>
   </trkpt>
   <trkpt lat="50.0519090" lon="6.0717520">
    <ele>506.5</ele>
    <time>2025-09-13T08:21:53Z</time>
   </trkpt>
   <trkpt lat="50.0518510" lon="6.0717190">
    <ele>506.5</ele>
    <time>2025-09-13T08:21:55Z</time>
   </trkpt>
   <trkpt lat="50.0518210" lon="6.0717240">
    <ele>506.5</ele>
    <time>2025-09-13T08:21:56Z</time>
   </trkpt>
   <trkpt lat="50.0516290" lon="6.0718790">
    <ele>506.5</ele>
    <time>2025-09-13T08:22:02Z</time>
   </trkpt>
   <trkpt lat="50.0514100" lon="6.0720440">
    <ele>506.5</ele>
    <time>2025-09-13T08:22:09Z</time>
   </trkpt>
   <trkpt lat="50.0513000" lon="6.0720740">
    <ele>506.6</ele>
    <time>2025-09-13T08:22:15Z</time>
   </trkpt>
   <trkpt lat="50.0512880" lon="6.0721750">
    <ele>506.6</ele>
    <time>2025-09-13T08:22:19Z</time>
   </trkpt>
   <trkpt lat="50.0512870" lon="6.0721890">
    <ele>506.6</ele>
    <time>2025-09-13T08:22:20Z</time>
   </trkpt>
   <trkpt lat="50.0512920" lon="6.0722410">
    <ele>506.6</ele>
    <time>2025-09-13T08:22:26Z</time>
   </trkpt>
   <trkpt lat="50.0513070" lon="6.0723110">
    <ele>506.7</ele>
    <time>2025-09-13T08:22:28Z</time>
   </trkpt>
   <trkpt lat="50.0513430" lon="6.0725620">
    <ele>506.9</ele>
    <time>2025-09-13T08:22:33Z</time>
   </trkpt>
   <trkpt lat="50.0513110" lon="6.0727810">
    <ele>507.3</ele>
    <time>2025-09-13T08:22:37Z</time>
   </trkpt>
   <trkpt lat="50.0512710" lon="6.0728740">
    <ele>507.4</ele>
    <time>2025-09-13T08:22:39Z</time>
   </trkpt>
   <trkpt lat="50.0511460" lon="6.0729720">
    <ele>507.6</ele>
    <time>2025-09-13T08:22:43Z</time>
   </trkpt>
   <trkpt lat="50.0508410" lon="6.0731080">
    <ele>508.4</ele>
    <time>2025-09-13T08:22:52Z</time>
   </trkpt>
   <trkpt lat="50.0505820" lon="6.0731880">
    <ele>509.4</ele>
    <time>2025-09-13T08:23:00Z</time>
   </trkpt>
   <trkpt lat="50.0503180" lon="6.0732840">
    <ele>511.1</ele>
    <time>2025-09-13T08:23:09Z</time>
   </trkpt>
   <trkpt lat="50.0501190" lon="6.0733330">
    <ele>511.7</ele>
    <time>2025-09-13T08:23:16Z</time>
   </trkpt>
   <trkpt lat="50.0499060" lon="6.0734070">
    <ele>512.6</ele>
    <time>2025-09-13T08:23:24Z</time>
   </trkpt>
   <trkpt lat="50.0496790" lon="6.0734940">
    <ele>513.4</ele>
    <time>2025-09-13T08:23:32Z</time>
   </trkpt>
   <trkpt lat="50.0494220" lon="6.0735840">
    <ele>514.2</ele>
    <time>2025-09-13T08:23:40Z</time>
   </trkpt>
   <trkpt lat="50.0491860" lon="6.0736840">
    <ele>515.1</ele>
    <time>2025-09-13T08:23:48Z</time>
   </trkpt>
   <trkpt lat="50.0489650" lon="6.0737730">
    <ele>516.0</ele>
    <time>2025-09-13T08:23:56Z</time>
   </trkpt>
   <trkpt lat="50.0487640" lon="6.0738620">
    <ele>516.9</ele>
    <time>2025-09-13T08:24:03Z</time>
   </trkpt>
   <trkpt lat="50.0486150" lon="6.0740040">
    <ele>517.8</ele>
    <time>2025-09-13T08:24:09Z</time>
   </trkpt>
   <trkpt lat="50.0484580" lon="6.0741140">
    <ele>518.9</ele>
    <time>2025-09-13T08:24:16Z</time>
   </trkpt>
   <trkpt lat="50.0482310" lon="6.0742310">
    <ele>520.3</ele>
    <time>2025-09-13T08:24:26Z</time>
   </trkpt>
   <trkpt lat="50.0480460" lon="6.0743510">
    <ele>521.6</ele>
    <time>2025-09-13T08:24:34Z</time>
   </trkpt>
   <trkpt lat="50.0478840" lon="6.0744690">
    <ele>523.0</ele>
    <time>2025-09-13T08:24:42Z</time>
   </trkpt>
   <trkpt lat="50.0477350" lon="6.0745940">
    <ele>524.4</ele>
    <time>2025-09-13T08:24:50Z</time>
   </trkpt>
   <trkpt lat="50.0475850" lon="6.0747130">
    <ele>525.9</ele>
    <time>2025-09-13T08:24:58Z</time>
   </trkpt>
   <trkpt lat="50.0473860" lon="6.0748320">
    <ele>527.9</ele>
    <time>2025-09-13T08:25:08Z</time>
   </trkpt>
   <trkpt lat="50.0471700" lon="6.0749770">
    <ele>530.3</ele>
    <time>2025-09-13T08:25:19Z</time>
   </trkpt>
   <trkpt lat="50.0470490" lon="6.0750670">
    <ele>531.9</ele>
    <time>2025-09-13T08:25:26Z</time>
   </trkpt>
   <trkpt lat="50.0468910" lon="6.0751800">
    <ele>534.0</ele>
    <time>2025-09-13T08:25:34Z</time>
   </trkpt>
   <trkpt lat="50.0467160" lon="6.0753310">
    <ele>535.7</ele>
    <time>2025-09-13T08:25:43Z</time>
   </trkpt>
   <trkpt lat="50.0465350" lon="6.0754780">
    <ele>536.7</ele>
    <time>2025-09-13T08:25:52Z</time>
   </trkpt>
   <trkpt lat="50.0463070" lon="6.0756300">
    <ele>536.9</ele>
    <time>2025-09-13T08:26:00Z</time>
   </trkpt>
   <trkpt lat="50.0460540" lon="6.0757900">
    <ele>537.0</ele>
    <time>2025-09-13T08:26:08Z</time>
   </trkpt>
   <trkpt lat="50.0458330" lon="6.0759100">
    <ele>537.2</ele>
    <time>2025-09-13T08:26:15Z</time>
   </trkpt>
   <trkpt lat="50.0455740" lon="6.0760510">
    <ele>537.7</ele>
    <time>2025-09-13T08:26:23Z</time>
   </trkpt>
   <trkpt lat="50.0454000" lon="6.0761580">
    <ele>538.0</ele>
    <time>2025-09-13T08:26:29Z</time>
   </trkpt>
   <trkpt lat="50.0451540" lon="6.0762790">
    <ele>538.4</ele>
    <time>2025-09-13T08:26:37Z</time>
   </trkpt>
   <trkpt lat="50.0449840" lon="6.0763740">
    <ele>538.4</ele>
    <time>2025-09-13T08:26:44Z</time>
   </trkpt>
   <trkpt lat="50.0449440" lon="6.0763870">
    <ele>538.2</ele>
    <time>2025-09-13T08:26:47Z</time>
   </trkpt>
   <trkpt lat="50.0449270" lon="6.0763960">
    <ele>538.1</ele>
    <time>2025-09-13T08:26:57Z</time>
   </trkpt>
   <trkpt lat="50.0448180" lon="6.0764670">
    <ele>537.2</ele>
    <time>2025-09-13T08:27:01Z</time>
   </trkpt>
   <trkpt lat="50.0446020" lon="6.0766030">
    <ele>534.6</ele>
    <time>2025-09-13T08:27:05Z</time>
   </trkpt>
   <trkpt lat="50.0441230" lon="6.0768410">
    <ele>530.1</ele>
    <time>2025-09-13T08:27:12Z</time>
   </trkpt>
   <trkpt lat="50.0437190" lon="6.0770430">
    <ele>527.3</ele>
    <time>2025-09-13T08:27:18Z</time>
   </trkpt>
   <trkpt lat="50.0435030" lon="6.0771690">
    <ele>526.3</ele>
    <time>2025-09-13T08:27:22Z</time>
   </trkpt>
   <trkpt lat="50.0434570" lon="6.0771980">
    <ele>526.1</ele>
    <time>2025-09-13T08:27:23Z</time>
   </trkpt>
   <trkpt lat="50.0434170" lon="6.0772240">
    <ele>525.9</ele>
    <time>2025-09-13T08:27:24Z</time>
   </trkpt>
   <trkpt lat="50.0433100" lon="6.0773070">
    <ele>525.3</ele>
    <time>2025-09-13T08:27:27Z</time>
   </trkpt>
   <trkpt lat="50.0432800" lon="6.0773480">
    <ele>525.1</ele>
    <time>2025-09-13T08:27:28Z</time>
   </trkpt>
   <trkpt lat="50.0432610" lon="6.0774010">
    <ele>525.0</ele>
    <time>2025-09-13T08:27:29Z</time>
   </trkpt>
   <trkpt lat="50.0432340" lon="6.0775320">
    <ele>524.7</ele>
    <time>2025-09-13T08:27:31Z</time>
   </trkpt>
   <trkpt lat="50.0432240" lon="6.0776170">
    <ele>524.5</ele>
    <time>2025-09-13T08:27:32Z</time>
   </trkpt>
   <trkpt lat="50.0431990" lon="6.0777750">
    <ele>524.1</ele>
    <time>2025-09-13T08:27:34Z</time>
   </trkpt>
   <trkpt lat="50.0431560" lon="6.0780390">
    <ele>523.3</ele>
    <time>2025-09-13T08:27:37Z</time>
   </trkpt>
   <trkpt lat="50.0430610" lon="6.0786840">
    <ele>521.0</ele>
    <time>2025-09-13T08:27:43Z</time>
   </trkpt>
   <trkpt lat="50.0429640" lon="6.0791480">
    <ele>519.3</ele>
    <time>2025-09-13T08:27:47Z</time>
   </trkpt>
   <trkpt lat="50.0429260" lon="6.0792550">
    <ele>518.8</ele>
    <time>2025-09-13T08:27:48Z</time>
   </trkpt>
   <trkpt lat="50.0428340" lon="6.0794450">
    <ele>517.9</ele>
    <time>2025-09-13T08:27:50Z</time>
   </trkpt>
   <trkpt lat="50.0427110" lon="6.0796150">
    <ele>517.0</ele>
    <time>2025-09-13T08:27:52Z</time>
   </trkpt>
   <trkpt lat="50.0425660" lon="6.0797380">
    <ele>516.1</ele>
    <time>2025-09-13T08:27:54Z</time>
   </trkpt>
   <trkpt lat="50.0424030" lon="6.0797880">
    <ele>515.3</ele>
    <time>2025-09-13T08:27:56Z</time>
   </trkpt>
   <trkpt lat="50.0422340" lon="6.0797710">
    <ele>514.6</ele>
    <time>2025-09-13T08:27:58Z</time>
   </trkpt>
   <trkpt lat="50.0421510" lon="6.0797400">
    <ele>514.4</ele>
    <time>2025-09-13T08:27:59Z</time>
   </trkpt>
   <trkpt lat="50.0417750" lon="6.0794880">
    <ele>513.4</ele>
    <time>2025-09-13T08:28:04Z</time>
   </trkpt>
   <trkpt lat="50.0413720" lon="6.0791800">
    <ele>512.1</ele>
    <time>2025-09-13T08:28:10Z</time>
   </trkpt>
   <trkpt lat="50.0410890" lon="6.0790430">
    <ele>510.9</ele>
    <time>2025-09-13T08:28:14Z</time>
   </trkpt>
   <trkpt lat="50.0410150" lon="6.0790340">
    <ele>510.7</ele>
    <time>2025-09-13T08:28:15Z</time>
   </trkpt>
   <trkpt lat="50.0408650" lon="6.0790730">
    <ele>510.5</ele>
    <time>2025-09-13T08:28:17Z</time>
   </trkpt>
   <trkpt lat="50.0405320" lon="6.0793450">
    <ele>509.7</ele>
    <time>2025-09-13T08:28:22Z</time>
   </trkpt>
   <trkpt lat="50.0400610" lon="6.0797080">
    <ele>507.7</ele>
    <time>2025-09-13T08:28:29Z</time>
   </trkpt>
   <trkpt lat="50.0395900" lon="6.0799420">
    <ele>503.9</ele>
    <time>2025-09-13T08:28:35Z</time>
   </trkpt>
   <trkpt lat="50.0389860" lon="6.0800870">
    <ele>498.2</ele>
    <time>2025-09-13T08:28:42Z</time>
   </trkpt>
   <trkpt lat="50.0384330" lon="6.0801000">
    <ele>494.1</ele>
    <time>2025-09-13T08:28:48Z</time>
   </trkpt>
   <trkpt lat="50.0383390" lon="6.0801030">
    <ele>493.5</ele>
    <time>2025-09-13T08:28:49Z</time>
   </trkpt>
   <trkpt lat="50.0377620" lon="6.0800370">
    <ele>490.2</ele>
    <time>2025-09-13T08:28:55Z</time>
   </trkpt>
   <trkpt lat="50.0371930" lon="6.0799340">
    <ele>488.3</ele>
    <time>2025-09-13T08:29:01Z</time>
   </trkpt>
   <trkpt lat="50.0370210" lon="6.0799110">
    <ele>488.0</ele>
    <time>2025-09-13T08:29:03Z</time>
   </trkpt>
   <trkpt lat="50.0364370" lon="6.0798890">
    <ele>488.6</ele>
    <time>2025-09-13T08:29:10Z</time>
   </trkpt>
   <trkpt lat="50.0363620" lon="6.0798910">
    <ele>489.0</ele>
    <time>2025-09-13T08:29:11Z</time>
   </trkpt>
   <trkpt lat="50.0362340" lon="6.0799350">
    <ele>489.9</ele>
    <time>2025-09-13T08:29:13Z</time>
   </trkpt>
   <trkpt lat="50.0361810" lon="6.0799690">
    <ele>490.3</ele>
    <time>2025-09-13T08:29:14Z</time>
   </trkpt>
   <trkpt lat="50.0361360" lon="6.0800050">
    <ele>490.6</ele>
    <time>2025-09-13T08:29:15Z</time>
   </trkpt>
   <trkpt lat="50.0360500" lon="6.0801460">
    <ele>491.4</ele>
    <time>2025-09-13T08:29:18Z</time>
   </trkpt>
   <trkpt lat="50.0359930" lon="6.0804010">
    <ele>492.1</ele>
    <time>2025-09-13T08:29:23Z</time>
   </trkpt>
   <trkpt lat="50.0359550" lon="6.0807310">
    <ele>492.8</ele>
    <time>2025-09-13T08:29:30Z</time>
   </trkpt>
   <trkpt lat="50.0359130" lon="6.0810820">
    <ele>493.8</ele>
    <time>2025-09-13T08:29:38Z</time>
   </trkpt>
   <trkpt lat="50.0358760" lon="6.0813200">
    <ele>494.7</ele>
    <time>2025-09-13T08:29:44Z</time>
   </trkpt>
   <trkpt lat="50.0358460" lon="6.0815720">
    <ele>495.7</ele>
    <time>2025-09-13T08:29:50Z</time>
   </trkpt>
   <trkpt lat="50.0358060" lon="6.0817570">
    <ele>496.5</ele>
    <time>2025-09-13T08:29:55Z</time>
   </trkpt>
   <trkpt lat="50.0357380" lon="6.0820100">
    <ele>497.6</ele>
    <time>2025-09-13T08:30:02Z</time>
   </trkpt>
   <trkpt lat="50.0355770" lon="6.0823010">
    <ele>499.3</ele>
    <time>2025-09-13T08:30:11Z</time>
   </trkpt>
   <trkpt lat="50.0354270" lon="6.0824200">
    <ele>500.4</ele>
    <time>2025-09-13T08:30:18Z</time>
   </trkpt>
   <trkpt lat="50.0352430" lon="6.0824920">
    <ele>501.8</ele>
    <time>2025-09-13T08:30:26Z</time>
   </trkpt>
   <trkpt lat="50.0350050" lon="6.0825250">
    <ele>503.4</ele>
    <time>2025-09-13T08:30:36Z</time>
   </trkpt>
   <trkpt lat="50.0347960" lon="6.0825040">
    <ele>504.8</ele>
    <time>2025-09-13T08:30:45Z</time>
   </trkpt>
   <trkpt lat="50.0346190" lon="6.0825160">
    <ele>506.0</ele>
    <time>2025-09-13T08:30:53Z</time>
   </trkpt>
   <trkpt lat="50.0344650" lon="6.0825830">
    <ele>507.2</ele>
    <time>2025-09-13T08:31:00Z</time>
   </trkpt>
   <trkpt lat="50.0343400" lon="6.0827180">
    <ele>508.1</ele>
    <time>2025-09-13T08:31:07Z</time>
   </trkpt>
   <trkpt lat="50.0343110" lon="6.0827570">
    <ele>508.4</ele>
    <time>2025-09-13T08:31:09Z</time>
   </trkpt>
   <trkpt lat="50.0342750" lon="6.0828020">
    <ele>508.7</ele>
    <time>2025-09-13T08:31:11Z</time>
   </trkpt>
   <trkpt lat="50.0341620" lon="6.0829240">
    <ele>509.6</ele>
    <time>2025-09-13T08:31:17Z</time>
   </trkpt>
   <trkpt lat="50.0340580" lon="6.0830300">
    <ele>510.5</ele>
    <time>2025-09-13T08:31:23Z</time>
   </trkpt>
   <trkpt lat="50.0339190" lon="6.0831760">
    <ele>511.6</ele>
    <time>2025-09-13T08:31:31Z</time>
   </trkpt>
   <trkpt lat="50.0338030" lon="6.0833100">
    <ele>512.6</ele>
    <time>2025-09-13T08:31:38Z</time>
   </trkpt>
   <trkpt lat="50.0336790" lon="6.0834730">
    <ele>513.7</ele>
    <time>2025-09-13T08:31:45Z</time>
   </trkpt>
   <trkpt lat="50.0335790" lon="6.0836210">
    <ele>514.6</ele>
    <time>2025-09-13T08:31:51Z</time>
   </trkpt>
   <trkpt lat="50.0334570" lon="6.0837910">
    <ele>515.8</ele>
    <time>2025-09-13T08:31:58Z</time>
   </trkpt>
   <trkpt lat="50.0332690" lon="6.0839970">
    <ele>517.5</ele>
    <time>2025-09-13T08:32:08Z</time>
   </trkpt>
   <trkpt lat="50.0331770" lon="6.0841130">
    <ele>518.5</ele>
    <time>2025-09-13T08:32:14Z</time>
   </trkpt>
   <trkpt lat="50.0330530" lon="6.0842490">
    <ele>519.7</ele>
    <time>2025-09-13T08:32:21Z</time>
   </trkpt>
   <trkpt lat="50.0329990" lon="6.0843090">
    <ele>520.2</ele>
    <time>2025-09-13T08:32:24Z</time>
   </trkpt>
   <trkpt lat="50.0329770" lon="6.0843610">
    <ele>520.5</ele>
    <time>2025-09-13T08:32:26Z</time>
   </trkpt>
   <trkpt lat="50.0328470" lon="6.0845170">
    <ele>521.6</ele>
    <time>2025-09-13T08:32:33Z</time>
   </trkpt>
   <trkpt lat="50.0327060" lon="6.0846540">
    <ele>522.1</ele>
    <time>2025-09-13T08:32:39Z</time>
   </trkpt>
   <trkpt lat="50.0325560" lon="6.0847960">
    <ele>522.3</ele>
    <time>2025-09-13T08:32:45Z</time>
   </trkpt>
   <trkpt lat="50.0323200" lon="6.0849910">
    <ele>522.5</ele>
    <time>2025-09-13T08:32:53Z</time>
   </trkpt>
   <trkpt lat="50.0320640" lon="6.0851960">
    <ele>522.8</ele>
    <time>2025-09-13T08:33:01Z</time>
   </trkpt>
   <trkpt lat="50.0317900" lon="6.0854270">
    <ele>523.4</ele>
    <time>2025-09-13T08:33:10Z</time>
   </trkpt>
   <trkpt lat="50.0315840" lon="6.0855880">
    <ele>524.1</ele>
    <time>2025-09-13T08:33:17Z</time>
   </trkpt>
   <trkpt lat="50.0314110" lon="6.0857510">
    <ele>524.8</ele>
    <time>2025-09-13T08:33:24Z</time>
   </trkpt>
   <trkpt lat="50.0312930" lon="6.0859210">
    <ele>525.1</ele>
    <time>2025-09-13T08:33:31Z</time>
   </trkpt>
   <trkpt lat="50.0312510" lon="6.0859660">
    <ele>525.0</ele>
    <time>2025-09-13T08:33:35Z</time>
   </trkpt>
   <trkpt lat="50.0312220" lon="6.0859910">
    <ele>524.7</ele>
    <time>2025-09-13T08:34:57Z</time>
   </trkpt>
   <trkpt lat="50.0310960" lon="6.0861160">
    <ele>523.3</ele>
    <time>2025-09-13T08:35:01Z</time>
   </trkpt>
   <trkpt lat="50.0308390" lon="6.0863640">
    <ele>520.2</ele>
    <time>2025-09-13T08:35:06Z</time>
   </trkpt>
   <trkpt lat="50.0304930" lon="6.0865650">
    <ele>517.5</ele>
    <time>2025-09-13T08:35:11Z</time>
   </trkpt>
   <trkpt lat="50.0301160" lon="6.0867490">
    <ele>515.4</ele>
    <time>2025-09-13T08:35:17Z</time>
   </trkpt>
   <trkpt lat="50.0300060" lon="6.0868460">
    <ele>514.8</ele>
    <time>2025-09-13T08:35:19Z</time>
   </trkpt>
   <trkpt lat="50.0298390" lon="6.0870360">
    <ele>513.9</ele>
    <time>2025-09-13T08:35:22Z</time>
   </trkpt>
   <trkpt lat="50.0295460" lon="6.0873780">
    <ele>511.8</ele>
    <time>2025-09-13T08:35:28Z</time>
   </trkpt>
   <trkpt lat="50.0293040" lon="6.0876380">
    <ele>507.6</ele>
    <time>2025-09-13T08:35:33Z</time>
   </trkpt>
   <trkpt lat="50.0291390" lon="6.0878230">
    <ele>504.2</ele>
    <time>2025-09-13T08:35:36Z</time>
   </trkpt>
   <trkpt lat="50.0290370" lon="6.0879740">
    <ele>501.8</ele>
    <time>2025-09-13T08:35:38Z</time>
   </trkpt>
   <trkpt lat="50.0288870" lon="6.0883100">
    <ele>497.5</ele>
    <time>2025-09-13T08:35:42Z</time>
   </trkpt>
   <trkpt lat="50.0288610" lon="6.0884010">
    <ele>496.4</ele>
    <time>2025-09-13T08:35:43Z</time>
   </trkpt>
   <trkpt lat="50.0287980" lon="6.0885860">
    <ele>494.2</ele>
    <time>2025-09-13T08:35:45Z</time>
   </trkpt>
   <trkpt lat="50.0286760" lon="6.0888380">
    <ele>491.1</ele>
    <time>2025-09-13T08:35:48Z</time>
   </trkpt>
   <trkpt lat="50.0285260" lon="6.0890840">
    <ele>487.3</ele>
    <time>2025-09-13T08:35:52Z</time>
   </trkpt>
   <trkpt lat="50.0284820" lon="6.0891230">
    <ele>486.4</ele>
    <time>2025-09-13T08:35:53Z</time>
   </trkpt>
   <trkpt lat="50.0284290" lon="6.0891520">
    <ele>485.3</ele>
    <time>2025-09-13T08:35:54Z</time>
   </trkpt>
   <trkpt lat="50.0282240" lon="6.0892080">
    <ele>481.4</ele>
    <time>2025-09-13T08:35:57Z</time>
   </trkpt>
   <trkpt lat="50.0278870" lon="6.0893160">
    <ele>477.3</ele>
    <time>2025-09-13T08:36:02Z</time>
   </trkpt>
   <trkpt lat="50.0277860" lon="6.0894030">
    <ele>476.3</ele>
    <time>2025-09-13T08:36:04Z</time>
   </trkpt>
   <trkpt lat="50.0276410" lon="6.0895830">
    <ele>474.9</ele>
    <time>2025-09-13T08:36:07Z</time>
   </trkpt>
   <trkpt lat="50.0273390" lon="6.0898890">
    <ele>473.8</ele>
    <time>2025-09-13T08:36:11Z</time>
   </trkpt>
   <trkpt lat="50.0269910" lon="6.0901770">
    <ele>474.1</ele>
    <time>2025-09-13T08:36:16Z</time>
   </trkpt>
   <trkpt lat="50.0266550" lon="6.0904040">
    <ele>475.2</ele>
    <time>2025-09-13T08:36:22Z</time>
   </trkpt>
   <trkpt lat="50.0264160" lon="6.0905860">
    <ele>476.2</ele>
    <time>2025-09-13T08:36:27Z</time>
   </trkpt>
   <trkpt lat="50.0263240" lon="6.0906320">
    <ele>476.6</ele>
    <time>2025-09-13T08:36:29Z</time>
   </trkpt>
   <trkpt lat="50.0259790" lon="6.0908320">
    <ele>478.9</ele>
    <time>2025-09-13T08:36:37Z</time>
   </trkpt>
   <trkpt lat="50.0257740" lon="6.0909750">
    <ele>480.9</ele>
    <time>2025-09-13T08:36:43Z</time>
   </trkpt>
   <trkpt lat="50.0256100" lon="6.0910630">
    <ele>482.4</ele>
    <time>2025-09-13T08:36:50Z</time>
   </trkpt>
   <trkpt lat="50.0255780" lon="6.0910470">
    <ele>482.7</ele>
    <time>2025-09-13T08:36:52Z</time>
   </trkpt>
   <trkpt lat="50.0255700" lon="6.0910260">
    <ele>482.8</ele>
    <time>2025-09-13T08:36:54Z</time>
   </trkpt>
   <trkpt lat="50.0255390" lon="6.0909780">
    <ele>482.7</ele>
    <time>2025-09-13T08:37:03Z</time>
   </trkpt>
   <trkpt lat="50.0254970" lon="6.0909560">
    <ele>482.7</ele>
    <time>2025-09-13T08:37:05Z</time>
   </trkpt>
   <trkpt lat="50.0254400" lon="6.0909620">
    <ele>482.8</ele>
    <time>2025-09-13T08:37:07Z</time>
   </trkpt>
   <trkpt lat="50.0252300" lon="6.0911150">
    <ele>483.0</ele>
    <time>2025-09-13T08:37:15Z</time>
   </trkpt>
   <trkpt lat="50.0249690" lon="6.0912940">
    <ele>483.6</ele>
    <time>2025-09-13T08:37:24Z</time>
   </trkpt>
   <trkpt lat="50.0247860" lon="6.0914230">
    <ele>484.4</ele>
    <time>2025-09-13T08:37:31Z</time>
   </trkpt>
   <trkpt lat="50.0245710" lon="6.0915500">
    <ele>485.8</ele>
    <time>2025-09-13T08:37:39Z</time>
   </trkpt>
   <trkpt lat="50.0243120" lon="6.0916880">
    <ele>487.5</ele>
    <time>2025-09-13T08:37:49Z</time>
   </trkpt>
   <trkpt lat="50.0240680" lon="6.0917910">
    <ele>489.2</ele>
    <time>2025-09-13T08:37:59Z</time>
   </trkpt>
   <trkpt lat="50.0237580" lon="6.0918650">
    <ele>491.2</ele>
    <time>2025-09-13T08:38:11Z</time>
   </trkpt>
   <trkpt lat="50.0235110" lon="6.0918990">
    <ele>492.8</ele>
    <time>2025-09-13T08:38:21Z</time>
   </trkpt>
   <trkpt lat="50.0232940" lon="6.0919210">
    <ele>494.3</ele>
    <time>2025-09-13T08:38:30Z</time>
   </trkpt>
   <trkpt lat="50.0231250" lon="6.0919330">
    <ele>495.5</ele>
    <time>2025-09-13T08:38:37Z</time>
   </trkpt>
   <trkpt lat="50.0229630" lon="6.0919260">
    <ele>496.5</ele>
    <time>2025-09-13T08:38:44Z</time>
   </trkpt>
   <trkpt lat="50.0228000" lon="6.0919300">
    <ele>497.7</ele>
    <time>2025-09-13T08:38:51Z</time>
   </trkpt>
   <trkpt lat="50.0226410" lon="6.0919200">
    <ele>498.8</ele>
    <time>2025-09-13T08:38:58Z</time>
   </trkpt>
   <trkpt lat="50.0224860" lon="6.0918920">
    <ele>499.8</ele>
    <time>2025-09-13T08:39:06Z</time>
   </trkpt>
   <trkpt lat="50.0224480" lon="6.0919130">
    <ele>500.1</ele>
    <time>2025-09-13T08:39:08Z</time>
   </trkpt>
   <trkpt lat="50.0224000" lon="6.0919900">
    <ele>500.7</ele>
    <time>2025-09-13T08:39:11Z</time>
   </trkpt>
   <trkpt lat="50.0223580" lon="6.0921550">
    <ele>501.7</ele>
    <time>2025-09-13T08:39:17Z</time>
   </trkpt>
   <trkpt lat="50.0223240" lon="6.0922380">
    <ele>502.2</ele>
    <time>2025-09-13T08:39:21Z</time>
   </trkpt>
   <trkpt lat="50.0222800" lon="6.0923240">
    <ele>502.7</ele>
    <time>2025-09-13T08:39:25Z</time>
   </trkpt>
   <trkpt lat="50.0222300" lon="6.0923750">
    <ele>503.1</ele>
    <time>2025-09-13T08:39:28Z</time>
   </trkpt>
   <trkpt lat="50.0221990" lon="6.0923760">
    <ele>503.3</ele>
    <time>2025-09-13T08:39:30Z</time>
   </trkpt>
   <trkpt lat="50.0220450" lon="6.0923390">
    <ele>504.3</ele>
    <time>2025-09-13T08:39:38Z</time>
   </trkpt>
   <trkpt lat="50.0218700" lon="6.0923020">
    <ele>505.5</ele>
    <time>2025-09-13T08:39:45Z</time>
   </trkpt>
   <trkpt lat="50.0216770" lon="6.0922820">
    <ele>507.0</ele>
    <time>2025-09-13T08:39:54Z</time>
   </trkpt>
   <trkpt lat="50.0215130" lon="6.0923240">
    <ele>508.6</ele>
    <time>2025-09-13T08:40:02Z</time>
   </trkpt>
   <trkpt lat="50.0213490" lon="6.0923810">
    <ele>510.4</ele>
    <time>2025-09-13T08:40:10Z</time>
   </trkpt>
   <trkpt lat="50.0211950" lon="6.0924660">
    <ele>512.1</ele>
    <time>2025-09-13T08:40:18Z</time>
   </trkpt>
   <trkpt lat="50.0210320" lon="6.0925630">
    <ele>513.7</ele>
    <time>2025-09-13T08:40:27Z</time>
   </trkpt>
   <trkpt lat="50.0208590" lon="6.0927050">
    <ele>514.8</ele>
    <time>2025-09-13T08:40:36Z</time>
   </trkpt>
   <trkpt lat="50.0206960" lon="6.0928130">
    <ele>515.4</ele>
    <time>2025-09-13T08:40:44Z</time>
   </trkpt>
   <trkpt lat="50.0205330" lon="6.0929430">
    <ele>515.9</ele>
    <time>2025-09-13T08:40:51Z</time>
   </trkpt>
   <trkpt lat="50.0204310" lon="6.0930380">
    <ele>516.2</ele>
    <time>2025-09-13T08:40:57Z</time>
   </trkpt>
   <trkpt lat="50.0204160" lon="6.0930590">
    <ele>516.3</ele>
    <time>2025-09-13T08:40:58Z</time>
   </trkpt>
   <trkpt lat="50.0202870" lon="6.0931730">
    <ele>516.2</ele>
    <time>2025-09-13T08:41:03Z</time>
   </trkpt>
   <trkpt lat="50.0201210" lon="6.0932700">
    <ele>516.2</ele>
    <time>2025-09-13T08:41:09Z</time>
   </trkpt>
   <trkpt lat="50.0199650" lon="6.0933250">
    <ele>516.2</ele>
    <time>2025-09-13T08:41:16Z</time>
   </trkpt>
   <trkpt lat="50.0197740" lon="6.0933880">
    <ele>515.9</ele>
    <time>2025-09-13T08:41:22Z</time>
   </trkpt>
   <trkpt lat="50.0195180" lon="6.0934560">
    <ele>515.2</ele>
    <time>2025-09-13T08:41:28Z</time>
   </trkpt>
   <trkpt lat="50.0192800" lon="6.0935010">
    <ele>514.7</ele>
    <time>2025-09-13T08:41:33Z</time>
   </trkpt>
   <trkpt lat="50.0191350" lon="6.0935320">
    <ele>514.5</ele>
    <time>2025-09-13T08:41:36Z</time>
   </trkpt>
   <trkpt lat="50.0189080" lon="6.0935800">
    <ele>514.3</ele>
    <time>2025-09-13T08:41:42Z</time>
   </trkpt>
   <trkpt lat="50.0187070" lon="6.0936240">
    <ele>512.9</ele>
    <time>2025-09-13T08:41:47Z</time>
   </trkpt>
   <trkpt lat="50.0186620" lon="6.0936240">
    <ele>512.6</ele>
    <time>2025-09-13T08:41:48Z</time>
   </trkpt>
   <trkpt lat="50.0184620" lon="6.0935930">
    <ele>510.9</ele>
    <time>2025-09-13T08:41:53Z</time>
   </trkpt>
   <trkpt lat="50.0181560" lon="6.0935750">
    <ele>508.3</ele>
    <time>2025-09-13T08:41:59Z</time>
   </trkpt>
   <trkpt lat="50.0177570" lon="6.0935370">
    <ele>505.3</ele>
    <time>2025-09-13T08:42:06Z</time>
   </trkpt>
   <trkpt lat="50.0176070" lon="6.0935200">
    <ele>504.8</ele>
    <time>2025-09-13T08:42:09Z</time>
   </trkpt>
   <trkpt lat="50.0175050" lon="6.0935270">
    <ele>504.4</ele>
    <time>2025-09-13T08:42:11Z</time>
   </trkpt>
   <trkpt lat="50.0172050" lon="6.0935160">
    <ele>502.0</ele>
    <time>2025-09-13T08:42:16Z</time>
   </trkpt>
   <trkpt lat="50.0168850" lon="6.0934850">
    <ele>498.9</ele>
    <time>2025-09-13T08:42:21Z</time>
   </trkpt>
   <trkpt lat="50.0168180" lon="6.0934660">
    <ele>498.3</ele>
    <time>2025-09-13T08:42:22Z</time>
   </trkpt>
   <trkpt lat="50.0166900" lon="6.0933880">
    <ele>497.0</ele>
    <time>2025-09-13T08:42:24Z</time>
   </trkpt>
   <trkpt lat="50.0163370" lon="6.0931900">
    <ele>494.8</ele>
    <time>2025-09-13T08:42:29Z</time>
   </trkpt>
   <trkpt lat="50.0161820" lon="6.0931220">
    <ele>494.7</ele>
    <time>2025-09-13T08:42:31Z</time>
   </trkpt>
   <trkpt lat="50.0160590" lon="6.0930570">
    <ele>495.1</ele>
    <time>2025-09-13T08:42:33Z</time>
   </trkpt>
   <trkpt lat="50.0158860" lon="6.0929700">
    <ele>496.2</ele>
    <time>2025-09-13T08:42:37Z</time>
   </trkpt>
   <trkpt lat="50.0158120" lon="6.0929380">
    <ele>496.7</ele>
    <time>2025-09-13T08:42:40Z</time>
   </trkpt>
   <trkpt lat="50.0156270" lon="6.0929630">
    <ele>497.1</ele>
    <time>2025-09-13T08:42:45Z</time>
   </trkpt>
   <trkpt lat="50.0155310" lon="6.0929880">
    <ele>497.1</ele>
    <time>2025-09-13T08:42:47Z</time>
   </trkpt>
   <trkpt lat="50.0154230" lon="6.0929770">
    <ele>496.7</ele>
    <time>2025-09-13T08:42:49Z</time>
   </trkpt>
   <trkpt lat="50.0150260" lon="6.0929020">
    <ele>495.0</ele>
    <time>2025-09-13T08:42:56Z</time>
   </trkpt>
   <trkpt lat="50.0147100" lon="6.0928580">
    <ele>492.8</ele>
    <time>2025-09-13T08:43:02Z</time>
   </trkpt>
   <trkpt lat="50.0145420" lon="6.0928420">
    <ele>491.4</ele>
    <time>2025-09-13T08:43:06Z</time>
   </trkpt>
   <trkpt lat="50.0144980" lon="6.0928210">
    <ele>491.3</ele>
    <time>2025-09-13T08:43:07Z</time>
   </trkpt>
   <trkpt lat="50.0144540" lon="6.0927980">
    <ele>491.1</ele>
    <time>2025-09-13T08:43:08Z</time>
   </trkpt>
   <trkpt lat="50.0143580" lon="6.0927990">
    <ele>490.8</ele>
    <time>2025-09-13T08:43:10Z</time>
   </trkpt>
   <trkpt lat="50.0143080" lon="6.0928170">
    <ele>490.6</ele>
    <time>2025-09-13T08:43:11Z</time>
   </trkpt>
   <trkpt lat="50.0142530" lon="6.0928420">
    <ele>490.4</ele>
    <time>2025-09-13T08:43:12Z</time>
   </trkpt>
   <trkpt lat="50.0141570" lon="6.0929340">
    <ele>490.2</ele>
    <time>2025-09-13T08:43:14Z</time>
   </trkpt>
   <trkpt lat="50.0141100" lon="6.0929900">
    <ele>490.1</ele>
    <time>2025-09-13T08:43:15Z</time>
   </trkpt>
   <trkpt lat="50.0139960" lon="6.0931990">
    <ele>490.0</ele>
    <time>2025-09-13T08:43:18Z</time>
   </trkpt>
   <trkpt lat="50.0139440" lon="6.0933320">
    <ele>490.2</ele>
    <time>2025-09-13T08:43:20Z</time>
   </trkpt>
   <trkpt lat="50.0137860" lon="6.0937800">
    <ele>491.5</ele>
    <time>2025-09-13T08:43:27Z</time>
   </trkpt>
   <trkpt lat="50.0136740" lon="6.0940580">
    <ele>492.6</ele>
    <time>2025-09-13T08:43:33Z</time>
   </trkpt>
   <trkpt lat="50.0135180" lon="6.0943090">
    <ele>494.5</ele>
    <time>2025-09-13T08:43:40Z</time>
   </trkpt>
   <trkpt lat="50.0133290" lon="6.0945070">
    <ele>496.4</ele>
    <time>2025-09-13T08:43:48Z</time>
   </trkpt>
   <trkpt lat="50.0131430" lon="6.0946250">
    <ele>497.5</ele>
    <time>2025-09-13T08:43:55Z</time>
   </trkpt>
   <trkpt lat="50.0129270" lon="6.0947900">
    <ele>497.8</ele>
    <time>2025-09-13T08:44:02Z</time>
   </trkpt>
   <trkpt lat="50.0128010" lon="6.0948090">
    <ele>498.0</ele>
    <time>2025-09-13T08:44:06Z</time>
   </trkpt>
   <trkpt lat="50.0127910" lon="6.0946860">
    <ele>498.1</ele>
    <time>2025-09-13T08:44:09Z</time>
   </trkpt>
   <trkpt lat="50.0128670" lon="6.0943680">
    <ele>498.3</ele>
    <time>2025-09-13T08:44:15Z</time>
   </trkpt>
   <trkpt lat="50.0128740" lon="6.0940590">
    <ele>498.4</ele>
    <time>2025-09-13T08:44:20Z</time>
   </trkpt>
   <trkpt lat="50.0128220" lon="6.0935470">
    <ele>498.6</ele>
    <time>2025-09-13T08:44:28Z</time>
   </trkpt>
   <trkpt lat="50.0127810" lon="6.0931180">
    <ele>498.7</ele>
    <time>2025-09-13T08:44:36Z</time>
   </trkpt>
   <trkpt lat="50.0127750" lon="6.0930580">
    <ele>498.7</ele>
    <time>2025-09-13T08:44:37Z</time>
   </trkpt>
   <trkpt lat="50.0127300" lon="6.0927290">
    <ele>498.9</ele>
    <time>2025-09-13T08:44:42Z</time>
   </trkpt>
   <trkpt lat="50.0126270" lon="6.0921200">
    <ele>499.1</ele>
    <time>2025-09-13T08:44:51Z</time>
   </trkpt>
   <trkpt lat="50.0125350" lon="6.0915520">
    <ele>499.3</ele>
    <time>2025-09-13T08:44:59Z</time>
   </trkpt>
   <trkpt lat="50.0125000" lon="6.0912730">
    <ele>499.4</ele>
    <time>2025-09-13T08:45:03Z</time>
   </trkpt>
   <trkpt lat="50.0124620" lon="6.0911550">
    <ele>499.6</ele>
    <time>2025-09-13T08:45:05Z</time>
   </trkpt>
   <trkpt lat="50.0123770" lon="6.0911190">
    <ele>499.6</ele>
    <time>2025-09-13T08:45:07Z</time>
   </trkpt>
   <trkpt lat="50.0123340" lon="6.0911280">
    <ele>499.7</ele>
    <time>2025-09-13T08:45:08Z</time>
   </trkpt>
   <trkpt lat="50.0121150" lon="6.0912260">
    <ele>500.0</ele>
    <time>2025-09-13T08:45:14Z</time>
   </trkpt>
   <trkpt lat="50.0119110" lon="6.0913110">
    <ele>500.4</ele>
    <time>2025-09-13T08:45:19Z</time>
   </trkpt>
   <trkpt lat="50.0118230" lon="6.0913450">
    <ele>500.5</ele>
    <time>2025-09-13T08:45:21Z</time>
   </trkpt>
   <trkpt lat="50.0116410" lon="6.0914340">
    <ele>500.7</ele>
    <time>2025-09-13T08:45:25Z</time>
   </trkpt>
   <trkpt lat="50.0113510" lon="6.0915300">
    <ele>501.0</ele>
    <time>2025-09-13T08:45:32Z</time>
   </trkpt>
   <trkpt lat="50.0111570" lon="6.0915960">
    <ele>501.0</ele>
    <time>2025-09-13T08:45:37Z</time>
   </trkpt>
   <trkpt lat="50.0108760" lon="6.0917180">
    <ele>501.0</ele>
    <time>2025-09-13T08:45:43Z</time>
   </trkpt>
   <trkpt lat="50.0104500" lon="6.0918640">
    <ele>501.1</ele>
    <time>2025-09-13T08:45:52Z</time>
   </trkpt>
   <trkpt lat="50.0101120" lon="6.0919610">
    <ele>501.5</ele>
    <time>2025-09-13T08:45:59Z</time>
   </trkpt>
   <trkpt lat="50.0097920" lon="6.0919690">
    <ele>502.4</ele>
    <time>2025-09-13T08:46:06Z</time>
   </trkpt>
   <trkpt lat="50.0095230" lon="6.0919290">
    <ele>503.8</ele>
    <time>2025-09-13T08:46:13Z</time>
   </trkpt>
   <trkpt lat="50.0092770" lon="6.0918960">
    <ele>505.6</ele>
    <time>2025-09-13T08:46:21Z</time>
   </trkpt>
   <trkpt lat="50.0090340" lon="6.0919110">
    <ele>506.7</ele>
    <time>2025-09-13T08:46:29Z</time>
   </trkpt>
   <trkpt lat="50.0088900" lon="6.0920240">
    <ele>507.5</ele>
    <time>2025-09-13T08:46:34Z</time>
   </trkpt>
   <trkpt lat="50.0087050" lon="6.0920640">
    <ele>508.4</ele>
    <time>2025-09-13T08:46:41Z</time>
   </trkpt>
   <trkpt lat="50.0085090" lon="6.0920720">
    <ele>509.6</ele>
    <time>2025-09-13T08:46:49Z</time>
   </trkpt>
   <trkpt lat="50.0083200" lon="6.0920680">
    <ele>510.8</ele>
    <time>2025-09-13T08:46:57Z</time>
   </trkpt>
   <trkpt lat="50.0081160" lon="6.0920600">
    <ele>512.2</ele>
    <time>2025-09-13T08:47:06Z</time>
   </trkpt>
   <trkpt lat="50.0078950" lon="6.0920690">
    <ele>513.6</ele>
    <time>2025-09-13T08:47:16Z</time>
   </trkpt>
   <trkpt lat="50.0077210" lon="6.0920740">
    <ele>514.7</ele>
    <time>2025-09-13T08:47:24Z</time>
   </trkpt>
   <trkpt lat="50.0075420" lon="6.0920590">
    <ele>515.8</ele>
    <time>2025-09-13T08:47:32Z</time>
   </trkpt>
   <trkpt lat="50.0073520" lon="6.0920190">
    <ele>516.6</ele>
    <time>2025-09-13T08:47:40Z</time>
   </trkpt>
   <trkpt lat="50.0072500" lon="6.0920040">
    <ele>517.0</ele>
    <time>2025-09-13T08:47:44Z</time>
   </trkpt>
   <trkpt lat="50.0072100" lon="6.0920220">
    <ele>517.1</ele>
    <time>2025-09-13T08:47:46Z</time>
   </trkpt>
   <trkpt lat="50.0071650" lon="6.0920990">
    <ele>516.8</ele>
    <time>2025-09-13T08:47:50Z</time>
   </trkpt>
   <trkpt lat="50.0071380" lon="6.0921550">
    <ele>516.5</ele>
    <time>2025-09-13T08:47:52Z</time>
   </trkpt>
   <trkpt lat="50.0070770" lon="6.0922180">
    <ele>515.8</ele>
    <time>2025-09-13T08:47:55Z</time>
   </trkpt>
   <trkpt lat="50.0070070" lon="6.0922330">
    <ele>515.0</ele>
    <time>2025-09-13T08:47:57Z</time>
   </trkpt>
   <trkpt lat="50.0068620" lon="6.0921420">
    <ele>513.2</ele>
    <time>2025-09-13T08:48:01Z</time>
   </trkpt>
   <trkpt lat="50.0066020" lon="6.0919420">
    <ele>510.3</ele>
    <time>2025-09-13T08:48:06Z</time>
   </trkpt>
   <trkpt lat="50.0062260" lon="6.0916100">
    <ele>506.7</ele>
    <time>2025-09-13T08:48:12Z</time>
   </trkpt>
   <trkpt lat="50.0059130" lon="6.0913620">
    <ele>503.7</ele>
    <time>2025-09-13T08:48:17Z</time>
   </trkpt>
   <trkpt lat="50.0054750" lon="6.0910210">
    <ele>498.5</ele>
    <time>2025-09-13T08:48:23Z</time>
   </trkpt>
   <trkpt lat="50.0051010" lon="6.0907440">
    <ele>496.0</ele>
    <time>2025-09-13T08:48:28Z</time>
   </trkpt>
   <trkpt lat="50.0046810" lon="6.0904260">
    <ele>493.9</ele>
    <time>2025-09-13T08:48:34Z</time>
   </trkpt>
   <trkpt lat="50.0042060" lon="6.0901470">
    <ele>491.5</ele>
    <time>2025-09-13T08:48:40Z</time>
   </trkpt>
   <trkpt lat="50.0037750" lon="6.0900620">
    <ele>489.8</ele>
    <time>2025-09-13T08:48:45Z</time>
   </trkpt>
   <trkpt lat="50.0031770" lon="6.0899410">
    <ele>488.2</ele>
    <time>2025-09-13T08:48:52Z</time>
   </trkpt>
   <trkpt lat="50.0030940" lon="6.0899240">
    <ele>488.1</ele>
    <time>2025-09-13T08:48:53Z</time>
   </trkpt>
   <trkpt lat="50.0025650" lon="6.0897920">
    <ele>489.1</ele>
    <time>2025-09-13T08:49:00Z</time>
   </trkpt>
   <trkpt lat="50.0021980" lon="6.0896950">
    <ele>492.8</ele>
    <time>2025-09-13T08:49:06Z</time>
   </trkpt>
   <trkpt lat="50.0020530" lon="6.0896660">
    <ele>495.3</ele>
    <time>2025-09-13T08:49:10Z</time>
   </trkpt>
   <trkpt lat="50.0019120" lon="6.0896340">
    <ele>498.2</ele>
    <time>2025-09-13T08:49:17Z</time>
   </trkpt>
   <trkpt lat="50.0017680" lon="6.0896340">
    <ele>501.2</ele>
    <time>2025-09-13T08:49:24Z</time>
   </trkpt>
   <trkpt lat="50.0016010" lon="6.0896560">
    <ele>504.2</ele>
    <time>2025-09-13T08:49:32Z</time>
   </trkpt>
   <trkpt lat="50.0014290" lon="6.0896630">
    <ele>506.7</ele>
    <time>2025-09-13T08:49:40Z</time>
   </trkpt>
   <trkpt lat="50.0012620" lon="6.0896570">
    <ele>508.7</ele>
    <time>2025-09-13T08:49:48Z</time>
   </trkpt>
   <trkpt lat="50.0010750" lon="6.0896530">
    <ele>510.7</ele>
    <time>2025-09-13T08:49:57Z</time>
   </trkpt>
   <trkpt lat="50.0009170" lon="6.0896580">
    <ele>512.0</ele>
    <time>2025-09-13T08:50:04Z</time>
   </trkpt>
   <trkpt lat="50.0007740" lon="6.0896480">
    <ele>512.9</ele>
    <time>2025-09-13T08:50:10Z</time>
   </trkpt>
   <trkpt lat="50.0006060" lon="6.0896800">
    <ele>513.5</ele>
    <time>2025-09-13T08:50:17Z</time>
   </trkpt>
   <trkpt lat="50.0005230" lon="6.0896890">
    <ele>513.7</ele>
    <time>2025-09-13T08:50:22Z</time>
   </trkpt>
   <trkpt lat="50.0004920" lon="6.0896890">
    <ele>513.7</ele>
    <time>2025-09-13T08:51:14Z</time>
   </trkpt>
   <trkpt lat="50.0004320" lon="6.0897080">
    <ele>513.7</ele>
    <time>2025-09-13T08:51:17Z</time>
   </trkpt>
   <trkpt lat="50.0002650" lon="6.0897580">
    <ele>513.4</ele>
    <time>2025-09-13T08:51:23Z</time>
   </trkpt>
   <trkpt lat="50.0000050" lon="6.0898550">
    <ele>512.5</ele>
    <time>2025-09-13T08:51:30Z</time>
   </trkpt>
   <trkpt lat="49.9996960" lon="6.0899580">
    <ele>510.4</ele>
    <time>2025-09-13T08:51:37Z</time>
   </trkpt>
   <trkpt lat="49.9993930" lon="6.0900500">
    <ele>506.8</ele>
    <time>2025-09-13T08:51:42Z</time>
   </trkpt>
   <trkpt lat="49.9990560" lon="6.0900620">
    <ele>502.6</ele>
    <time>2025-09-13T08:51:46Z</time>
   </trkpt>
   <trkpt lat="49.9985950" lon="6.0900070">
    <ele>499.5</ele>
    <time>2025-09-13T08:51:51Z</time>
   </trkpt>
   <trkpt lat="49.9984300" lon="6.0900350">
    <ele>499.4</ele>
    <time>2025-09-13T08:51:53Z</time>
   </trkpt>
   <trkpt lat="49.9982810" lon="6.0900870">
    <ele>499.8</ele>
    <time>2025-09-13T08:51:55Z</time>
   </trkpt>
   <trkpt lat="49.9981040" lon="6.0901780">
    <ele>500.9</ele>
    <time>2025-09-13T08:51:58Z</time>
   </trkpt>
   <trkpt lat="49.9980610" lon="6.0902140">
    <ele>501.3</ele>
    <time>2025-09-13T08:51:59Z</time>
   </trkpt>
   <trkpt lat="49.9979030" lon="6.0903860">
    <ele>503.3</ele>
    <time>2025-09-13T08:52:04Z</time>
   </trkpt>
   <trkpt lat="49.9977830" lon="6.0905450">
    <ele>505.2</ele>
    <time>2025-09-13T08:52:09Z</time>
   </trkpt>
   <trkpt lat="49.9976560" lon="6.0907300">
    <ele>507.3</ele>
    <time>2025-09-13T08:52:15Z</time>
   </trkpt>
   <trkpt lat="49.9975550" lon="6.0908700">
    <ele>508.6</ele>
    <time>2025-09-13T08:52:20Z</time>
   </trkpt>
   <trkpt lat="49.9973990" lon="6.0910570">
    <ele>510.0</ele>
    <time>2025-09-13T08:52:26Z</time>
   </trkpt>
   <trkpt lat="49.9972960" lon="6.0911840">
    <ele>510.8</ele>
    <time>2025-09-13T08:52:31Z</time>
   </trkpt>
   <trkpt lat="49.9971480" lon="6.0913740">
    <ele>511.6</ele>
    <time>2025-09-13T08:52:38Z</time>
   </trkpt>
   <trkpt lat="49.9969240" lon="6.0916590">
    <ele>511.9</ele>
    <time>2025-09-13T08:52:44Z</time>
   </trkpt>
   <trkpt lat="49.9966710" lon="6.0919510">
    <ele>510.8</ele>
    <time>2025-09-13T08:52:50Z</time>
   </trkpt>
   <trkpt lat="49.9964160" lon="6.0922710">
    <ele>508.4</ele>
    <time>2025-09-13T08:52:56Z</time>
   </trkpt>
   <trkpt lat="49.9963700" lon="6.0923370">
    <ele>507.8</ele>
    <time>2025-09-13T08:52:57Z</time>
   </trkpt>
   <trkpt lat="49.9962150" lon="6.0925730">
    <ele>505.4</ele>
    <time>2025-09-13T08:53:00Z</time>
   </trkpt>
   <trkpt lat="49.9958890" lon="6.0930670">
    <ele>499.5</ele>
    <time>2025-09-13T08:53:06Z</time>
   </trkpt>
   <trkpt lat="49.9956110" lon="6.0935620">
    <ele>493.1</ele>
    <time>2025-09-13T08:53:11Z</time>
   </trkpt>
   <trkpt lat="49.9952960" lon="6.0942510">
    <ele>490.1</ele>
    <time>2025-09-13T08:53:17Z</time>
   </trkpt>
   <trkpt lat="49.9952440" lon="6.0943700">
    <ele>490.3</ele>
    <time>2025-09-13T08:53:18Z</time>
   </trkpt>
   <trkpt lat="49.9952020" lon="6.0944940">
    <ele>490.7</ele>
    <time>2025-09-13T08:53:19Z</time>
   </trkpt>
   <trkpt lat="49.9951500" lon="6.0947390">
    <ele>491.9</ele>
    <time>2025-09-13T08:53:21Z</time>
   </trkpt>
   <trkpt lat="49.9951180" lon="6.0949480">
    <ele>493.3</ele>
    <time>2025-09-13T08:53:23Z</time>
   </trkpt>
   <trkpt lat="49.9950800" lon="6.0951070">
    <ele>494.6</ele>
    <time>2025-09-13T08:53:25Z</time>
   </trkpt>
   <trkpt lat="49.9949860" lon="6.0953680">
    <ele>497.3</ele>
    <time>2025-09-13T08:53:30Z</time>
   </trkpt>
   <trkpt lat="49.9948900" lon="6.0955490">
    <ele>499.5</ele>
    <time>2025-09-13T08:53:36Z</time>
   </trkpt>
   <trkpt lat="49.9947910" lon="6.0955540">
    <ele>500.8</ele>
    <time>2025-09-13T08:53:40Z</time>
   </trkpt>
   <trkpt lat="49.9945970" lon="6.0954500">
    <ele>502.4</ele>
    <time>2025-09-13T08:53:47Z</time>
   </trkpt>
   <trkpt lat="49.9944360" lon="6.0954320">
    <ele>503.4</ele>
    <time>2025-09-13T08:53:53Z</time>
   </trkpt>
   <trkpt lat="49.9942810" lon="6.0954800">
    <ele>504.3</ele>
    <time>2025-09-13T08:53:59Z</time>
   </trkpt>
   <trkpt lat="49.9941770" lon="6.0955550">
    <ele>504.8</ele>
    <time>2025-09-13T08:54:04Z</time>
   </trkpt>
   <trkpt lat="49.9940040" lon="6.0957040">
    <ele>505.4</ele>
    <time>2025-09-13T08:54:10Z</time>
   </trkpt>
   <trkpt lat="49.9937870" lon="6.0958900">
    <ele>506.1</ele>
    <time>2025-09-13T08:54:17Z</time>
   </trkpt>
   <trkpt lat="49.9936340" lon="6.0960620">
    <ele>506.9</ele>
    <time>2025-09-13T08:54:22Z</time>
   </trkpt>
   <trkpt lat="49.9935730" lon="6.0963020">
    <ele>507.9</ele>
    <time>2025-09-13T08:54:27Z</time>
   </trkpt>
   <trkpt lat="49.9935020" lon="6.0966530">
    <ele>508.8</ele>
    <time>2025-09-13T08:54:34Z</time>
   </trkpt>
   <trkpt lat="49.9934240" lon="6.0969090">
    <ele>509.2</ele>
    <time>2025-09-13T08:54:40Z</time>
   </trkpt>
   <trkpt lat="49.9933490" lon="6.0970570">
    <ele>509.4</ele>
    <time>2025-09-13T08:54:44Z</time>
   </trkpt>
   <trkpt lat="49.9932600" lon="6.0972060">
    <ele>509.8</ele>
    <time>2025-09-13T08:54:49Z</time>
   </trkpt>
   <trkpt lat="49.9931950" lon="6.0974010">
    <ele>510.3</ele>
    <time>2025-09-13T08:54:54Z</time>
   </trkpt>
   <trkpt lat="49.9930580" lon="6.0977590">
    <ele>511.4</ele>
    <time>2025-09-13T08:55:02Z</time>
   </trkpt>
   <trkpt lat="49.9929090" lon="6.0980220">
    <ele>512.4</ele>
    <time>2025-09-13T08:55:10Z</time>
   </trkpt>
   <trkpt lat="49.9928950" lon="6.0980470">
    <ele>512.5</ele>
    <time>2025-09-13T08:55:12Z</time>
   </trkpt>
   <trkpt lat="49.9928790" lon="6.0980910">
    <ele>512.6</ele>
    <time>2025-09-13T08:55:20Z</time>
   </trkpt>
   <trkpt lat="49.9928680" lon="6.0981230">
    <ele>512.6</ele>
    <time>2025-09-13T08:55:21Z</time>
   </trkpt>
   <trkpt lat="49.9927990" lon="6.0983380">
    <ele>512.7</ele>
    <time>2025-09-13T08:55:27Z</time>
   </trkpt>
   <trkpt lat="49.9926800" lon="6.0986250">
    <ele>512.6</ele>
    <time>2025-09-13T08:55:33Z</time>
   </trkpt>
   <trkpt lat="49.9925330" lon="6.0989110">
    <ele>511.9</ele>
    <time>2025-09-13T08:55:39Z</time>
   </trkpt>
   <trkpt lat="49.9924510" lon="6.0989870">
    <ele>511.5</ele>
    <time>2025-09-13T08:55:41Z</time>
   </trkpt>
   <trkpt lat="49.9923010" lon="6.0990960">
    <ele>510.5</ele>
    <time>2025-09-13T08:55:44Z</time>
   </trkpt>
   <trkpt lat="49.9922170" lon="6.0991710">
    <ele>510.0</ele>
    <time>2025-09-13T08:55:46Z</time>
   </trkpt>
   <trkpt lat="49.9921070" lon="6.0993090">
    <ele>508.9</ele>
    <time>2025-09-13T08:55:49Z</time>
   </trkpt>
   <trkpt lat="49.9919390" lon="6.0993920">
    <ele>507.2</ele>
    <time>2025-09-13T08:55:53Z</time>
   </trkpt>
   <trkpt lat="49.9918500" lon="6.0994650">
    <ele>506.1</ele>
    <time>2025-09-13T08:55:55Z</time>
   </trkpt>
   <trkpt lat="49.9917730" lon="6.0995480">
    <ele>505.1</ele>
    <time>2025-09-13T08:55:57Z</time>
   </trkpt>
   <trkpt lat="49.9916100" lon="6.0997170">
    <ele>502.8</ele>
    <time>2025-09-13T08:56:00Z</time>
   </trkpt>
   <trkpt lat="49.9913440" lon="6.1000000">
    <ele>499.3</ele>
    <time>2025-09-13T08:56:04Z</time>
   </trkpt>
   <trkpt lat="49.9908480" lon="6.1005160">
    <ele>495.6</ele>
    <time>2025-09-13T08:56:10Z</time>
   </trkpt>
   <trkpt lat="49.9906800" lon="6.1006940">
    <ele>495.1</ele>
    <time>2025-09-13T08:56:12Z</time>
   </trkpt>
   <trkpt lat="49.9905370" lon="6.1009040">
    <ele>495.2</ele>
    <time>2025-09-13T08:56:14Z</time>
   </trkpt>
   <trkpt lat="49.9904130" lon="6.1011240">
    <ele>495.7</ele>
    <time>2025-09-13T08:56:16Z</time>
   </trkpt>
   <trkpt lat="49.9903120" lon="6.1013340">
    <ele>496.5</ele>
    <time>2025-09-13T08:56:18Z</time>
   </trkpt>
   <trkpt lat="49.9901510" lon="6.1016500">
    <ele>498.1</ele>
    <time>2025-09-13T08:56:22Z</time>
   </trkpt>
   <trkpt lat="49.9899690" lon="6.1019290">
    <ele>499.6</ele>
    <time>2025-09-13T08:56:27Z</time>
   </trkpt>
   <trkpt lat="49.9898020" lon="6.1021720">
    <ele>500.5</ele>
    <time>2025-09-13T08:56:31Z</time>
   </trkpt>
   <trkpt lat="49.9897580" lon="6.1022380">
    <ele>500.7</ele>
    <time>2025-09-13T08:56:32Z</time>
   </trkpt>
   <trkpt lat="49.9894510" lon="6.1026340">
    <ele>501.6</ele>
    <time>2025-09-13T08:56:38Z</time>
   </trkpt>
   <trkpt lat="49.9892400" lon="6.1029570">
    <ele>502.1</ele>
    <time>2025-09-13T08:56:43Z</time>
   </trkpt>
   <trkpt lat="49.9890650" lon="6.1033020">
    <ele>502.7</ele>
    <time>2025-09-13T08:56:48Z</time>
   </trkpt>
   <trkpt lat="49.9890210" lon="6.1034410">
    <ele>503.0</ele>
    <time>2025-09-13T08:56:50Z</time>
   </trkpt>
   <trkpt lat="49.9888690" lon="6.1038570">
    <ele>504.3</ele>
    <time>2025-09-13T08:56:56Z</time>
   </trkpt>
   <trkpt lat="49.9886940" lon="6.1043280">
    <ele>506.0</ele>
    <time>2025-09-13T08:57:04Z</time>
   </trkpt>
   <trkpt lat="49.9885350" lon="6.1046720">
    <ele>507.6</ele>
    <time>2025-09-13T08:57:11Z</time>
   </trkpt>
   <trkpt lat="49.9883790" lon="6.1049340">
    <ele>509.0</ele>
    <time>2025-09-13T08:57:17Z</time>
   </trkpt>
   <trkpt lat="49.9881920" lon="6.1052220">
    <ele>510.6</ele>
    <time>2025-09-13T08:57:24Z</time>
   </trkpt>
   <trkpt lat="49.9880280" lon="6.1054490">
    <ele>511.9</ele>
    <time>2025-09-13T08:57:30Z</time>
   </trkpt>
   <trkpt lat="49.9878190" lon="6.1057310">
    <ele>513.0</ele>
    <time>2025-09-13T08:57:37Z</time>
   </trkpt>
   <trkpt lat="49.9876240" lon="6.1060450">
    <ele>514.1</ele>
    <time>2025-09-13T08:57:44Z</time>
   </trkpt>
   <trkpt lat="49.9873760" lon="6.1064840">
    <ele>515.5</ele>
    <time>2025-09-13T08:57:54Z</time>
   </trkpt>
   <trkpt lat="49.9871970" lon="6.1068370">
    <ele>516.8</ele>
    <time>2025-09-13T08:58:02Z</time>
   </trkpt>
   <trkpt lat="49.9870140" lon="6.1071860">
    <ele>517.8</ele>
    <time>2025-09-13T08:58:10Z</time>
   </trkpt>
   <trkpt lat="49.9869010" lon="6.1074230">
    <ele>518.4</ele>
    <time>2025-09-13T08:58:16Z</time>
   </trkpt>
   <trkpt lat="49.9867370" lon="6.1077180">
    <ele>519.2</ele>
    <time>2025-09-13T08:58:23Z</time>
   </trkpt>
   <trkpt lat="49.9865500" lon="6.1079890">
    <ele>519.9</ele>
    <time>2025-09-13T08:58:30Z</time>
   </trkpt>
   <trkpt lat="49.9863100" lon="6.1082710">
    <ele>520.6</ele>
    <time>2025-09-13T08:58:37Z</time>
   </trkpt>
   <trkpt lat="49.9859970" lon="6.1086070">
    <ele>521.3</ele>
    <time>2025-09-13T08:58:46Z</time>
   </trkpt>
   <trkpt lat="49.9859120" lon="6.1087410">
    <ele>521.3</ele>
    <time>2025-09-13T08:58:49Z</time>
   </trkpt>
   <trkpt lat="49.9858590" lon="6.1088730">
    <ele>521.2</ele>
    <time>2025-09-13T08:58:51Z</time>
   </trkpt>
   <trkpt lat="49.9856540" lon="6.1094650">
    <ele>520.8</ele>
    <time>2025-09-13T08:58:59Z</time>
   </trkpt>
   <trkpt lat="49.9855060" lon="6.1098430">
    <ele>520.6</ele>
    <time>2025-09-13T08:59:04Z</time>
   </trkpt>
   <trkpt lat="49.9854430" lon="6.1099960">
    <ele>520.5</ele>
    <time>2025-09-13T08:59:06Z</time>
   </trkpt>
   <trkpt lat="49.9851860" lon="6.1106620">
    <ele>519.9</ele>
    <time>2025-09-13T08:59:14Z</time>
   </trkpt>
   <trkpt lat="49.9848990" lon="6.1114800">
    <ele>519.4</ele>
    <time>2025-09-13T08:59:23Z</time>
   </trkpt>
   <trkpt lat="49.9846460" lon="6.1121100">
    <ele>519.6</ele>
    <time>2025-09-13T08:59:30Z</time>
   </trkpt>
   <trkpt lat="49.9843730" lon="6.1127770">
    <ele>519.5</ele>
    <time>2025-09-13T08:59:38Z</time>
   </trkpt>
   <trkpt lat="49.9841970" lon="6.1133640">
    <ele>518.8</ele>
    <time>2025-09-13T08:59:45Z</time>
   </trkpt>
   <trkpt lat="49.9840130" lon="6.1140770">
    <ele>517.4</ele>
    <time>2025-09-13T08:59:52Z</time>
   </trkpt>
   <trkpt lat="49.9838000" lon="6.1149430">
    <ele>517.9</ele>
    <time>2025-09-13T09:00:00Z</time>
   </trkpt>
   <trkpt lat="49.9835830" lon="6.1155440">
    <ele>518.7</ele>
    <time>2025-09-13T09:00:07Z</time>
   </trkpt>
   <trkpt lat="49.9833030" lon="6.1162020">
    <ele>519.0</ele>
    <time>2025-09-13T09:00:15Z</time>
   </trkpt>
   <trkpt lat="49.9831220" lon="6.1166690">
    <ele>520.4</ele>
    <time>2025-09-13T09:00:21Z</time>
   </trkpt>
   <trkpt lat="49.9829110" lon="6.1171740">
    <ele>522.6</ele>
    <time>2025-09-13T09:00:29Z</time>
   </trkpt>
   <trkpt lat="49.9827050" lon="6.1175880">
    <ele>523.7</ele>
    <time>2025-09-13T09:00:37Z</time>
   </trkpt>
   <trkpt lat="49.9825370" lon="6.1179690">
    <ele>523.5</ele>
    <time>2025-09-13T09:00:44Z</time>
   </trkpt>
   <trkpt lat="49.9823220" lon="6.1183770">
    <ele>522.3</ele>
    <time>2025-09-13T09:00:50Z</time>
   </trkpt>
   <trkpt lat="49.9821280" lon="6.1188160">
    <ele>521.4</ele>
    <time>2025-09-13T09:00:55Z</time>
   </trkpt>
   <trkpt lat="49.9820350" lon="6.1193280">
    <ele>521.2</ele>
    <time>2025-09-13T09:01:00Z</time>
   </trkpt>
   <trkpt lat="49.9820050" lon="6.1197710">
    <ele>521.5</ele>
    <time>2025-09-13T09:01:05Z</time>
   </trkpt>
   <trkpt lat="49.9819980" lon="6.1198340">
    <ele>521.5</ele>
    <time>2025-09-13T09:01:08Z</time>
   </trkpt>
   <trkpt lat="49.9819690" lon="6.1198940">
    <ele>521.5</ele>
    <time>2025-09-13T09:01:12Z</time>
   </trkpt>
   <trkpt lat="49.9819460" lon="6.1200200">
    <ele>521.5</ele>
    <time>2025-09-13T09:01:15Z</time>
   </trkpt>
   <trkpt lat="49.9819360" lon="6.1204170">
    <ele>521.3</ele>
    <time>2025-09-13T09:01:21Z</time>
   </trkpt>
   <trkpt lat="49.9819710" lon="6.1210870">
    <ele>520.6</ele>
    <time>2025-09-13T09:01:29Z</time>
   </trkpt>
   <trkpt lat="49.9820800" lon="6.1219760">
    <ele>519.5</ele>
    <time>2025-09-13T09:01:39Z</time>
   </trkpt>
   <trkpt lat="49.9820950" lon="6.1220670">
    <ele>519.2</ele>
    <time>2025-09-13T09:01:40Z</time>
   </trkpt>
   <trkpt lat="49.9822080" lon="6.1226610">
    <ele>517.2</ele>
    <time>2025-09-13T09:01:46Z</time>
   </trkpt>
   <trkpt lat="49.9822560" lon="6.1229330">
    <ele>516.3</ele>
    <time>2025-09-13T09:01:49Z</time>
   </trkpt>
   <trkpt lat="49.9822510" lon="6.1230100">
    <ele>516.2</ele>
    <time>2025-09-13T09:01:50Z</time>
   </trkpt>
   <trkpt lat="49.9822250" lon="6.1230680">
    <ele>516.7</ele>
    <time>2025-09-13T09:01:51Z</time>
   </trkpt>
   <trkpt lat="49.9821830" lon="6.1230970">
    <ele>516.9</ele>
    <time>2025-09-13T09:01:52Z</time>
   </trkpt>
   <trkpt lat="49.9821350" lon="6.1231120">
    <ele>517.0</ele>
    <time>2025-09-13T09:01:53Z</time>
   </trkpt>
   <trkpt lat="49.9820420" lon="6.1231240">
    <ele>517.4</ele>
    <time>2025-09-13T09:01:55Z</time>
   </trkpt>
   <trkpt lat="49.9819590" lon="6.1230970">
    <ele>517.6</ele>
    <time>2025-09-13T09:01:57Z</time>
   </trkpt>
   <trkpt lat="49.9817310" lon="6.1229240">
    <ele>518.7</ele>
    <time>2025-09-13T09:02:04Z</time>
   </trkpt>
   <trkpt lat="49.9815720" lon="6.1227410">
    <ele>519.9</ele>
    <time>2025-09-13T09:02:10Z</time>
   </trkpt>
   <trkpt lat="49.9814290" lon="6.1226580">
    <ele>520.3</ele>
    <time>2025-09-13T09:02:15Z</time>
   </trkpt>
   <trkpt lat="49.9813530" lon="6.1227710">
    <ele>520.2</ele>
    <time>2025-09-13T09:02:18Z</time>
   </trkpt>
   <trkpt lat="49.9813260" lon="6.1228330">
    <ele>520.1</ele>
    <time>2025-09-13T09:02:19Z</time>
   </trkpt>
   <trkpt lat="49.9812430" lon="6.1231220">
    <ele>519.9</ele>
    <time>2025-09-13T09:02:23Z</time>
   </trkpt>
   <trkpt lat="49.9811620" lon="6.1231830">
    <ele>519.9</ele>
    <time>2025-09-13T09:02:25Z</time>
   </trkpt>
   <trkpt lat="49.9811230" lon="6.1231700">
    <ele>519.9</ele>
    <time>2025-09-13T09:02:26Z</time>
   </trkpt>
   <trkpt lat="49.9810510" lon="6.1231050">
    <ele>520.6</ele>
    <time>2025-09-13T09:02:28Z</time>
   </trkpt>
   <trkpt lat="49.9809820" lon="6.1230320">
    <ele>520.8</ele>
    <time>2025-09-13T09:02:30Z</time>
   </trkpt>
   <trkpt lat="49.9806700" lon="6.1227090">
    <ele>521.4</ele>
    <time>2025-09-13T09:02:39Z</time>
   </trkpt>
   <trkpt lat="49.9804130" lon="6.1224020">
    <ele>520.9</ele>
    <time>2025-09-13T09:02:46Z</time>
   </trkpt>
   <trkpt lat="49.9802840" lon="6.1222530">
    <ele>520.2</ele>
    <time>2025-09-13T09:02:49Z</time>
   </trkpt>
   <trkpt lat="49.9801520" lon="6.1220500">
    <ele>519.5</ele>
    <time>2025-09-13T09:02:52Z</time>
   </trkpt>
   <trkpt lat="49.9797580" lon="6.1214470">
    <ele>516.9</ele>
    <time>2025-09-13T09:03:00Z</time>
   </trkpt>
   <trkpt lat="49.9796380" lon="6.1212950">
    <ele>516.2</ele>
    <time>2025-09-13T09:03:02Z</time>
   </trkpt>
   <trkpt lat="49.9794970" lon="6.1211860">
    <ele>515.6</ele>
    <time>2025-09-13T09:03:04Z</time>
   </trkpt>
   <trkpt lat="49.9793410" lon="6.1211380">
    <ele>515.4</ele>
    <time>2025-09-13T09:03:06Z</time>
   </trkpt>
   <trkpt lat="49.9791930" lon="6.1211440">
    <ele>515.1</ele>
    <time>2025-09-13T09:03:08Z</time>
   </trkpt>
   <trkpt lat="49.9787350" lon="6.1212540">
    <ele>512.9</ele>
    <time>2025-09-13T09:03:14Z</time>
   </trkpt>
   <trkpt lat="49.9785120" lon="6.1214240">
    <ele>512.7</ele>
    <time>2025-09-13T09:03:17Z</time>
   </trkpt>
   <trkpt lat="49.9784470" lon="6.1214970">
    <ele>512.8</ele>
    <time>2025-09-13T09:03:18Z</time>
   </trkpt>
   <trkpt lat="49.9781160" lon="6.1219080">
    <ele>514.2</ele>
    <time>2025-09-13T09:03:24Z</time>
   </trkpt>
   <trkpt lat="49.9779170" lon="6.1221230">
    <ele>514.5</ele>
    <time>2025-09-13T09:03:29Z</time>
   </trkpt>
   <trkpt lat="49.9776740" lon="6.1223390">
    <ele>514.0</ele>
    <time>2025-09-13T09:03:34Z</time>
   </trkpt>
   <trkpt lat="49.9773650" lon="6.1226590">
    <ele>514.4</ele>
    <time>2025-09-13T09:03:40Z</time>
   </trkpt>
   <trkpt lat="49.9771870" lon="6.1228690">
    <ele>515.1</ele>
    <time>2025-09-13T09:03:45Z</time>
   </trkpt>
   <trkpt lat="49.9769340" lon="6.1231770">
    <ele>516.3</ele>
    <time>2025-09-13T09:03:53Z</time>
   </trkpt>
   <trkpt lat="49.9767310" lon="6.1234360">
    <ele>517.0</ele>
    <time>2025-09-13T09:03:59Z</time>
   </trkpt>
   <trkpt lat="49.9764920" lon="6.1236850">
    <ele>516.9</ele>
    <time>2025-09-13T09:04:05Z</time>
   </trkpt>
   <trkpt lat="49.9762780" lon="6.1238430">
    <ele>516.7</ele>
    <time>2025-09-13T09:04:10Z</time>
   </trkpt>
   <trkpt lat="49.9762300" lon="6.1238660">
    <ele>516.6</ele>
    <time>2025-09-13T09:04:11Z</time>
   </trkpt>
   <trkpt lat="49.9759700" lon="6.1239420">
    <ele>515.9</ele>
    <time>2025-09-13T09:04:16Z</time>
   </trkpt>
   <trkpt lat="49.9755160" lon="6.1239440">
    <ele>513.9</ele>
    <time>2025-09-13T09:04:24Z</time>
   </trkpt>
   <trkpt lat="49.9751170" lon="6.1238340">
    <ele>511.8</ele>
    <time>2025-09-13T09:04:30Z</time>
   </trkpt>
   <trkpt lat="49.9745650" lon="6.1236200">
    <ele>509.3</ele>
    <time>2025-09-13T09:04:38Z</time>
   </trkpt>
   <trkpt lat="49.9739830" lon="6.1234130">
    <ele>506.3</ele>
    <time>2025-09-13T09:04:46Z</time>
   </trkpt>
   <trkpt lat="49.9739180" lon="6.1233910">
    <ele>505.9</ele>
    <time>2025-09-13T09:04:47Z</time>
   </trkpt>
   <trkpt lat="49.9738640" lon="6.1233810">
    <ele>505.6</ele>
    <time>2025-09-13T09:04:48Z</time>
   </trkpt>
   <trkpt lat="49.9737900" lon="6.1234200">
    <ele>505.1</ele>
    <time>2025-09-13T09:04:50Z</time>
   </trkpt>
   <trkpt lat="49.9737240" lon="6.1234980">
    <ele>504.3</ele>
    <time>2025-09-13T09:04:52Z</time>
   </trkpt>
   <trkpt lat="49.9736270" lon="6.1235400">
    <ele>503.4</ele>
    <time>2025-09-13T09:04:54Z</time>
   </trkpt>
   <trkpt lat="49.9735020" lon="6.1235290">
    <ele>502.4</ele>
    <time>2025-09-13T09:04:56Z</time>
   </trkpt>
   <trkpt lat="49.9734340" lon="6.1234990">
    <ele>501.9</ele>
    <time>2025-09-13T09:04:57Z</time>
   </trkpt>
   <trkpt lat="49.9730010" lon="6.1232090">
    <ele>498.7</ele>
    <time>2025-09-13T09:05:03Z</time>
   </trkpt>
   <trkpt lat="49.9724920" lon="6.1229370">
    <ele>494.6</ele>
    <time>2025-09-13T09:05:09Z</time>
   </trkpt>
   <trkpt lat="49.9721080" lon="6.1228380">
    <ele>492.1</ele>
    <time>2025-09-13T09:05:13Z</time>
   </trkpt>
   <trkpt lat="49.9716650" lon="6.1229040">
    <ele>490.3</ele>
    <time>2025-09-13T09:05:18Z</time>
   </trkpt>
   <trkpt lat="49.9714950" lon="6.1230090">
    <ele>489.6</ele>
    <time>2025-09-13T09:05:20Z</time>
   </trkpt>
   <trkpt lat="49.9714200" lon="6.1230850">
    <ele>489.3</ele>
    <time>2025-09-13T09:05:21Z</time>
   </trkpt>
   <trkpt lat="49.9713520" lon="6.1231820">
    <ele>489.0</ele>
    <time>2025-09-13T09:05:22Z</time>
   </trkpt>
   <trkpt lat="49.9712380" lon="6.1234040">
    <ele>488.4</ele>
    <time>2025-09-13T09:05:24Z</time>
   </trkpt>
   <trkpt lat="49.9708880" lon="6.1240960">
    <ele>486.4</ele>
    <time>2025-09-13T09:05:30Z</time>
   </trkpt>
   <trkpt lat="49.9707800" lon="6.1243220">
    <ele>485.6</ele>
    <time>2025-09-13T09:05:32Z</time>
   </trkpt>
   <trkpt lat="49.9705300" lon="6.1250200">
    <ele>484.0</ele>
    <time>2025-09-13T09:05:38Z</time>
   </trkpt>
   <trkpt lat="49.9704480" lon="6.1252960">
    <ele>483.9</ele>
    <time>2025-09-13T09:05:41Z</time>
   </trkpt>
   <trkpt lat="49.9704030" lon="6.1254270">
    <ele>483.9</ele>
    <time>2025-09-13T09:05:44Z</time>
   </trkpt>
   <trkpt lat="49.9703860" lon="6.1254430">
    <ele>483.9</ele>
    <time>2025-09-13T09:05:45Z</time>
   </trkpt>
   <trkpt lat="49.9703500" lon="6.1254110">
    <ele>483.9</ele>
    <time>2025-09-13T09:05:47Z</time>
   </trkpt>
   <trkpt lat="49.9702470" lon="6.1253250">
    <ele>483.8</ele>
    <time>2025-09-13T09:05:51Z</time>
   </trkpt>
   <trkpt lat="49.9701470" lon="6.1253670">
    <ele>483.7</ele>
    <time>2025-09-13T09:05:54Z</time>
   </trkpt>
   <trkpt lat="49.9699970" lon="6.1254990">
    <ele>483.4</ele>
    <time>2025-09-13T09:05:59Z</time>
   </trkpt>
   <trkpt lat="49.9699020" lon="6.1255580">
    <ele>483.2</ele>
    <time>2025-09-13T09:06:02Z</time>
   </trkpt>
   <trkpt lat="49.9698640" lon="6.1255930">
    <ele>483.1</ele>
    <time>2025-09-13T09:06:03Z</time>
   </trkpt>
   <trkpt lat="49.9697300" lon="6.1257010">
    <ele>482.7</ele>
    <time>2025-09-13T09:06:07Z</time>
   </trkpt>
   <trkpt lat="49.9696810" lon="6.1257600">
    <ele>482.5</ele>
    <time>2025-09-13T09:06:09Z</time>
   </trkpt>
   <trkpt lat="49.9693910" lon="6.1261800">
    <ele>480.9</ele>
    <time>2025-09-13T09:06:23Z</time>
   </trkpt>
   <trkpt lat="49.9693840" lon="6.1262110">
    <ele>480.8</ele>
    <time>2025-09-13T09:06:24Z</time>
   </trkpt>
   <trkpt lat="49.9693660" lon="6.1262730">
    <ele>480.6</ele>
    <time>2025-09-13T09:06:25Z</time>
   </trkpt>
   <trkpt lat="49.9692910" lon="6.1263790">
    <ele>480.1</ele>
    <time>2025-09-13T09:06:27Z</time>
   </trkpt>
   <trkpt lat="49.9691680" lon="6.1264880">
    <ele>479.2</ele>
    <time>2025-09-13T09:06:28Z</time>
   </trkpt>
   <trkpt lat="49.9690840" lon="6.1265700">
    <ele>478.5</ele>
    <time>2025-09-13T09:06:29Z</time>
   </trkpt>
   <trkpt lat="49.9688340" lon="6.1267950">
    <ele>475.8</ele>
    <time>2025-09-13T09:06:32Z</time>
   </trkpt>
   <trkpt lat="49.9686610" lon="6.1269460">
    <ele>473.4</ele>
    <time>2025-09-13T09:06:35Z</time>
   </trkpt>
   <trkpt lat="49.9685310" lon="6.1270710">
    <ele>471.0</ele>
    <time>2025-09-13T09:06:37Z</time>
   </trkpt>
   <trkpt lat="49.9684250" lon="6.1271930">
    <ele>468.6</ele>
    <time>2025-09-13T09:06:39Z</time>
   </trkpt>
   <trkpt lat="49.9683180" lon="6.1273170">
    <ele>466.1</ele>
    <time>2025-09-13T09:06:41Z</time>
   </trkpt>
   <trkpt lat="49.9682700" lon="6.1273940">
    <ele>464.8</ele>
    <time>2025-09-13T09:06:42Z</time>
   </trkpt>
   <trkpt lat="49.9682310" lon="6.1274850">
    <ele>463.5</ele>
    <time>2025-09-13T09:06:43Z</time>
   </trkpt>
   <trkpt lat="49.9681770" lon="6.1276950">
    <ele>461.0</ele>
    <time>2025-09-13T09:06:45Z</time>
   </trkpt>
   <trkpt lat="49.9681220" lon="6.1278990">
    <ele>458.9</ele>
    <time>2025-09-13T09:06:47Z</time>
   </trkpt>
   <trkpt lat="49.9680480" lon="6.1280650">
    <ele>457.2</ele>
    <time>2025-09-13T09:06:49Z</time>
   </trkpt>
   <trkpt lat="49.9680140" lon="6.1281440">
    <ele>456.5</ele>
    <time>2025-09-13T09:06:50Z</time>
   </trkpt>
   <trkpt lat="49.9679490" lon="6.1282910">
    <ele>455.3</ele>
    <time>2025-09-13T09:06:52Z</time>
   </trkpt>
   <trkpt lat="49.9678010" lon="6.1284730">
    <ele>453.3</ele>
    <time>2025-09-13T09:06:54Z</time>
   </trkpt>
   <trkpt lat="49.9677290" lon="6.1285640">
    <ele>452.2</ele>
    <time>2025-09-13T09:06:55Z</time>
   </trkpt>
   <trkpt lat="49.9673350" lon="6.1290460">
    <ele>448.3</ele>
    <time>2025-09-13T09:07:00Z</time>
   </trkpt>
   <trkpt lat="49.9667980" lon="6.1294710">
    <ele>445.5</ele>
    <time>2025-09-13T09:07:06Z</time>
   </trkpt>
   <trkpt lat="49.9662390" lon="6.1298400">
    <ele>443.5</ele>
    <time>2025-09-13T09:07:12Z</time>
   </trkpt>
   <trkpt lat="49.9661440" lon="6.1299050">
    <ele>443.1</ele>
    <time>2025-09-13T09:07:13Z</time>
   </trkpt>
   <trkpt lat="49.9656070" lon="6.1303080">
    <ele>442.0</ele>
    <time>2025-09-13T09:07:19Z</time>
   </trkpt>
   <trkpt lat="49.9651040" lon="6.1306520">
    <ele>441.6</ele>
    <time>2025-09-13T09:07:25Z</time>
   </trkpt>
   <trkpt lat="49.9649370" lon="6.1307480">
    <ele>441.5</ele>
    <time>2025-09-13T09:07:27Z</time>
   </trkpt>
   <trkpt lat="49.9644840" lon="6.1309480">
    <ele>441.4</ele>
    <time>2025-09-13T09:07:33Z</time>
   </trkpt>
   <trkpt lat="49.9642920" lon="6.1310310">
    <ele>441.5</ele>
    <time>2025-09-13T09:07:36Z</time>
   </trkpt>
   <trkpt lat="49.9641690" lon="6.1310610">
    <ele>441.5</ele>
    <time>2025-09-13T09:07:38Z</time>
   </trkpt>
   <trkpt lat="49.9638530" lon="6.1310920">
    <ele>441.9</ele>
    <time>2025-09-13T09:07:43Z</time>
   </trkpt>
   <trkpt lat="49.9636630" lon="6.1311120">
    <ele>441.9</ele>
    <time>2025-09-13T09:07:47Z</time>
   </trkpt>
   <trkpt lat="49.9636300" lon="6.1311320">
    <ele>441.9</ele>
    <time>2025-09-13T09:07:48Z</time>
   </trkpt>
   <trkpt lat="49.9635770" lon="6.1312190">
    <ele>441.9</ele>
    <time>2025-09-13T09:07:50Z</time>
   </trkpt>
   <trkpt lat="49.9635570" lon="6.1312460">
    <ele>441.8</ele>
    <time>2025-09-13T09:07:51Z</time>
   </trkpt>
   <trkpt lat="49.9635070" lon="6.1312330">
    <ele>441.8</ele>
    <time>2025-09-13T09:07:53Z</time>
   </trkpt>
   <trkpt lat="49.9633720" lon="6.1311490">
    <ele>441.9</ele>
    <time>2025-09-13T09:07:57Z</time>
   </trkpt>
   <trkpt lat="49.9630900" lon="6.1310190">
    <ele>442.1</ele>
    <time>2025-09-13T09:08:04Z</time>
   </trkpt>
   <trkpt lat="49.9626930" lon="6.1308280">
    <ele>443.3</ele>
    <time>2025-09-13T09:08:13Z</time>
   </trkpt>
   <trkpt lat="49.9625510" lon="6.1308220">
    <ele>443.6</ele>
    <time>2025-09-13T09:08:17Z</time>
   </trkpt>
   <trkpt lat="49.9624500" lon="6.1308370">
    <ele>443.9</ele>
    <time>2025-09-13T09:08:21Z</time>
   </trkpt>
   <trkpt lat="49.9623380" lon="6.1308560">
    <ele>444.1</ele>
    <time>2025-09-13T09:08:27Z</time>
   </trkpt>
   <trkpt lat="49.9623280" lon="6.1308360">
    <ele>444.2</ele>
    <time>2025-09-13T09:14:48Z</time>
   </trkpt>
   <trkpt lat="49.9623280" lon="6.1308360">
    <ele>444.2</ele>
    <time>2025-09-13T09:14:49Z</time>
   </trkpt>
   <trkpt lat="49.9623790" lon="6.1308550">
    <ele>444.3</ele>
    <time>2025-09-13T09:15:43Z</time>
   </trkpt>
   <trkpt lat="49.9624130" lon="6.1308460">
    <ele>444.4</ele>
    <time>2025-09-13T09:15:45Z</time>
   </trkpt>
   <trkpt lat="49.9624870" lon="6.1307890">
    <ele>444.6</ele>
    <time>2025-09-13T09:15:49Z</time>
   </trkpt>
   <trkpt lat="49.9624950" lon="6.1307490">
    <ele>444.6</ele>
    <time>2025-09-13T09:15:51Z</time>
   </trkpt>
   <trkpt lat="49.9625000" lon="6.1307340">
    <ele>444.7</ele>
    <time>2025-09-13T09:15:52Z</time>
   </trkpt>
   <trkpt lat="49.9625040" lon="6.1306510">
    <ele>444.8</ele>
    <time>2025-09-13T09:16:04Z</time>
   </trkpt>
   <trkpt lat="49.9624810" lon="6.1306150">
    <ele>444.9</ele>
    <time>2025-09-13T09:16:06Z</time>
   </trkpt>
   <trkpt lat="49.9624350" lon="6.1305970">
    <ele>445.0</ele>
    <time>2025-09-13T09:16:09Z</time>
   </trkpt>
   <trkpt lat="49.9623900" lon="6.1305840">
    <ele>445.1</ele>
    <time>2025-09-13T09:16:11Z</time>
   </trkpt>
   <trkpt lat="49.9622200" lon="6.1304910">
    <ele>445.7</ele>
    <time>2025-09-13T09:16:18Z</time>
   </trkpt>
   <trkpt lat="49.9620720" lon="6.1304050">
    <ele>446.7</ele>
    <time>2025-09-13T09:16:25Z</time>
   </trkpt>
   <trkpt lat="49.9619740" lon="6.1303670">
    <ele>447.3</ele>
    <time>2025-09-13T09:16:30Z</time>
   </trkpt>
   <trkpt lat="49.9618310" lon="6.1303250">
    <ele>448.2</ele>
    <time>2025-09-13T09:16:37Z</time>
   </trkpt>
   <trkpt lat="49.9617080" lon="6.1302670">
    <ele>449.0</ele>
    <time>2025-09-13T09:16:44Z</time>
   </trkpt>
   <trkpt lat="49.9615870" lon="6.1302530">
    <ele>449.8</ele>
    <time>2025-09-13T09:16:50Z</time>
   </trkpt>
   <trkpt lat="49.9614380" lon="6.1302480">
    <ele>451.2</ele>
    <time>2025-09-13T09:16:57Z</time>
   </trkpt>
   <trkpt lat="49.9613220" lon="6.1302740">
    <ele>452.3</ele>
    <time>2025-09-13T09:17:03Z</time>
   </trkpt>
   <trkpt lat="49.9612070" lon="6.1302780">
    <ele>453.8</ele>
    <time>2025-09-13T09:17:09Z</time>
   </trkpt>
   <trkpt lat="49.9610790" lon="6.1303250">
    <ele>455.3</ele>
    <time>2025-09-13T09:17:16Z</time>
   </trkpt>
   <trkpt lat="49.9609800" lon="6.1303550">
    <ele>456.4</ele>
    <time>2025-09-13T09:17:22Z</time>
   </trkpt>
   <trkpt lat="49.9608410" lon="6.1304230">
    <ele>458.1</ele>
    <time>2025-09-13T09:17:30Z</time>
   </trkpt>
   <trkpt lat="49.9607020" lon="6.1305160">
    <ele>459.9</ele>
    <time>2025-09-13T09:17:38Z</time>
   </trkpt>
   <trkpt lat="49.9606050" lon="6.1305930">
    <ele>461.3</ele>
    <time>2025-09-13T09:17:44Z</time>
   </trkpt>
   <trkpt lat="49.9604950" lon="6.1306840">
    <ele>462.9</ele>
    <time>2025-09-13T09:17:51Z</time>
   </trkpt>
   <trkpt lat="49.9603420" lon="6.1308070">
    <ele>465.1</ele>
    <time>2025-09-13T09:18:00Z</time>
   </trkpt>
   <trkpt lat="49.9602450" lon="6.1309550">
    <ele>466.7</ele>
    <time>2025-09-13T09:18:08Z</time>
   </trkpt>
   <trkpt lat="49.9601490" lon="6.1310650">
    <ele>468.1</ele>
    <time>2025-09-13T09:18:15Z</time>
   </trkpt>
   <trkpt lat="49.9600490" lon="6.1311910">
    <ele>469.6</ele>
    <time>2025-09-13T09:18:22Z</time>
   </trkpt>
   <trkpt lat="49.9599850" lon="6.1312920">
    <ele>470.7</ele>
    <time>2025-09-13T09:18:28Z</time>
   </trkpt>
   <trkpt lat="49.9599600" lon="6.1313200">
    <ele>471.0</ele>
    <time>2025-09-13T09:18:30Z</time>
   </trkpt>
   <trkpt lat="49.9597570" lon="6.1315300">
    <ele>472.8</ele>
    <time>2025-09-13T09:18:48Z</time>
   </trkpt>
   <trkpt lat="49.9597390" lon="6.1315470">
    <ele>473.0</ele>
    <time>2025-09-13T09:18:49Z</time>
   </trkpt>
   <trkpt lat="49.9596170" lon="6.1316370">
    <ele>473.6</ele>
    <time>2025-09-13T09:18:55Z</time>
   </trkpt>
   <trkpt lat="49.9595380" lon="6.1317500">
    <ele>474.0</ele>
    <time>2025-09-13T09:19:00Z</time>
   </trkpt>
   <trkpt lat="49.9594270" lon="6.1318020">
    <ele>474.3</ele>
    <time>2025-09-13T09:19:05Z</time>
   </trkpt>
   <trkpt lat="49.9592690" lon="6.1318390">
    <ele>474.6</ele>
    <time>2025-09-13T09:19:12Z</time>
   </trkpt>
   <trkpt lat="49.9590850" lon="6.1318670">
    <ele>474.5</ele>
    <time>2025-09-13T09:19:19Z</time>
   </trkpt>
   <trkpt lat="49.9588780" lon="6.1319010">
    <ele>473.9</ele>
    <time>2025-09-13T09:19:25Z</time>
   </trkpt>
   <trkpt lat="49.9586570" lon="6.1319620">
    <ele>473.0</ele>
    <time>2025-09-13T09:19:31Z</time>
   </trkpt>
   <trkpt lat="49.9583920" lon="6.1320520">
    <ele>471.3</ele>
    <time>2025-09-13T09:19:36Z</time>
   </trkpt>
   <trkpt lat="49.9580450" lon="6.1322250">
    <ele>468.7</ele>
    <time>2025-09-13T09:19:41Z</time>
   </trkpt>
   <trkpt lat="49.9574980" lon="6.1326400">
    <ele>462.8</ele>
    <time>2025-09-13T09:19:48Z</time>
   </trkpt>
   <trkpt lat="49.9569360" lon="6.1331010">
    <ele>458.6</ele>
    <time>2025-09-13T09:19:54Z</time>
   </trkpt>
   <trkpt lat="49.9565360" lon="6.1332880">
    <ele>457.7</ele>
    <time>2025-09-13T09:19:58Z</time>
   </trkpt>
   <trkpt lat="49.9560760" lon="6.1333990">
    <ele>458.0</ele>
    <time>2025-09-13T09:20:03Z</time>
   </trkpt>
   <trkpt lat="49.9556200" lon="6.1334490">
    <ele>458.8</ele>
    <time>2025-09-13T09:20:09Z</time>
   </trkpt>
   <trkpt lat="49.9553280" lon="6.1334750">
    <ele>459.8</ele>
    <time>2025-09-13T09:20:14Z</time>
   </trkpt>
   <trkpt lat="49.9550400" lon="6.1334910">
    <ele>461.0</ele>
    <time>2025-09-13T09:20:20Z</time>
   </trkpt>
   <trkpt lat="49.9549020" lon="6.1335100">
    <ele>461.6</ele>
    <time>2025-09-13T09:20:23Z</time>
   </trkpt>
   <trkpt lat="49.9547280" lon="6.1335250">
    <ele>462.4</ele>
    <time>2025-09-13T09:20:27Z</time>
   </trkpt>
   <trkpt lat="49.9544180" lon="6.1335660">
    <ele>464.3</ele>
    <time>2025-09-13T09:20:34Z</time>
   </trkpt>
   <trkpt lat="49.9540960" lon="6.1335850">
    <ele>465.9</ele>
    <time>2025-09-13T09:20:44Z</time>
   </trkpt>
   <trkpt lat="49.9538080" lon="6.1336110">
    <ele>467.3</ele>
    <time>2025-09-13T09:20:52Z</time>
   </trkpt>
   <trkpt lat="49.9534930" lon="6.1336840">
    <ele>468.8</ele>
    <time>2025-09-13T09:21:00Z</time>
   </trkpt>
   <trkpt lat="49.9532730" lon="6.1338180">
    <ele>470.1</ele>
    <time>2025-09-13T09:21:07Z</time>
   </trkpt>
   <trkpt lat="49.9531100" lon="6.1339170">
    <ele>471.3</ele>
    <time>2025-09-13T09:21:13Z</time>
   </trkpt>
   <trkpt lat="49.9528850" lon="6.1340030">
    <ele>472.9</ele>
    <time>2025-09-13T09:21:22Z</time>
   </trkpt>
   <trkpt lat="49.9526660" lon="6.1339950">
    <ele>474.4</ele>
    <time>2025-09-13T09:21:31Z</time>
   </trkpt>
   <trkpt lat="49.9525470" lon="6.1339400">
    <ele>475.1</ele>
    <time>2025-09-13T09:21:36Z</time>
   </trkpt>
   <trkpt lat="49.9524030" lon="6.1338580">
    <ele>475.6</ele>
    <time>2025-09-13T09:21:42Z</time>
   </trkpt>
   <trkpt lat="49.9522110" lon="6.1337450">
    <ele>475.8</ele>
    <time>2025-09-13T09:21:49Z</time>
   </trkpt>
   <trkpt lat="49.9520370" lon="6.1336770">
    <ele>475.7</ele>
    <time>2025-09-13T09:21:54Z</time>
   </trkpt>
   <trkpt lat="49.9517320" lon="6.1336500">
    <ele>475.4</ele>
    <time>2025-09-13T09:22:01Z</time>
   </trkpt>
   <trkpt lat="49.9516380" lon="6.1336570">
    <ele>475.4</ele>
    <time>2025-09-13T09:22:03Z</time>
   </trkpt>
   <trkpt lat="49.9515110" lon="6.1337040">
    <ele>475.5</ele>
    <time>2025-09-13T09:22:06Z</time>
   </trkpt>
   <trkpt lat="49.9514690" lon="6.1337280">
    <ele>475.6</ele>
    <time>2025-09-13T09:22:07Z</time>
   </trkpt>
   <trkpt lat="49.9513900" lon="6.1337920">
    <ele>475.9</ele>
    <time>2025-09-13T09:22:09Z</time>
   </trkpt>
   <trkpt lat="49.9513270" lon="6.1338700">
    <ele>476.3</ele>
    <time>2025-09-13T09:22:11Z</time>
   </trkpt>
   <trkpt lat="49.9511630" lon="6.1341000">
    <ele>477.8</ele>
    <time>2025-09-13T09:22:17Z</time>
   </trkpt>
   <trkpt lat="49.9509980" lon="6.1343770">
    <ele>479.4</ele>
    <time>2025-09-13T09:22:25Z</time>
   </trkpt>
   <trkpt lat="49.9507750" lon="6.1347700">
    <ele>481.2</ele>
    <time>2025-09-13T09:22:36Z</time>
   </trkpt>
   <trkpt lat="49.9505890" lon="6.1350970">
    <ele>481.6</ele>
    <time>2025-09-13T09:22:45Z</time>
   </trkpt>
   <trkpt lat="49.9504580" lon="6.1353550">
    <ele>481.3</ele>
    <time>2025-09-13T09:22:51Z</time>
   </trkpt>
   <trkpt lat="49.9503440" lon="6.1355650">
    <ele>480.9</ele>
    <time>2025-09-13T09:22:55Z</time>
   </trkpt>
   <trkpt lat="49.9502860" lon="6.1356910">
    <ele>480.7</ele>
    <time>2025-09-13T09:22:57Z</time>
   </trkpt>
   <trkpt lat="49.9500650" lon="6.1361450">
    <ele>480.2</ele>
    <time>2025-09-13T09:23:04Z</time>
   </trkpt>
   <trkpt lat="49.9497880" lon="6.1367530">
    <ele>480.1</ele>
    <time>2025-09-13T09:23:13Z</time>
   </trkpt>
   <trkpt lat="49.9495610" lon="6.1372040">
    <ele>479.8</ele>
    <time>2025-09-13T09:23:20Z</time>
   </trkpt>
   <trkpt lat="49.9493650" lon="6.1375710">
    <ele>479.6</ele>
    <time>2025-09-13T09:23:26Z</time>
   </trkpt>
   <trkpt lat="49.9493300" lon="6.1376300">
    <ele>479.6</ele>
    <time>2025-09-13T09:23:27Z</time>
   </trkpt>
   <trkpt lat="49.9492720" lon="6.1377030">
    <ele>479.6</ele>
    <time>2025-09-13T09:23:29Z</time>
   </trkpt>
   <trkpt lat="49.9491490" lon="6.1378210">
    <ele>479.5</ele>
    <time>2025-09-13T09:23:32Z</time>
   </trkpt>
   <trkpt lat="49.9490610" lon="6.1378820">
    <ele>479.4</ele>
    <time>2025-09-13T09:23:34Z</time>
   </trkpt>
   <trkpt lat="49.9488310" lon="6.1380450">
    <ele>479.2</ele>
    <time>2025-09-13T09:23:39Z</time>
   </trkpt>
   <trkpt lat="49.9485310" lon="6.1382700">
    <ele>479.1</ele>
    <time>2025-09-13T09:23:46Z</time>
   </trkpt>
   <trkpt lat="49.9484450" lon="6.1382700">
    <ele>479.0</ele>
    <time>2025-09-13T09:23:48Z</time>
   </trkpt>
   <trkpt lat="49.9483640" lon="6.1382400">
    <ele>479.0</ele>
    <time>2025-09-13T09:23:50Z</time>
   </trkpt>
   <trkpt lat="49.9480830" lon="6.1381690">
    <ele>478.8</ele>
    <time>2025-09-13T09:23:57Z</time>
   </trkpt>
   <trkpt lat="49.9479270" lon="6.1382060">
    <ele>478.7</ele>
    <time>2025-09-13T09:24:01Z</time>
   </trkpt>
   <trkpt lat="49.9478880" lon="6.1382320">
    <ele>478.7</ele>
    <time>2025-09-13T09:24:02Z</time>
   </trkpt>
   <trkpt lat="49.9478520" lon="6.1382610">
    <ele>478.6</ele>
    <time>2025-09-13T09:24:03Z</time>
   </trkpt>
   <trkpt lat="49.9477460" lon="6.1383810">
    <ele>478.5</ele>
    <time>2025-09-13T09:24:06Z</time>
   </trkpt>
   <trkpt lat="49.9477020" lon="6.1384200">
    <ele>478.4</ele>
    <time>2025-09-13T09:24:07Z</time>
   </trkpt>
   <trkpt lat="49.9476610" lon="6.1384610">
    <ele>478.4</ele>
    <time>2025-09-13T09:24:08Z</time>
   </trkpt>
   <trkpt lat="49.9475430" lon="6.1385760">
    <ele>478.5</ele>
    <time>2025-09-13T09:24:11Z</time>
   </trkpt>
   <trkpt lat="49.9475040" lon="6.1386190">
    <ele>478.6</ele>
    <time>2025-09-13T09:24:12Z</time>
   </trkpt>
   <trkpt lat="49.9474290" lon="6.1387070">
    <ele>478.7</ele>
    <time>2025-09-13T09:24:14Z</time>
   </trkpt>
   <trkpt lat="49.9472950" lon="6.1388100">
    <ele>479.1</ele>
    <time>2025-09-13T09:24:17Z</time>
   </trkpt>
   <trkpt lat="49.9471730" lon="6.1389520">
    <ele>479.8</ele>
    <time>2025-09-13T09:24:21Z</time>
   </trkpt>
   <trkpt lat="49.9469610" lon="6.1392080">
    <ele>481.1</ele>
    <time>2025-09-13T09:24:29Z</time>
   </trkpt>
   <trkpt lat="49.9467900" lon="6.1394630">
    <ele>482.9</ele>
    <time>2025-09-13T09:24:37Z</time>
   </trkpt>
   <trkpt lat="49.9466670" lon="6.1396950">
    <ele>484.6</ele>
    <time>2025-09-13T09:24:45Z</time>
   </trkpt>
   <trkpt lat="49.9465260" lon="6.1399730">
    <ele>486.1</ele>
    <time>2025-09-13T09:24:54Z</time>
   </trkpt>
   <trkpt lat="49.9464220" lon="6.1402270">
    <ele>487.2</ele>
    <time>2025-09-13T09:25:02Z</time>
   </trkpt>
   <trkpt lat="49.9462950" lon="6.1405580">
    <ele>488.6</ele>
    <time>2025-09-13T09:25:12Z</time>
   </trkpt>
   <trkpt lat="49.9461690" lon="6.1408740">
    <ele>490.0</ele>
    <time>2025-09-13T09:25:22Z</time>
   </trkpt>
   <trkpt lat="49.9460570" lon="6.1411510">
    <ele>491.4</ele>
    <time>2025-09-13T09:25:31Z</time>
   </trkpt>
   <trkpt lat="49.9459330" lon="6.1414900">
    <ele>493.1</ele>
    <time>2025-09-13T09:25:42Z</time>
   </trkpt>
   <trkpt lat="49.9458460" lon="6.1417750">
    <ele>494.6</ele>
    <time>2025-09-13T09:25:51Z</time>
   </trkpt>
   <trkpt lat="49.9457850" lon="6.1420850">
    <ele>496.2</ele>
    <time>2025-09-13T09:26:00Z</time>
   </trkpt>
   <trkpt lat="49.9457560" lon="6.1424330">
    <ele>497.6</ele>
    <time>2025-09-13T09:26:10Z</time>
   </trkpt>
   <trkpt lat="49.9457030" lon="6.1428350">
    <ele>498.9</ele>
    <time>2025-09-13T09:26:21Z</time>
   </trkpt>
   <trkpt lat="49.9456190" lon="6.1432730">
    <ele>500.3</ele>
    <time>2025-09-13T09:26:33Z</time>
   </trkpt>
   <trkpt lat="49.9455850" lon="6.1435560">
    <ele>501.3</ele>
    <time>2025-09-13T09:26:41Z</time>
   </trkpt>
   <trkpt lat="49.9455840" lon="6.1439400">
    <ele>502.4</ele>
    <time>2025-09-13T09:26:51Z</time>
   </trkpt>
   <trkpt lat="49.9455920" lon="6.1442040">
    <ele>503.0</ele>
    <time>2025-09-13T09:26:58Z</time>
   </trkpt>
   <trkpt lat="49.9455820" lon="6.1445130">
    <ele>504.0</ele>
    <time>2025-09-13T09:27:06Z</time>
   </trkpt>
   <trkpt lat="49.9455170" lon="6.1449210">
    <ele>505.6</ele>
    <time>2025-09-13T09:27:17Z</time>
   </trkpt>
   <trkpt lat="49.9454270" lon="6.1452930">
    <ele>507.3</ele>
    <time>2025-09-13T09:27:28Z</time>
   </trkpt>
   <trkpt lat="49.9453640" lon="6.1455450">
    <ele>508.7</ele>
    <time>2025-09-13T09:27:36Z</time>
   </trkpt>
   <trkpt lat="49.9452800" lon="6.1458030">
    <ele>510.5</ele>
    <time>2025-09-13T09:27:45Z</time>
   </trkpt>
   <trkpt lat="49.9452060" lon="6.1460610">
    <ele>512.3</ele>
    <time>2025-09-13T09:27:54Z</time>
   </trkpt>
   <trkpt lat="49.9451840" lon="6.1462610">
    <ele>513.7</ele>
    <time>2025-09-13T09:28:01Z</time>
   </trkpt>
   <trkpt lat="49.9452350" lon="6.1464390">
    <ele>514.1</ele>
    <time>2025-09-13T09:28:07Z</time>
   </trkpt>
   <trkpt lat="49.9453850" lon="6.1466110">
    <ele>514.4</ele>
    <time>2025-09-13T09:28:14Z</time>
   </trkpt>
   <trkpt lat="49.9455160" lon="6.1467400">
    <ele>514.5</ele>
    <time>2025-09-13T09:28:20Z</time>
   </trkpt>
   <trkpt lat="49.9456750" lon="6.1469150">
    <ele>514.6</ele>
    <time>2025-09-13T09:28:27Z</time>
   </trkpt>
   <trkpt lat="49.9458620" lon="6.1471130">
    <ele>514.7</ele>
    <time>2025-09-13T09:28:35Z</time>
   </trkpt>
   <trkpt lat="49.9460350" lon="6.1473370">
    <ele>514.8</ele>
    <time>2025-09-13T09:28:42Z</time>
   </trkpt>
   <trkpt lat="49.9462100" lon="6.1475580">
    <ele>514.8</ele>
    <time>2025-09-13T09:28:49Z</time>
   </trkpt>
   <trkpt lat="49.9463690" lon="6.1477680">
    <ele>514.5</ele>
    <time>2025-09-13T09:28:55Z</time>
   </trkpt>
   <trkpt lat="49.9465210" lon="6.1479780">
    <ele>514.0</ele>
    <time>2025-09-13T09:29:00Z</time>
   </trkpt>
   <trkpt lat="49.9465610" lon="6.1480890">
    <ele>513.8</ele>
    <time>2025-09-13T09:29:02Z</time>
   </trkpt>
   <trkpt lat="49.9465770" lon="6.1482200">
    <ele>513.5</ele>
    <time>2025-09-13T09:29:04Z</time>
   </trkpt>
   <trkpt lat="49.9466260" lon="6.1483080">
    <ele>513.3</ele>
    <time>2025-09-13T09:29:06Z</time>
   </trkpt>
   <trkpt lat="49.9467800" lon="6.1483720">
    <ele>513.0</ele>
    <time>2025-09-13T09:29:10Z</time>
   </trkpt>
   <trkpt lat="49.9468620" lon="6.1484720">
    <ele>512.7</ele>
    <time>2025-09-13T09:29:13Z</time>
   </trkpt>
   <trkpt lat="49.9468680" lon="6.1485270">
    <ele>512.6</ele>
    <time>2025-09-13T09:29:14Z</time>
   </trkpt>
   <trkpt lat="49.9468440" lon="6.1487570">
    <ele>512.1</ele>
    <time>2025-09-13T09:29:18Z</time>
   </trkpt>
   <trkpt lat="49.9468830" lon="6.1491650">
    <ele>510.9</ele>
    <time>2025-09-13T09:29:25Z</time>
   </trkpt>
   <trkpt lat="49.9468820" lon="6.1496040">
    <ele>509.6</ele>
    <time>2025-09-13T09:29:31Z</time>
   </trkpt>
   <trkpt lat="49.9469280" lon="6.1502150">
    <ele>507.8</ele>
    <time>2025-09-13T09:29:37Z</time>
   </trkpt>
   <trkpt lat="49.9469960" lon="6.1509750">
    <ele>505.6</ele>
    <time>2025-09-13T09:29:43Z</time>
   </trkpt>
   <trkpt lat="49.9470670" lon="6.1518080">
    <ele>502.9</ele>
    <time>2025-09-13T09:29:49Z</time>
   </trkpt>
   <trkpt lat="49.9470950" lon="6.1521040">
    <ele>502.1</ele>
    <time>2025-09-13T09:29:51Z</time>
   </trkpt>
   <trkpt lat="49.9471710" lon="6.1530780">
    <ele>499.2</ele>
    <time>2025-09-13T09:29:57Z</time>
   </trkpt>
   <trkpt lat="49.9471850" lon="6.1532480">
    <ele>498.7</ele>
    <time>2025-09-13T09:29:58Z</time>
   </trkpt>
   <trkpt lat="49.9472620" lon="6.1540990">
    <ele>496.2</ele>
    <time>2025-09-13T09:30:03Z</time>
   </trkpt>
   <trkpt lat="49.9473200" lon="6.1547770">
    <ele>494.1</ele>
    <time>2025-09-13T09:30:07Z</time>
   </trkpt>
   <trkpt lat="49.9473920" lon="6.1556460">
    <ele>491.3</ele>
    <time>2025-09-13T09:30:12Z</time>
   </trkpt>
   <trkpt lat="49.9474560" lon="6.1563740">
    <ele>488.9</ele>
    <time>2025-09-13T09:30:16Z</time>
   </trkpt>
   <trkpt lat="49.9475220" lon="6.1572910">
    <ele>485.8</ele>
    <time>2025-09-13T09:30:21Z</time>
   </trkpt>
   <trkpt lat="49.9475490" lon="6.1580130">
    <ele>483.1</ele>
    <time>2025-09-13T09:30:25Z</time>
   </trkpt>
   <trkpt lat="49.9475340" lon="6.1589320">
    <ele>479.6</ele>
    <time>2025-09-13T09:30:30Z</time>
   </trkpt>
   <trkpt lat="49.9475150" lon="6.1593010">
    <ele>478.4</ele>
    <time>2025-09-13T09:30:32Z</time>
   </trkpt>
   <trkpt lat="49.9474240" lon="6.1602060">
    <ele>475.9</ele>
    <time>2025-09-13T09:30:37Z</time>
   </trkpt>
   <trkpt lat="49.9474000" lon="6.1603810">
    <ele>475.5</ele>
    <time>2025-09-13T09:30:38Z</time>
   </trkpt>
   <trkpt lat="49.9472590" lon="6.1612170">
    <ele>474.1</ele>
    <time>2025-09-13T09:30:43Z</time>
   </trkpt>
   <trkpt lat="49.9471930" lon="6.1615270">
    <ele>474.0</ele>
    <time>2025-09-13T09:30:45Z</time>
   </trkpt>
   <trkpt lat="49.9469920" lon="6.1623500">
    <ele>474.9</ele>
    <time>2025-09-13T09:30:51Z</time>
   </trkpt>
   <trkpt lat="49.9468540" lon="6.1630080">
    <ele>477.0</ele>
    <time>2025-09-13T09:30:57Z</time>
   </trkpt>
   <trkpt lat="49.9468280" lon="6.1632000">
    <ele>477.8</ele>
    <time>2025-09-13T09:30:59Z</time>
   </trkpt>
   <trkpt lat="49.9468020" lon="6.1633760">
    <ele>478.5</ele>
    <time>2025-09-13T09:31:01Z</time>
   </trkpt>
   <trkpt lat="49.9467950" lon="6.1634620">
    <ele>478.9</ele>
    <time>2025-09-13T09:31:02Z</time>
   </trkpt>
   <trkpt lat="49.9467800" lon="6.1636190">
    <ele>479.6</ele>
    <time>2025-09-13T09:31:04Z</time>
   </trkpt>
   <trkpt lat="49.9467580" lon="6.1637540">
    <ele>480.3</ele>
    <time>2025-09-13T09:31:06Z</time>
   </trkpt>
   <trkpt lat="49.9467360" lon="6.1639310">
    <ele>481.2</ele>
    <time>2025-09-13T09:31:09Z</time>
   </trkpt>
   <trkpt lat="49.9467570" lon="6.1642530">
    <ele>483.0</ele>
    <time>2025-09-13T09:31:15Z</time>
   </trkpt>
   <trkpt lat="49.9467830" lon="6.1645420">
    <ele>484.6</ele>
    <time>2025-09-13T09:31:21Z</time>
   </trkpt>
   <trkpt lat="49.9468500" lon="6.1649720">
    <ele>486.8</ele>
    <time>2025-09-13T09:31:30Z</time>
   </trkpt>
   <trkpt lat="49.9468540" lon="6.1653860">
    <ele>488.6</ele>
    <time>2025-09-13T09:31:39Z</time>
   </trkpt>
   <trkpt lat="49.9468430" lon="6.1657300">
    <ele>489.8</ele>
    <time>2025-09-13T09:31:47Z</time>
   </trkpt>
   <trkpt lat="49.9467720" lon="6.1661390">
    <ele>491.4</ele>
    <time>2025-09-13T09:31:57Z</time>
   </trkpt>
   <trkpt lat="49.9466350" lon="6.1662640">
    <ele>491.4</ele>
    <time>2025-09-13T09:32:03Z</time>
   </trkpt>
   <trkpt lat="49.9465040" lon="6.1664180">
    <ele>491.5</ele>
    <time>2025-09-13T09:32:10Z</time>
   </trkpt>
   <trkpt lat="49.9463710" lon="6.1665510">
    <ele>491.6</ele>
    <time>2025-09-13T09:32:17Z</time>
   </trkpt>
   <trkpt lat="49.9462680" lon="6.1666950">
    <ele>491.5</ele>
    <time>2025-09-13T09:32:22Z</time>
   </trkpt>
   <trkpt lat="49.9461300" lon="6.1668700">
    <ele>491.2</ele>
    <time>2025-09-13T09:32:28Z</time>
   </trkpt>
   <trkpt lat="49.9459740" lon="6.1669910">
    <ele>491.0</ele>
    <time>2025-09-13T09:32:34Z</time>
   </trkpt>
   <trkpt lat="49.9459130" lon="6.1670220">
    <ele>490.9</ele>
    <time>2025-09-13T09:32:38Z</time>
   </trkpt>
   <trkpt lat="49.9459900" lon="6.1669790">
    <ele>491.0</ele>
    <time>2025-09-13T09:33:01Z</time>
   </trkpt>
   <trkpt lat="49.9460180" lon="6.1669530">
    <ele>491.0</ele>
    <time>2025-09-13T09:33:03Z</time>
   </trkpt>
   <trkpt lat="49.9461140" lon="6.1668650">
    <ele>491.2</ele>
    <time>2025-09-13T09:33:08Z</time>
   </trkpt>
   <trkpt lat="49.9462290" lon="6.1667510">
    <ele>491.4</ele>
    <time>2025-09-13T09:33:13Z</time>
   </trkpt>
   <trkpt lat="49.9464260" lon="6.1665230">
    <ele>491.6</ele>
    <time>2025-09-13T09:33:21Z</time>
   </trkpt>
   <trkpt lat="49.9466380" lon="6.1662880">
    <ele>491.4</ele>
    <time>2025-09-13T09:33:29Z</time>
   </trkpt>
   <trkpt lat="49.9466940" lon="6.1663300">
    <ele>491.4</ele>
    <time>2025-09-13T09:33:31Z</time>
   </trkpt>
   <trkpt lat="49.9467080" lon="6.1663740">
    <ele>491.4</ele>
    <time>2025-09-13T09:33:32Z</time>
   </trkpt>
   <trkpt lat="49.9467240" lon="6.1666860">
    <ele>492.1</ele>
    <time>2025-09-13T09:33:38Z</time>
   </trkpt>
   <trkpt lat="49.9467600" lon="6.1670490">
    <ele>492.6</ele>
    <time>2025-09-13T09:33:45Z</time>
   </trkpt>
   <trkpt lat="49.9468420" lon="6.1673070">
    <ele>492.8</ele>
    <time>2025-09-13T09:33:50Z</time>
   </trkpt>
   <trkpt lat="49.9469330" lon="6.1675470">
    <ele>493.0</ele>
    <time>2025-09-13T09:33:55Z</time>
   </trkpt>
   <trkpt lat="49.9471330" lon="6.1678370">
    <ele>493.0</ele>
    <time>2025-09-13T09:34:01Z</time>
   </trkpt>
   <trkpt lat="49.9474150" lon="6.1681610">
    <ele>492.5</ele>
    <time>2025-09-13T09:34:08Z</time>
   </trkpt>
   <trkpt lat="49.9478120" lon="6.1685900">
    <ele>491.3</ele>
    <time>2025-09-13T09:34:16Z</time>
   </trkpt>
   <trkpt lat="49.9481820" lon="6.1689970">
    <ele>490.0</ele>
    <time>2025-09-13T09:34:23Z</time>
   </trkpt>
   <trkpt lat="49.9485800" lon="6.1694300">
    <ele>488.7</ele>
    <time>2025-09-13T09:34:30Z</time>
   </trkpt>
   <trkpt lat="49.9488450" lon="6.1698250">
    <ele>487.8</ele>
    <time>2025-09-13T09:34:35Z</time>
   </trkpt>
   <trkpt lat="49.9490400" lon="6.1703480">
    <ele>487.1</ele>
    <time>2025-09-13T09:34:40Z</time>
   </trkpt>
   <trkpt lat="49.9490870" lon="6.1705810">
    <ele>487.0</ele>
    <time>2025-09-13T09:34:42Z</time>
   </trkpt>
   <trkpt lat="49.9491070" lon="6.1708180">
    <ele>487.0</ele>
    <time>2025-09-13T09:34:44Z</time>
   </trkpt>
   <trkpt lat="49.9490920" lon="6.1712720">
    <ele>487.2</ele>
    <time>2025-09-13T09:34:48Z</time>
   </trkpt>
   <trkpt lat="49.9490750" lon="6.1713760">
    <ele>487.3</ele>
    <time>2025-09-13T09:34:49Z</time>
   </trkpt>
   <trkpt lat="49.9489560" lon="6.1718400">
    <ele>488.1</ele>
    <time>2025-09-13T09:34:54Z</time>
   </trkpt>
   <trkpt lat="49.9487630" lon="6.1723730">
    <ele>489.7</ele>
    <time>2025-09-13T09:35:01Z</time>
   </trkpt>
   <trkpt lat="49.9486140" lon="6.1727820">
    <ele>491.5</ele>
    <time>2025-09-13T09:35:07Z</time>
   </trkpt>
   <trkpt lat="49.9485620" lon="6.1729080">
    <ele>492.1</ele>
    <time>2025-09-13T09:35:09Z</time>
   </trkpt>
   <trkpt lat="49.9485160" lon="6.1730310">
    <ele>492.7</ele>
    <time>2025-09-13T09:35:11Z</time>
   </trkpt>
   <trkpt lat="49.9484220" lon="6.1732630">
    <ele>493.9</ele>
    <time>2025-09-13T09:35:15Z</time>
   </trkpt>
   <trkpt lat="49.9482860" lon="6.1736410">
    <ele>495.7</ele>
    <time>2025-09-13T09:35:22Z</time>
   </trkpt>
   <trkpt lat="49.9481490" lon="6.1739850">
    <ele>497.3</ele>
    <time>2025-09-13T09:35:29Z</time>
   </trkpt>
   <trkpt lat="49.9480250" lon="6.1743290">
    <ele>498.6</ele>
    <time>2025-09-13T09:35:36Z</time>
   </trkpt>
   <trkpt lat="49.9478800" lon="6.1747450">
    <ele>499.8</ele>
    <time>2025-09-13T09:35:44Z</time>
   </trkpt>
   <trkpt lat="49.9477160" lon="6.1752770">
    <ele>500.7</ele>
    <time>2025-09-13T09:35:54Z</time>
   </trkpt>
   <trkpt lat="49.9476370" lon="6.1755510">
    <ele>500.9</ele>
    <time>2025-09-13T09:36:00Z</time>
   </trkpt>
   <trkpt lat="49.9475560" lon="6.1758490">
    <ele>501.1</ele>
    <time>2025-09-13T09:36:07Z</time>
   </trkpt>
   <trkpt lat="49.9474780" lon="6.1760950">
    <ele>501.3</ele>
    <time>2025-09-13T09:36:12Z</time>
   </trkpt>
   <trkpt lat="49.9474260" lon="6.1763380">
    <ele>501.3</ele>
    <time>2025-09-13T09:36:17Z</time>
   </trkpt>
   <trkpt lat="49.9473880" lon="6.1764870">
    <ele>501.4</ele>
    <time>2025-09-13T09:36:20Z</time>
   </trkpt>
   <trkpt lat="49.9473570" lon="6.1766090">
    <ele>501.4</ele>
    <time>2025-09-13T09:36:22Z</time>
   </trkpt>
   <trkpt lat="49.9473370" lon="6.1766720">
    <ele>501.4</ele>
    <time>2025-09-13T09:36:23Z</time>
   </trkpt>
   <trkpt lat="49.9472540" lon="6.1769440">
    <ele>501.3</ele>
    <time>2025-09-13T09:36:27Z</time>
   </trkpt>
   <trkpt lat="49.9471760" lon="6.1772250">
    <ele>501.1</ele>
    <time>2025-09-13T09:36:31Z</time>
   </trkpt>
   <trkpt lat="49.9471320" lon="6.1773620">
    <ele>500.9</ele>
    <time>2025-09-13T09:36:33Z</time>
   </trkpt>
   <trkpt lat="49.9470130" lon="6.1777770">
    <ele>500.2</ele>
    <time>2025-09-13T09:36:39Z</time>
   </trkpt>
   <trkpt lat="49.9469550" lon="6.1780810">
    <ele>499.5</ele>
    <time>2025-09-13T09:36:43Z</time>
   </trkpt>
   <trkpt lat="49.9469110" lon="6.1782390">
    <ele>499.1</ele>
    <time>2025-09-13T09:36:45Z</time>
   </trkpt>
   <trkpt lat="49.9467950" lon="6.1786620">
    <ele>497.6</ele>
    <time>2025-09-13T09:36:50Z</time>
   </trkpt>
   <trkpt lat="49.9467570" lon="6.1787410">
    <ele>497.2</ele>
    <time>2025-09-13T09:36:51Z</time>
   </trkpt>
   <trkpt lat="49.9464360" lon="6.1791690">
    <ele>494.5</ele>
    <time>2025-09-13T09:36:57Z</time>
   </trkpt>
   <trkpt lat="49.9463660" lon="6.1792230">
    <ele>493.9</ele>
    <time>2025-09-13T09:36:58Z</time>
   </trkpt>
   <trkpt lat="49.9461270" lon="6.1793380">
    <ele>492.1</ele>
    <time>2025-09-13T09:37:01Z</time>
   </trkpt>
   <trkpt lat="49.9460410" lon="6.1793600">
    <ele>491.5</ele>
    <time>2025-09-13T09:37:02Z</time>
   </trkpt>
   <trkpt lat="49.9457730" lon="6.1793500">
    <ele>489.9</ele>
    <time>2025-09-13T09:37:05Z</time>
   </trkpt>
   <trkpt lat="49.9455080" lon="6.1792330">
    <ele>489.1</ele>
    <time>2025-09-13T09:37:08Z</time>
   </trkpt>
   <trkpt lat="49.9454290" lon="6.1791690">
    <ele>488.9</ele>
    <time>2025-09-13T09:37:09Z</time>
   </trkpt>
   <trkpt lat="49.9449980" lon="6.1787300">
    <ele>488.3</ele>
    <time>2025-09-13T09:37:15Z</time>
   </trkpt>
   <trkpt lat="49.9445610" lon="6.1782770">
    <ele>488.2</ele>
    <time>2025-09-13T09:37:22Z</time>
   </trkpt>
   <trkpt lat="49.9440960" lon="6.1778260">
    <ele>488.0</ele>
    <time>2025-09-13T09:37:30Z</time>
   </trkpt>
   <trkpt lat="49.9437250" lon="6.1774730">
    <ele>487.6</ele>
    <time>2025-09-13T09:37:37Z</time>
   </trkpt>
   <trkpt lat="49.9432990" lon="6.1770400">
    <ele>487.0</ele>
    <time>2025-09-13T09:37:46Z</time>
   </trkpt>
   <trkpt lat="49.9429990" lon="6.1767530">
    <ele>486.6</ele>
    <time>2025-09-13T09:37:52Z</time>
   </trkpt>
   <trkpt lat="49.9429460" lon="6.1767030">
    <ele>486.5</ele>
    <time>2025-09-13T09:37:53Z</time>
   </trkpt>
   <trkpt lat="49.9427100" lon="6.1765230">
    <ele>486.2</ele>
    <time>2025-09-13T09:37:57Z</time>
   </trkpt>
   <trkpt lat="49.9425350" lon="6.1764390">
    <ele>485.9</ele>
    <time>2025-09-13T09:38:00Z</time>
   </trkpt>
   <trkpt lat="49.9424060" lon="6.1764140">
    <ele>485.7</ele>
    <time>2025-09-13T09:38:02Z</time>
   </trkpt>
   <trkpt lat="49.9421620" lon="6.1764210">
    <ele>485.4</ele>
    <time>2025-09-13T09:38:06Z</time>
   </trkpt>
   <trkpt lat="49.9421030" lon="6.1764340">
    <ele>485.3</ele>
    <time>2025-09-13T09:38:07Z</time>
   </trkpt>
   <trkpt lat="49.9419820" lon="6.1764740">
    <ele>485.2</ele>
    <time>2025-09-13T09:38:09Z</time>
   </trkpt>
   <trkpt lat="49.9418600" lon="6.1765470">
    <ele>485.0</ele>
    <time>2025-09-13T09:38:11Z</time>
   </trkpt>
   <trkpt lat="49.9416050" lon="6.1767860">
    <ele>484.6</ele>
    <time>2025-09-13T09:38:16Z</time>
   </trkpt>
   <trkpt lat="49.9413990" lon="6.1771360">
    <ele>484.3</ele>
    <time>2025-09-13T09:38:21Z</time>
   </trkpt>
   <trkpt lat="49.9412740" lon="6.1773900">
    <ele>484.1</ele>
    <time>2025-09-13T09:38:24Z</time>
   </trkpt>
   <trkpt lat="49.9412220" lon="6.1774640">
    <ele>484.1</ele>
    <time>2025-09-13T09:38:25Z</time>
   </trkpt>
   <trkpt lat="49.9411820" lon="6.1775440">
    <ele>484.0</ele>
    <time>2025-09-13T09:38:26Z</time>
   </trkpt>
   <trkpt lat="49.9410880" lon="6.1778080">
    <ele>484.0</ele>
    <time>2025-09-13T09:38:29Z</time>
   </trkpt>
   <trkpt lat="49.9410140" lon="6.1780860">
    <ele>484.2</ele>
    <time>2025-09-13T09:38:32Z</time>
   </trkpt>
   <trkpt lat="49.9409830" lon="6.1782720">
    <ele>484.4</ele>
    <time>2025-09-13T09:38:34Z</time>
   </trkpt>
   <trkpt lat="49.9409430" lon="6.1787330">
    <ele>484.9</ele>
    <time>2025-09-13T09:38:39Z</time>
   </trkpt>
   <trkpt lat="49.9409310" lon="6.1788230">
    <ele>485.0</ele>
    <time>2025-09-13T09:38:40Z</time>
   </trkpt>
   <trkpt lat="49.9408770" lon="6.1791670">
    <ele>485.4</ele>
    <time>2025-09-13T09:38:44Z</time>
   </trkpt>
   <trkpt lat="49.9408420" lon="6.1793390">
    <ele>485.6</ele>
    <time>2025-09-13T09:38:46Z</time>
   </trkpt>
   <trkpt lat="49.9407590" lon="6.1798580">
    <ele>486.0</ele>
    <time>2025-09-13T09:38:52Z</time>
   </trkpt>
   <trkpt lat="49.9407170" lon="6.1801170">
    <ele>486.0</ele>
    <time>2025-09-13T09:38:55Z</time>
   </trkpt>
   <trkpt lat="49.9406770" lon="6.1802680">
    <ele>486.0</ele>
    <time>2025-09-13T09:38:57Z</time>
   </trkpt>
   <trkpt lat="49.9406440" lon="6.1804320">
    <ele>485.9</ele>
    <time>2025-09-13T09:38:59Z</time>
   </trkpt>
   <trkpt lat="49.9405930" lon="6.1805900">
    <ele>485.8</ele>
    <time>2025-09-13T09:39:01Z</time>
   </trkpt>
   <trkpt lat="49.9405280" lon="6.1808110">
    <ele>485.5</ele>
    <time>2025-09-13T09:39:04Z</time>
   </trkpt>
   <trkpt lat="49.9404650" lon="6.1809310">
    <ele>485.3</ele>
    <time>2025-09-13T09:39:06Z</time>
   </trkpt>
   <trkpt lat="49.9403900" lon="6.1810040">
    <ele>485.2</ele>
    <time>2025-09-13T09:39:08Z</time>
   </trkpt>
   <trkpt lat="49.9402400" lon="6.1811800">
    <ele>484.5</ele>
    <time>2025-09-13T09:39:12Z</time>
   </trkpt>
   <trkpt lat="49.9401370" lon="6.1812760">
    <ele>484.0</ele>
    <time>2025-09-13T09:39:14Z</time>
   </trkpt>
   <trkpt lat="49.9400610" lon="6.1813870">
    <ele>483.5</ele>
    <time>2025-09-13T09:39:16Z</time>
   </trkpt>
   <trkpt lat="49.9400150" lon="6.1814430">
    <ele>483.1</ele>
    <time>2025-09-13T09:39:17Z</time>
   </trkpt>
   <trkpt lat="49.9398220" lon="6.1816820">
    <ele>481.9</ele>
    <time>2025-09-13T09:39:21Z</time>
   </trkpt>
   <trkpt lat="49.9395380" lon="6.1820160">
    <ele>480.1</ele>
    <time>2025-09-13T09:39:26Z</time>
   </trkpt>
   <trkpt lat="49.9394820" lon="6.1820870">
    <ele>479.8</ele>
    <time>2025-09-13T09:39:27Z</time>
   </trkpt>
   <trkpt lat="49.9393000" lon="6.1823050">
    <ele>479.0</ele>
    <time>2025-09-13T09:39:30Z</time>
   </trkpt>
   <trkpt lat="49.9391650" lon="6.1824370">
    <ele>478.9</ele>
    <time>2025-09-13T09:39:32Z</time>
   </trkpt>
   <trkpt lat="49.9387940" lon="6.1827370">
    <ele>479.0</ele>
    <time>2025-09-13T09:39:38Z</time>
   </trkpt>
   <trkpt lat="49.9385710" lon="6.1828630">
    <ele>479.0</ele>
    <time>2025-09-13T09:39:42Z</time>
   </trkpt>
   <trkpt lat="49.9385100" lon="6.1828690">
    <ele>479.1</ele>
    <time>2025-09-13T09:39:43Z</time>
   </trkpt>
   <trkpt lat="49.9384520" lon="6.1828590">
    <ele>479.1</ele>
    <time>2025-09-13T09:39:44Z</time>
   </trkpt>
   <trkpt lat="49.9383560" lon="6.1827730">
    <ele>479.2</ele>
    <time>2025-09-13T09:39:46Z</time>
   </trkpt>
   <trkpt lat="49.9382070" lon="6.1824480">
    <ele>479.3</ele>
    <time>2025-09-13T09:39:51Z</time>
   </trkpt>
   <trkpt lat="49.9379530" lon="6.1818800">
    <ele>478.6</ele>
    <time>2025-09-13T09:39:59Z</time>
   </trkpt>
   <trkpt lat="49.9378320" lon="6.1816640">
    <ele>478.3</ele>
    <time>2025-09-13T09:40:02Z</time>
   </trkpt>
   <trkpt lat="49.9377360" lon="6.1815450">
    <ele>478.2</ele>
    <time>2025-09-13T09:40:04Z</time>
   </trkpt>
   <trkpt lat="49.9376330" lon="6.1814360">
    <ele>478.3</ele>
    <time>2025-09-13T09:40:06Z</time>
   </trkpt>
   <trkpt lat="49.9375430" lon="6.1813370">
    <ele>478.4</ele>
    <time>2025-09-13T09:40:08Z</time>
   </trkpt>
   <trkpt lat="49.9374600" lon="6.1812350">
    <ele>478.5</ele>
    <time>2025-09-13T09:40:10Z</time>
   </trkpt>
   <trkpt lat="49.9373720" lon="6.1811370">
    <ele>478.7</ele>
    <time>2025-09-13T09:40:12Z</time>
   </trkpt>
   <trkpt lat="49.9372860" lon="6.1810430">
    <ele>478.9</ele>
    <time>2025-09-13T09:40:14Z</time>
   </trkpt>
   <trkpt lat="49.9371460" lon="6.1809090">
    <ele>479.3</ele>
    <time>2025-09-13T09:40:17Z</time>
   </trkpt>
   <trkpt lat="49.9371000" lon="6.1808640">
    <ele>479.5</ele>
    <time>2025-09-13T09:40:18Z</time>
   </trkpt>
   <trkpt lat="49.9370150" lon="6.1807730">
    <ele>479.9</ele>
    <time>2025-09-13T09:40:20Z</time>
   </trkpt>
   <trkpt lat="49.9369420" lon="6.1806820">
    <ele>480.2</ele>
    <time>2025-09-13T09:40:22Z</time>
   </trkpt>
   <trkpt lat="49.9368260" lon="6.1805290">
    <ele>480.7</ele>
    <time>2025-09-13T09:40:25Z</time>
   </trkpt>
   <trkpt lat="49.9367800" lon="6.1804830">
    <ele>480.9</ele>
    <time>2025-09-13T09:40:26Z</time>
   </trkpt>
   <trkpt lat="49.9367390" lon="6.1804370">
    <ele>481.1</ele>
    <time>2025-09-13T09:40:27Z</time>
   </trkpt>
   <trkpt lat="49.9366550" lon="6.1803420">
    <ele>481.4</ele>
    <time>2025-09-13T09:40:29Z</time>
   </trkpt>
   <trkpt lat="49.9365750" lon="6.1802530">
    <ele>481.9</ele>
    <time>2025-09-13T09:40:31Z</time>
   </trkpt>
   <trkpt lat="49.9364630" lon="6.1801250">
    <ele>482.5</ele>
    <time>2025-09-13T09:40:34Z</time>
   </trkpt>
   <trkpt lat="49.9363920" lon="6.1800540">
    <ele>482.8</ele>
    <time>2025-09-13T09:40:36Z</time>
   </trkpt>
   <trkpt lat="49.9362810" lon="6.1799410">
    <ele>483.2</ele>
    <time>2025-09-13T09:40:39Z</time>
   </trkpt>
   <trkpt lat="49.9360430" lon="6.1796770">
    <ele>483.3</ele>
    <time>2025-09-13T09:40:45Z</time>
   </trkpt>
   <trkpt lat="49.9357650" lon="6.1792850">
    <ele>483.1</ele>
    <time>2025-09-13T09:40:52Z</time>
   </trkpt>
   <trkpt lat="49.9356960" lon="6.1791770">
    <ele>483.0</ele>
    <time>2025-09-13T09:40:54Z</time>
   </trkpt>
   <trkpt lat="49.9356210" lon="6.1790740">
    <ele>482.9</ele>
    <time>2025-09-13T09:40:56Z</time>
   </trkpt>
   <trkpt lat="49.9355860" lon="6.1790200">
    <ele>482.8</ele>
    <time>2025-09-13T09:40:57Z</time>
   </trkpt>
   <trkpt lat="49.9354430" lon="6.1787680">
    <ele>482.6</ele>
    <time>2025-09-13T09:41:01Z</time>
   </trkpt>
   <trkpt lat="49.9352600" lon="6.1782620">
    <ele>483.2</ele>
    <time>2025-09-13T09:41:08Z</time>
   </trkpt>
   <trkpt lat="49.9352160" lon="6.1779720">
    <ele>483.9</ele>
    <time>2025-09-13T09:41:13Z</time>
   </trkpt>
   <trkpt lat="49.9351180" lon="6.1776130">
    <ele>484.8</ele>
    <time>2025-09-13T09:41:21Z</time>
   </trkpt>
   <trkpt lat="49.9350450" lon="6.1775520">
    <ele>484.6</ele>
    <time>2025-09-13T09:41:24Z</time>
   </trkpt>
   <trkpt lat="49.9350030" lon="6.1775570">
    <ele>484.2</ele>
    <time>2025-09-13T09:41:25Z</time>
   </trkpt>
   <trkpt lat="49.9349580" lon="6.1775810">
    <ele>483.7</ele>
    <time>2025-09-13T09:41:26Z</time>
   </trkpt>
   <trkpt lat="49.9348160" lon="6.1777020">
    <ele>482.3</ele>
    <time>2025-09-13T09:41:29Z</time>
   </trkpt>
   <trkpt lat="49.9346340" lon="6.1778650">
    <ele>480.8</ele>
    <time>2025-09-13T09:41:34Z</time>
   </trkpt>
   <trkpt lat="49.9345600" lon="6.1779120">
    <ele>480.3</ele>
    <time>2025-09-13T09:41:38Z</time>
   </trkpt>
   <trkpt lat="49.9345620" lon="6.1779100">
    <ele>480.2</ele>
    <time>2025-09-13T09:41:39Z</time>
   </trkpt>
   <trkpt lat="49.9345130" lon="6.1779490">
    <ele>479.9</ele>
    <time>2025-09-13T09:41:50Z</time>
   </trkpt>
   <trkpt lat="49.9344920" lon="6.1779700">
    <ele>479.7</ele>
    <time>2025-09-13T09:41:51Z</time>
   </trkpt>
   <trkpt lat="49.9343780" lon="6.1780660">
    <ele>478.9</ele>
    <time>2025-09-13T09:41:56Z</time>
   </trkpt>
   <trkpt lat="49.9343450" lon="6.1780870">
    <ele>478.7</ele>
    <time>2025-09-13T09:41:59Z</time>
   </trkpt>
   <trkpt lat="49.9343160" lon="6.1781080">
    <ele>478.4</ele>
    <time>2025-09-13T09:42:46Z</time>
   </trkpt>
   <trkpt lat="49.9341890" lon="6.1782400">
    <ele>477.4</ele>
    <time>2025-09-13T09:42:51Z</time>
   </trkpt>
   <trkpt lat="49.9339930" lon="6.1784010">
    <ele>475.8</ele>
    <time>2025-09-13T09:42:57Z</time>
   </trkpt>
   <trkpt lat="49.9337470" lon="6.1786240">
    <ele>473.7</ele>
    <time>2025-09-13T09:43:02Z</time>
   </trkpt>
   <trkpt lat="49.9334380" lon="6.1788390">
    <ele>471.0</ele>
    <time>2025-09-13T09:43:08Z</time>
   </trkpt>
   <trkpt lat="49.9332560" lon="6.1789580">
    <ele>468.6</ele>
    <time>2025-09-13T09:43:11Z</time>
   </trkpt>
   <trkpt lat="49.9331540" lon="6.1791020">
    <ele>466.5</ele>
    <time>2025-09-13T09:43:13Z</time>
   </trkpt>
   <trkpt lat="49.9330860" lon="6.1792820">
    <ele>464.4</ele>
    <time>2025-09-13T09:43:15Z</time>
   </trkpt>
   <trkpt lat="49.9330160" lon="6.1794820">
    <ele>462.2</ele>
    <time>2025-09-13T09:43:17Z</time>
   </trkpt>
   <trkpt lat="49.9328680" lon="6.1799420">
    <ele>457.9</ele>
    <time>2025-09-13T09:43:21Z</time>
   </trkpt>
   <trkpt lat="49.9325920" lon="6.1804780">
    <ele>453.2</ele>
    <time>2025-09-13T09:43:26Z</time>
   </trkpt>
   <trkpt lat="49.9322640" lon="6.1811340">
    <ele>449.4</ele>
    <time>2025-09-13T09:43:32Z</time>
   </trkpt>
   <trkpt lat="49.9320960" lon="6.1817430">
    <ele>446.8</ele>
    <time>2025-09-13T09:43:37Z</time>
   </trkpt>
   <trkpt lat="49.9319780" lon="6.1823230">
    <ele>444.6</ele>
    <time>2025-09-13T09:43:42Z</time>
   </trkpt>
   <trkpt lat="49.9318970" lon="6.1827240">
    <ele>443.3</ele>
    <time>2025-09-13T09:43:46Z</time>
   </trkpt>
   <trkpt lat="49.9318760" lon="6.1828070">
    <ele>443.0</ele>
    <time>2025-09-13T09:43:47Z</time>
   </trkpt>
   <trkpt lat="49.9318020" lon="6.1829350">
    <ele>441.7</ele>
    <time>2025-09-13T09:43:49Z</time>
   </trkpt>
   <trkpt lat="49.9316010" lon="6.1830920">
    <ele>438.5</ele>
    <time>2025-09-13T09:43:52Z</time>
   </trkpt>
   <trkpt lat="49.9312370" lon="6.1833490">
    <ele>434.2</ele>
    <time>2025-09-13T09:43:56Z</time>
   </trkpt>
   <trkpt lat="49.9307110" lon="6.1837820">
    <ele>430.0</ele>
    <time>2025-09-13T09:44:02Z</time>
   </trkpt>
   <trkpt lat="49.9304690" lon="6.1840030">
    <ele>428.3</ele>
    <time>2025-09-13T09:44:05Z</time>
   </trkpt>
   <trkpt lat="49.9300390" lon="6.1844580">
    <ele>425.3</ele>
    <time>2025-09-13T09:44:11Z</time>
   </trkpt>
   <trkpt lat="49.9296220" lon="6.1848220">
    <ele>422.5</ele>
    <time>2025-09-13T09:44:17Z</time>
   </trkpt>
   <trkpt lat="49.9292790" lon="6.1852510">
    <ele>419.5</ele>
    <time>2025-09-13T09:44:22Z</time>
   </trkpt>
   <trkpt lat="49.9288120" lon="6.1858940">
    <ele>415.4</ele>
    <time>2025-09-13T09:44:29Z</time>
   </trkpt>
   <trkpt lat="49.9283670" lon="6.1863920">
    <ele>412.4</ele>
    <time>2025-09-13T09:44:35Z</time>
   </trkpt>
   <trkpt lat="49.9282270" lon="6.1865490">
    <ele>411.7</ele>
    <time>2025-09-13T09:44:37Z</time>
   </trkpt>
   <trkpt lat="49.9280190" lon="6.1868320">
    <ele>410.6</ele>
    <time>2025-09-13T09:44:41Z</time>
   </trkpt>
   <trkpt lat="49.9278950" lon="6.1870260">
    <ele>409.9</ele>
    <time>2025-09-13T09:44:45Z</time>
   </trkpt>
   <trkpt lat="49.9278610" lon="6.1870810">
    <ele>409.8</ele>
    <time>2025-09-13T09:44:46Z</time>
   </trkpt>
   <trkpt lat="49.9277750" lon="6.1872990">
    <ele>408.9</ele>
    <time>2025-09-13T09:44:49Z</time>
   </trkpt>
   <trkpt lat="49.9275770" lon="6.1875990">
    <ele>406.9</ele>
    <time>2025-09-13T09:44:53Z</time>
   </trkpt>
   <trkpt lat="49.9272270" lon="6.1879720">
    <ele>403.8</ele>
    <time>2025-09-13T09:44:58Z</time>
   </trkpt>
   <trkpt lat="49.9267580" lon="6.1884400">
    <ele>399.3</ele>
    <time>2025-09-13T09:45:04Z</time>
   </trkpt>
   <trkpt lat="49.9262570" lon="6.1890300">
    <ele>393.3</ele>
    <time>2025-09-13T09:45:10Z</time>
   </trkpt>
   <trkpt lat="49.9261740" lon="6.1891480">
    <ele>392.2</ele>
    <time>2025-09-13T09:45:11Z</time>
   </trkpt>
   <trkpt lat="49.9257580" lon="6.1897970">
    <ele>387.2</ele>
    <time>2025-09-13T09:45:16Z</time>
   </trkpt>
   <trkpt lat="49.9255880" lon="6.1900660">
    <ele>385.7</ele>
    <time>2025-09-13T09:45:18Z</time>
   </trkpt>
   <trkpt lat="49.9252010" lon="6.1907310">
    <ele>383.3</ele>
    <time>2025-09-13T09:45:23Z</time>
   </trkpt>
   <trkpt lat="49.9249340" lon="6.1913660">
    <ele>382.4</ele>
    <time>2025-09-13T09:45:28Z</time>
   </trkpt>
   <trkpt lat="49.9246550" lon="6.1921230">
    <ele>381.9</ele>
    <time>2025-09-13T09:45:34Z</time>
   </trkpt>
   <trkpt lat="49.9245700" lon="6.1923740">
    <ele>381.8</ele>
    <time>2025-09-13T09:45:36Z</time>
   </trkpt>
   <trkpt lat="49.9242870" lon="6.1932190">
    <ele>380.6</ele>
    <time>2025-09-13T09:45:43Z</time>
   </trkpt>
   <trkpt lat="49.9242440" lon="6.1933410">
    <ele>380.2</ele>
    <time>2025-09-13T09:45:44Z</time>
   </trkpt>
   <trkpt lat="49.9239560" lon="6.1940540">
    <ele>377.7</ele>
    <time>2025-09-13T09:45:50Z</time>
   </trkpt>
   <trkpt lat="49.9239070" lon="6.1941640">
    <ele>377.2</ele>
    <time>2025-09-13T09:45:51Z</time>
   </trkpt>
   <trkpt lat="49.9235740" lon="6.1949320">
    <ele>373.0</ele>
    <time>2025-09-13T09:45:58Z</time>
   </trkpt>
   <trkpt lat="49.9235390" lon="6.1950410">
    <ele>372.3</ele>
    <time>2025-09-13T09:45:59Z</time>
   </trkpt>
   <trkpt lat="49.9235120" lon="6.1951550">
    <ele>371.6</ele>
    <time>2025-09-13T09:46:00Z</time>
   </trkpt>
   <trkpt lat="49.9234840" lon="6.1953920">
    <ele>370.3</ele>
    <time>2025-09-13T09:46:02Z</time>
   </trkpt>
   <trkpt lat="49.9234800" lon="6.1955150">
    <ele>369.6</ele>
    <time>2025-09-13T09:46:03Z</time>
   </trkpt>
   <trkpt lat="49.9234900" lon="6.1960910">
    <ele>366.4</ele>
    <time>2025-09-13T09:46:08Z</time>
   </trkpt>
   <trkpt lat="49.9235000" lon="6.1961920">
    <ele>365.8</ele>
    <time>2025-09-13T09:46:09Z</time>
   </trkpt>
   <trkpt lat="49.9235370" lon="6.1963770">
    <ele>364.7</ele>
    <time>2025-09-13T09:46:11Z</time>
   </trkpt>
   <trkpt lat="49.9235660" lon="6.1964540">
    <ele>364.3</ele>
    <time>2025-09-13T09:46:12Z</time>
   </trkpt>
   <trkpt lat="49.9235960" lon="6.1965270">
    <ele>363.8</ele>
    <time>2025-09-13T09:46:13Z</time>
   </trkpt>
   <trkpt lat="49.9236670" lon="6.1967220">
    <ele>362.8</ele>
    <time>2025-09-13T09:46:16Z</time>
   </trkpt>
   <trkpt lat="49.9237370" lon="6.1969620">
    <ele>361.9</ele>
    <time>2025-09-13T09:46:21Z</time>
   </trkpt>
   <trkpt lat="49.9238090" lon="6.1971450">
    <ele>361.2</ele>
    <time>2025-09-13T09:46:27Z</time>
   </trkpt>
   <trkpt lat="49.9238510" lon="6.1973860">
    <ele>360.2</ele>
    <time>2025-09-13T09:46:32Z</time>
   </trkpt>
   <trkpt lat="49.9238960" lon="6.1975790">
    <ele>359.4</ele>
    <time>2025-09-13T09:46:35Z</time>
   </trkpt>
   <trkpt lat="49.9239190" lon="6.1977370">
    <ele>358.8</ele>
    <time>2025-09-13T09:46:37Z</time>
   </trkpt>
   <trkpt lat="49.9239360" lon="6.1978050">
    <ele>358.6</ele>
    <time>2025-09-13T09:46:38Z</time>
   </trkpt>
   <trkpt lat="49.9239750" lon="6.1979460">
    <ele>358.3</ele>
    <time>2025-09-13T09:46:40Z</time>
   </trkpt>
   <trkpt lat="49.9239700" lon="6.1980170">
    <ele>358.2</ele>
    <time>2025-09-13T09:46:41Z</time>
   </trkpt>
   <trkpt lat="49.9239440" lon="6.1980710">
    <ele>358.2</ele>
    <time>2025-09-13T09:46:42Z</time>
   </trkpt>
   <trkpt lat="49.9239070" lon="6.1980970">
    <ele>358.3</ele>
    <time>2025-09-13T09:46:43Z</time>
   </trkpt>
   <trkpt lat="49.9237820" lon="6.1981010">
    <ele>358.6</ele>
    <time>2025-09-13T09:46:47Z</time>
   </trkpt>
   <trkpt lat="49.9236460" lon="6.1980830">
    <ele>358.9</ele>
    <time>2025-09-13T09:46:51Z</time>
   </trkpt>
   <trkpt lat="49.9235640" lon="6.1980780">
    <ele>359.0</ele>
    <time>2025-09-13T09:46:53Z</time>
   </trkpt>
   <trkpt lat="49.9232860" lon="6.1980440">
    <ele>359.0</ele>
    <time>2025-09-13T09:46:59Z</time>
   </trkpt>
   <trkpt lat="49.9230510" lon="6.1980190">
    <ele>358.1</ele>
    <time>2025-09-13T09:47:04Z</time>
   </trkpt>
   <trkpt lat="49.9229640" lon="6.1980720">
    <ele>357.3</ele>
    <time>2025-09-13T09:47:06Z</time>
   </trkpt>
   <trkpt lat="49.9229090" lon="6.1981960">
    <ele>356.4</ele>
    <time>2025-09-13T09:47:08Z</time>
   </trkpt>
   <trkpt lat="49.9228930" lon="6.1982780">
    <ele>355.9</ele>
    <time>2025-09-13T09:47:09Z</time>
   </trkpt>
   <trkpt lat="49.9227970" lon="6.1987080">
    <ele>352.9</ele>
    <time>2025-09-13T09:47:13Z</time>
   </trkpt>
   <trkpt lat="49.9225840" lon="6.1994770">
    <ele>348.6</ele>
    <time>2025-09-13T09:47:19Z</time>
   </trkpt>
   <trkpt lat="49.9223080" lon="6.2000460">
    <ele>345.6</ele>
    <time>2025-09-13T09:47:24Z</time>
   </trkpt>
   <trkpt lat="49.9222260" lon="6.2002860">
    <ele>344.5</ele>
    <time>2025-09-13T09:47:26Z</time>
   </trkpt>
   <trkpt lat="49.9221850" lon="6.2005370">
    <ele>343.5</ele>
    <time>2025-09-13T09:47:28Z</time>
   </trkpt>
   <trkpt lat="49.9221370" lon="6.2010720">
    <ele>341.0</ele>
    <time>2025-09-13T09:47:32Z</time>
   </trkpt>
   <trkpt lat="49.9221090" lon="6.2012020">
    <ele>340.3</ele>
    <time>2025-09-13T09:47:33Z</time>
   </trkpt>
   <trkpt lat="49.9219060" lon="6.2018240">
    <ele>336.1</ele>
    <time>2025-09-13T09:47:38Z</time>
   </trkpt>
   <trkpt lat="49.9217770" lon="6.2023550">
    <ele>333.6</ele>
    <time>2025-09-13T09:47:42Z</time>
   </trkpt>
   <trkpt lat="49.9217650" lon="6.2024950">
    <ele>332.9</ele>
    <time>2025-09-13T09:47:43Z</time>
   </trkpt>
   <trkpt lat="49.9217480" lon="6.2026280">
    <ele>332.3</ele>
    <time>2025-09-13T09:47:44Z</time>
   </trkpt>
   <trkpt lat="49.9216510" lon="6.2030150">
    <ele>329.7</ele>
    <time>2025-09-13T09:47:47Z</time>
   </trkpt>
   <trkpt lat="49.9214510" lon="6.2035590">
    <ele>325.2</ele>
    <time>2025-09-13T09:47:51Z</time>
   </trkpt>
   <trkpt lat="49.9210640" lon="6.2043340">
    <ele>319.7</ele>
    <time>2025-09-13T09:47:57Z</time>
   </trkpt>
   <trkpt lat="49.9209440" lon="6.2045870">
    <ele>318.7</ele>
    <time>2025-09-13T09:47:59Z</time>
   </trkpt>
   <trkpt lat="49.9208600" lon="6.2048630">
    <ele>318.1</ele>
    <time>2025-09-13T09:48:01Z</time>
   </trkpt>
   <trkpt lat="49.9206300" lon="6.2057000">
    <ele>316.4</ele>
    <time>2025-09-13T09:48:07Z</time>
   </trkpt>
   <trkpt lat="49.9205930" lon="6.2058290">
    <ele>316.2</ele>
    <time>2025-09-13T09:48:08Z</time>
   </trkpt>
   <trkpt lat="49.9204450" lon="6.2063960">
    <ele>314.6</ele>
    <time>2025-09-13T09:48:13Z</time>
   </trkpt>
   <trkpt lat="49.9203680" lon="6.2068440">
    <ele>312.1</ele>
    <time>2025-09-13T09:48:17Z</time>
   </trkpt>
   <trkpt lat="49.9203510" lon="6.2069690">
    <ele>311.3</ele>
    <time>2025-09-13T09:48:18Z</time>
   </trkpt>
   <trkpt lat="49.9202640" lon="6.2076650">
    <ele>307.8</ele>
    <time>2025-09-13T09:48:23Z</time>
   </trkpt>
   <trkpt lat="49.9202520" lon="6.2085150">
    <ele>304.2</ele>
    <time>2025-09-13T09:48:29Z</time>
   </trkpt>
   <trkpt lat="49.9202890" lon="6.2093760">
    <ele>299.6</ele>
    <time>2025-09-13T09:48:35Z</time>
   </trkpt>
   <trkpt lat="49.9202950" lon="6.2101040">
    <ele>295.9</ele>
    <time>2025-09-13T09:48:40Z</time>
   </trkpt>
   <trkpt lat="49.9202880" lon="6.2106790">
    <ele>293.3</ele>
    <time>2025-09-13T09:48:44Z</time>
   </trkpt>
   <trkpt lat="49.9202720" lon="6.2108240">
    <ele>292.8</ele>
    <time>2025-09-13T09:48:45Z</time>
   </trkpt>
   <trkpt lat="49.9202320" lon="6.2112550">
    <ele>291.1</ele>
    <time>2025-09-13T09:48:48Z</time>
   </trkpt>
   <trkpt lat="49.9202340" lon="6.2115400">
    <ele>290.1</ele>
    <time>2025-09-13T09:48:50Z</time>
   </trkpt>
   <trkpt lat="49.9202430" lon="6.2116850">
    <ele>289.6</ele>
    <time>2025-09-13T09:48:51Z</time>
   </trkpt>
   <trkpt lat="49.9203010" lon="6.2121180">
    <ele>288.1</ele>
    <time>2025-09-13T09:48:54Z</time>
   </trkpt>
   <trkpt lat="49.9204780" lon="6.2129150">
    <ele>285.7</ele>
    <time>2025-09-13T09:49:00Z</time>
   </trkpt>
   <trkpt lat="49.9205780" lon="6.2133930">
    <ele>284.6</ele>
    <time>2025-09-13T09:49:04Z</time>
   </trkpt>
   <trkpt lat="49.9205920" lon="6.2135110">
    <ele>284.4</ele>
    <time>2025-09-13T09:49:05Z</time>
   </trkpt>
   <trkpt lat="49.9206050" lon="6.2137490">
    <ele>283.8</ele>
    <time>2025-09-13T09:49:07Z</time>
   </trkpt>
   <trkpt lat="49.9206150" lon="6.2138640">
    <ele>283.5</ele>
    <time>2025-09-13T09:49:08Z</time>
   </trkpt>
   <trkpt lat="49.9206150" lon="6.2140870">
    <ele>282.8</ele>
    <time>2025-09-13T09:49:10Z</time>
   </trkpt>
   <trkpt lat="49.9205960" lon="6.2144340">
    <ele>281.8</ele>
    <time>2025-09-13T09:49:13Z</time>
   </trkpt>
   <trkpt lat="49.9205620" lon="6.2150350">
    <ele>280.2</ele>
    <time>2025-09-13T09:49:18Z</time>
   </trkpt>
   <trkpt lat="49.9205660" lon="6.2152800">
    <ele>279.5</ele>
    <time>2025-09-13T09:49:20Z</time>
   </trkpt>
   <trkpt lat="49.9205580" lon="6.2155220">
    <ele>278.9</ele>
    <time>2025-09-13T09:49:22Z</time>
   </trkpt>
   <trkpt lat="49.9205580" lon="6.2157730">
    <ele>278.3</ele>
    <time>2025-09-13T09:49:24Z</time>
   </trkpt>
   <trkpt lat="49.9205530" lon="6.2159060">
    <ele>278.0</ele>
    <time>2025-09-13T09:49:25Z</time>
   </trkpt>
   <trkpt lat="49.9205530" lon="6.2162760">
    <ele>277.3</ele>
    <time>2025-09-13T09:49:28Z</time>
   </trkpt>
   <trkpt lat="49.9205700" lon="6.2163810">
    <ele>277.1</ele>
    <time>2025-09-13T09:49:29Z</time>
   </trkpt>
   <trkpt lat="49.9205910" lon="6.2164940">
    <ele>276.9</ele>
    <time>2025-09-13T09:49:30Z</time>
   </trkpt>
   <trkpt lat="49.9206300" lon="6.2167250">
    <ele>276.5</ele>
    <time>2025-09-13T09:49:32Z</time>
   </trkpt>
   <trkpt lat="49.9207440" lon="6.2172100">
    <ele>275.5</ele>
    <time>2025-09-13T09:49:36Z</time>
   </trkpt>
   <trkpt lat="49.9207900" lon="6.2174450">
    <ele>275.1</ele>
    <time>2025-09-13T09:49:38Z</time>
   </trkpt>
   <trkpt lat="49.9208600" lon="6.2176830">
    <ele>274.4</ele>
    <time>2025-09-13T09:49:40Z</time>
   </trkpt>
   <trkpt lat="49.9209050" lon="6.2178060">
    <ele>274.0</ele>
    <time>2025-09-13T09:49:41Z</time>
   </trkpt>
   <trkpt lat="49.9209710" lon="6.2180430">
    <ele>273.2</ele>
    <time>2025-09-13T09:49:43Z</time>
   </trkpt>
   <trkpt lat="49.9209650" lon="6.2181390">
    <ele>272.8</ele>
    <time>2025-09-13T09:49:44Z</time>
   </trkpt>
   <trkpt lat="49.9209590" lon="6.2182580">
    <ele>272.4</ele>
    <time>2025-09-13T09:49:45Z</time>
   </trkpt>
   <trkpt lat="49.9209500" lon="6.2187140">
    <ele>270.9</ele>
    <time>2025-09-13T09:49:48Z</time>
   </trkpt>
   <trkpt lat="49.9209390" lon="6.2188540">
    <ele>270.3</ele>
    <time>2025-09-13T09:49:49Z</time>
   </trkpt>
   <trkpt lat="49.9208870" lon="6.2192440">
    <ele>268.7</ele>
    <time>2025-09-13T09:49:52Z</time>
   </trkpt>
   <trkpt lat="49.9208720" lon="6.2193550">
    <ele>268.2</ele>
    <time>2025-09-13T09:49:53Z</time>
   </trkpt>
   <trkpt lat="49.9208520" lon="6.2195510">
    <ele>267.1</ele>
    <time>2025-09-13T09:49:55Z</time>
   </trkpt>
   <trkpt lat="49.9207560" lon="6.2197990">
    <ele>265.4</ele>
    <time>2025-09-13T09:49:58Z</time>
   </trkpt>
   <trkpt lat="49.9206500" lon="6.2199470">
    <ele>263.9</ele>
    <time>2025-09-13T09:50:00Z</time>
   </trkpt>
   <trkpt lat="49.9205720" lon="6.2200400">
    <ele>262.8</ele>
    <time>2025-09-13T09:50:01Z</time>
   </trkpt>
   <trkpt lat="49.9200950" lon="6.2206170">
    <ele>255.8</ele>
    <time>2025-09-13T09:50:07Z</time>
   </trkpt>
   <trkpt lat="49.9197960" lon="6.2209630">
    <ele>251.7</ele>
    <time>2025-09-13T09:50:11Z</time>
   </trkpt>
   <trkpt lat="49.9197310" lon="6.2210400">
    <ele>250.8</ele>
    <time>2025-09-13T09:50:12Z</time>
   </trkpt>
   <trkpt lat="49.9194360" lon="6.2213950">
    <ele>246.4</ele>
    <time>2025-09-13T09:50:17Z</time>
   </trkpt>
   <trkpt lat="49.9193410" lon="6.2215160">
    <ele>244.6</ele>
    <time>2025-09-13T09:50:19Z</time>
   </trkpt>
   <trkpt lat="49.9192780" lon="6.2216380">
    <ele>243.1</ele>
    <time>2025-09-13T09:50:21Z</time>
   </trkpt>
   <trkpt lat="49.9192240" lon="6.2219320">
    <ele>240.7</ele>
    <time>2025-09-13T09:50:25Z</time>
   </trkpt>
   <trkpt lat="49.9192250" lon="6.2221470">
    <ele>239.2</ele>
    <time>2025-09-13T09:50:27Z</time>
   </trkpt>
   <trkpt lat="49.9192550" lon="6.2222720">
    <ele>238.4</ele>
    <time>2025-09-13T09:50:28Z</time>
   </trkpt>
   <trkpt lat="49.9193240" lon="6.2224940">
    <ele>237.0</ele>
    <time>2025-09-13T09:50:30Z</time>
   </trkpt>
   <trkpt lat="49.9194020" lon="6.2226630">
    <ele>235.9</ele>
    <time>2025-09-13T09:50:32Z</time>
   </trkpt>
   <trkpt lat="49.9195160" lon="6.2227500">
    <ele>235.0</ele>
    <time>2025-09-13T09:50:34Z</time>
   </trkpt>
   <trkpt lat="49.9195780" lon="6.2227740">
    <ele>234.5</ele>
    <time>2025-09-13T09:50:35Z</time>
   </trkpt>
   <trkpt lat="49.9197810" lon="6.2228550">
    <ele>233.0</ele>
    <time>2025-09-13T09:50:38Z</time>
   </trkpt>
   <trkpt lat="49.9198390" lon="6.2229080">
    <ele>232.5</ele>
    <time>2025-09-13T09:50:39Z</time>
   </trkpt>
   <trkpt lat="49.9198830" lon="6.2229790">
    <ele>232.0</ele>
    <time>2025-09-13T09:50:40Z</time>
   </trkpt>
   <trkpt lat="49.9199220" lon="6.2231620">
    <ele>230.9</ele>
    <time>2025-09-13T09:50:42Z</time>
   </trkpt>
   <trkpt lat="49.9198670" lon="6.2233300">
    <ele>229.8</ele>
    <time>2025-09-13T09:50:44Z</time>
   </trkpt>
   <trkpt lat="49.9198170" lon="6.2233960">
    <ele>229.3</ele>
    <time>2025-09-13T09:50:45Z</time>
   </trkpt>
   <trkpt lat="49.9197600" lon="6.2234550">
    <ele>228.7</ele>
    <time>2025-09-13T09:50:46Z</time>
   </trkpt>
   <trkpt lat="49.9195170" lon="6.2236550">
    <ele>226.5</ele>
    <time>2025-09-13T09:50:50Z</time>
   </trkpt>
   <trkpt lat="49.9191930" lon="6.2239430">
    <ele>223.4</ele>
    <time>2025-09-13T09:50:55Z</time>
   </trkpt>
   <trkpt lat="49.9189660" lon="6.2241230">
    <ele>221.3</ele>
    <time>2025-09-13T09:50:59Z</time>
   </trkpt>
   <trkpt lat="49.9188660" lon="6.2242410">
    <ele>220.5</ele>
    <time>2025-09-13T09:51:02Z</time>
   </trkpt>
   <trkpt lat="49.9188200" lon="6.2243270">
    <ele>220.1</ele>
    <time>2025-09-13T09:51:06Z</time>
   </trkpt>
   <trkpt lat="49.9188180" lon="6.2243300">
    <ele>220.1</ele>
    <time>2025-09-13T09:51:08Z</time>
   </trkpt>
   <trkpt lat="49.9188130" lon="6.2243840">
    <ele>219.9</ele>
    <time>2025-09-13T09:51:48Z</time>
   </trkpt>
   <trkpt lat="49.9187680" lon="6.2246010">
    <ele>219.0</ele>
    <time>2025-09-13T09:51:52Z</time>
   </trkpt>
   <trkpt lat="49.9186720" lon="6.2249080">
    <ele>217.4</ele>
    <time>2025-09-13T09:51:56Z</time>
   </trkpt>
   <trkpt lat="49.9186400" lon="6.2249820">
    <ele>217.0</ele>
    <time>2025-09-13T09:51:57Z</time>
   </trkpt>
   <trkpt lat="49.9186140" lon="6.2250530">
    <ele>216.6</ele>
    <time>2025-09-13T09:51:58Z</time>
   </trkpt>
   <trkpt lat="49.9185760" lon="6.2251800">
    <ele>215.8</ele>
    <time>2025-09-13T09:52:00Z</time>
   </trkpt>
   <trkpt lat="49.9184290" lon="6.2254330">
    <ele>214.3</ele>
    <time>2025-09-13T09:52:05Z</time>
   </trkpt>
   <trkpt lat="49.9183220" lon="6.2255200">
    <ele>213.9</ele>
    <time>2025-09-13T09:52:08Z</time>
   </trkpt>
   <trkpt lat="49.9182790" lon="6.2255280">
    <ele>213.9</ele>
    <time>2025-09-13T09:52:09Z</time>
   </trkpt>
   <trkpt lat="49.9181450" lon="6.2255480">
    <ele>214.0</ele>
    <time>2025-09-13T09:52:12Z</time>
   </trkpt>
   <trkpt lat="49.9180630" lon="6.2255890">
    <ele>214.0</ele>
    <time>2025-09-13T09:52:14Z</time>
   </trkpt>
   <trkpt lat="49.9180260" lon="6.2256190">
    <ele>214.1</ele>
    <time>2025-09-13T09:52:15Z</time>
   </trkpt>
   <trkpt lat="49.9179890" lon="6.2256550">
    <ele>214.2</ele>
    <time>2025-09-13T09:52:16Z</time>
   </trkpt>
   <trkpt lat="49.9178070" lon="6.2258700">
    <ele>214.7</ele>
    <time>2025-09-13T09:52:21Z</time>
   </trkpt>
   <trkpt lat="49.9177210" lon="6.2259710">
    <ele>215.0</ele>
    <time>2025-09-13T09:52:24Z</time>
   </trkpt>
   <trkpt lat="49.9174710" lon="6.2262420">
    <ele>216.1</ele>
    <time>2025-09-13T09:52:31Z</time>
   </trkpt>
   <trkpt lat="49.9172760" lon="6.2262610">
    <ele>216.9</ele>
    <time>2025-09-13T09:52:36Z</time>
   </trkpt>
   <trkpt lat="49.9171340" lon="6.2262910">
    <ele>217.2</ele>
    <time>2025-09-13T09:52:40Z</time>
   </trkpt>
   <trkpt lat="49.9170540" lon="6.2263450">
    <ele>217.1</ele>
    <time>2025-09-13T09:52:42Z</time>
   </trkpt>
   <trkpt lat="49.9170120" lon="6.2263560">
    <ele>217.1</ele>
    <time>2025-09-13T09:52:43Z</time>
   </trkpt>
   <trkpt lat="49.9169670" lon="6.2263580">
    <ele>217.1</ele>
    <time>2025-09-13T09:52:44Z</time>
   </trkpt>
   <trkpt lat="49.9167350" lon="6.2263520">
    <ele>217.1</ele>
    <time>2025-09-13T09:52:49Z</time>
   </trkpt>
   <trkpt lat="49.9163780" lon="6.2263820">
    <ele>216.8</ele>
    <time>2025-09-13T09:52:56Z</time>
   </trkpt>
   <trkpt lat="49.9159840" lon="6.2264040">
    <ele>216.4</ele>
    <time>2025-09-13T09:53:03Z</time>
   </trkpt>
   <trkpt lat="49.9156960" lon="6.2264010">
    <ele>216.2</ele>
    <time>2025-09-13T09:53:08Z</time>
   </trkpt>
   <trkpt lat="49.9155890" lon="6.2263650">
    <ele>216.2</ele>
    <time>2025-09-13T09:53:10Z</time>
   </trkpt>
   <trkpt lat="49.9151690" lon="6.2262240">
    <ele>216.1</ele>
    <time>2025-09-13T09:53:18Z</time>
   </trkpt>
   <trkpt lat="49.9146670" lon="6.2260100">
    <ele>215.8</ele>
    <time>2025-09-13T09:53:27Z</time>
   </trkpt>
   <trkpt lat="49.9142400" lon="6.2258670">
    <ele>215.4</ele>
    <time>2025-09-13T09:53:35Z</time>
   </trkpt>
   <trkpt lat="49.9138460" lon="6.2257990">
    <ele>214.8</ele>
    <time>2025-09-13T09:53:42Z</time>
   </trkpt>
   <trkpt lat="49.9135050" lon="6.2257960">
    <ele>213.8</ele>
    <time>2025-09-13T09:53:48Z</time>
   </trkpt>
   <trkpt lat="49.9131160" lon="6.2258160">
    <ele>211.8</ele>
    <time>2025-09-13T09:53:54Z</time>
   </trkpt>
   <trkpt lat="49.9130450" lon="6.2258350">
    <ele>211.4</ele>
    <time>2025-09-13T09:53:55Z</time>
   </trkpt>
   <trkpt lat="49.9129060" lon="6.2259200">
    <ele>210.6</ele>
    <time>2025-09-13T09:53:57Z</time>
   </trkpt>
   <trkpt lat="49.9127720" lon="6.2260820">
    <ele>209.7</ele>
    <time>2025-09-13T09:53:59Z</time>
   </trkpt>
   <trkpt lat="49.9127130" lon="6.2261810">
    <ele>209.4</ele>
    <time>2025-09-13T09:54:00Z</time>
   </trkpt>
   <trkpt lat="49.9124920" lon="6.2266000">
    <ele>208.6</ele>
    <time>2025-09-13T09:54:04Z</time>
   </trkpt>
   <trkpt lat="49.9123640" lon="6.2267620">
    <ele>208.4</ele>
    <time>2025-09-13T09:54:06Z</time>
   </trkpt>
   <trkpt lat="49.9122120" lon="6.2268670">
    <ele>208.4</ele>
    <time>2025-09-13T09:54:08Z</time>
   </trkpt>
   <trkpt lat="49.9120550" lon="6.2269120">
    <ele>208.3</ele>
    <time>2025-09-13T09:54:10Z</time>
   </trkpt>
   <trkpt lat="49.9119020" lon="6.2268970">
    <ele>208.3</ele>
    <time>2025-09-13T09:54:12Z</time>
   </trkpt>
   <trkpt lat="49.9117530" lon="6.2268180">
    <ele>208.2</ele>
    <time>2025-09-13T09:54:14Z</time>
   </trkpt>
   <trkpt lat="49.9116250" lon="6.2267040">
    <ele>208.1</ele>
    <time>2025-09-13T09:54:16Z</time>
   </trkpt>
   <trkpt lat="49.9115720" lon="6.2266260">
    <ele>208.0</ele>
    <time>2025-09-13T09:54:17Z</time>
   </trkpt>
   <trkpt lat="49.9113740" lon="6.2263240">
    <ele>207.9</ele>
    <time>2025-09-13T09:54:21Z</time>
   </trkpt>
   <trkpt lat="49.9113150" lon="6.2262670">
    <ele>207.9</ele>
    <time>2025-09-13T09:54:22Z</time>
   </trkpt>
   <trkpt lat="49.9112530" lon="6.2262380">
    <ele>208.0</ele>
    <time>2025-09-13T09:54:23Z</time>
   </trkpt>
   <trkpt lat="49.9111140" lon="6.2262480">
    <ele>208.0</ele>
    <time>2025-09-13T09:54:25Z</time>
   </trkpt>
   <trkpt lat="49.9109830" lon="6.2263420">
    <ele>208.1</ele>
    <time>2025-09-13T09:54:27Z</time>
   </trkpt>
   <trkpt lat="49.9108700" lon="6.2264690">
    <ele>208.2</ele>
    <time>2025-09-13T09:54:29Z</time>
   </trkpt>
   <trkpt lat="49.9108120" lon="6.2265240">
    <ele>208.2</ele>
    <time>2025-09-13T09:54:30Z</time>
   </trkpt>
   <trkpt lat="49.9106900" lon="6.2266040">
    <ele>208.4</ele>
    <time>2025-09-13T09:54:32Z</time>
   </trkpt>
   <trkpt lat="49.9106290" lon="6.2266270">
    <ele>208.5</ele>
    <time>2025-09-13T09:54:33Z</time>
   </trkpt>
   <trkpt lat="49.9102800" lon="6.2267720">
    <ele>209.0</ele>
    <time>2025-09-13T09:54:39Z</time>
   </trkpt>
   <trkpt lat="49.9102270" lon="6.2268050">
    <ele>209.1</ele>
    <time>2025-09-13T09:54:40Z</time>
   </trkpt>
   <trkpt lat="49.9101770" lon="6.2268430">
    <ele>209.1</ele>
    <time>2025-09-13T09:54:41Z</time>
   </trkpt>
   <trkpt lat="49.9099840" lon="6.2270510">
    <ele>209.0</ele>
    <time>2025-09-13T09:54:45Z</time>
   </trkpt>
   <trkpt lat="49.9097190" lon="6.2273650">
    <ele>208.3</ele>
    <time>2025-09-13T09:54:50Z</time>
   </trkpt>
   <trkpt lat="49.9096560" lon="6.2274160">
    <ele>208.0</ele>
    <time>2025-09-13T09:54:51Z</time>
   </trkpt>
   <trkpt lat="49.9095910" lon="6.2274610">
    <ele>207.8</ele>
    <time>2025-09-13T09:54:52Z</time>
   </trkpt>
   <trkpt lat="49.9093900" lon="6.2275550">
    <ele>207.0</ele>
    <time>2025-09-13T09:54:55Z</time>
   </trkpt>
   <trkpt lat="49.9088600" lon="6.2277200">
    <ele>205.2</ele>
    <time>2025-09-13T09:55:02Z</time>
   </trkpt>
   <trkpt lat="49.9087010" lon="6.2277680">
    <ele>204.8</ele>
    <time>2025-09-13T09:55:04Z</time>
   </trkpt>
   <trkpt lat="49.9083050" lon="6.2278670">
    <ele>203.9</ele>
    <time>2025-09-13T09:55:09Z</time>
   </trkpt>
   <trkpt lat="49.9077190" lon="6.2280350">
    <ele>201.7</ele>
    <time>2025-09-13T09:55:16Z</time>
   </trkpt>
   <trkpt lat="49.9072980" lon="6.2280530">
    <ele>200.9</ele>
    <time>2025-09-13T09:55:21Z</time>
   </trkpt>
   <trkpt lat="49.9068920" lon="6.2279030">
    <ele>201.1</ele>
    <time>2025-09-13T09:55:26Z</time>
   </trkpt>
   <trkpt lat="49.9063810" lon="6.2276510">
    <ele>201.7</ele>
    <time>2025-09-13T09:55:33Z</time>
   </trkpt>
   <trkpt lat="49.9058810" lon="6.2274220">
    <ele>202.4</ele>
    <time>2025-09-13T09:55:40Z</time>
   </trkpt>
   <trkpt lat="49.9054520" lon="6.2273510">
    <ele>203.0</ele>
    <time>2025-09-13T09:55:46Z</time>
   </trkpt>
   <trkpt lat="49.9050250" lon="6.2274380">
    <ele>203.5</ele>
    <time>2025-09-13T09:55:52Z</time>
   </trkpt>
   <trkpt lat="49.9046310" lon="6.2276290">
    <ele>204.0</ele>
    <time>2025-09-13T09:55:58Z</time>
   </trkpt>
   <trkpt lat="49.9044960" lon="6.2277200">
    <ele>204.1</ele>
    <time>2025-09-13T09:56:00Z</time>
   </trkpt>
   <trkpt lat="49.9043710" lon="6.2278270">
    <ele>204.2</ele>
    <time>2025-09-13T09:56:02Z</time>
   </trkpt>
   <trkpt lat="49.9040820" lon="6.2281130">
    <ele>204.5</ele>
    <time>2025-09-13T09:56:07Z</time>
   </trkpt>
   <trkpt lat="49.9037780" lon="6.2285520">
    <ele>204.2</ele>
    <time>2025-09-13T09:56:13Z</time>
   </trkpt>
   <trkpt lat="49.9035300" lon="6.2289630">
    <ele>203.4</ele>
    <time>2025-09-13T09:56:18Z</time>
   </trkpt>
   <trkpt lat="49.9032620" lon="6.2293930">
    <ele>202.5</ele>
    <time>2025-09-13T09:56:23Z</time>
   </trkpt>
   <trkpt lat="49.9029390" lon="6.2299020">
    <ele>201.7</ele>
    <time>2025-09-13T09:56:29Z</time>
   </trkpt>
   <trkpt lat="49.9026880" lon="6.2301780">
    <ele>201.5</ele>
    <time>2025-09-13T09:56:33Z</time>
   </trkpt>
   <trkpt lat="49.9022710" lon="6.2304710">
    <ele>201.8</ele>
    <time>2025-09-13T09:56:39Z</time>
   </trkpt>
   <trkpt lat="49.9019360" lon="6.2307320">
    <ele>202.2</ele>
    <time>2025-09-13T09:56:44Z</time>
   </trkpt>
   <trkpt lat="49.9017460" lon="6.2309010">
    <ele>202.2</ele>
    <time>2025-09-13T09:56:47Z</time>
   </trkpt>
   <trkpt lat="49.9016390" lon="6.2310260">
    <ele>202.1</ele>
    <time>2025-09-13T09:56:49Z</time>
   </trkpt>
   <trkpt lat="49.9014390" lon="6.2312840">
    <ele>201.8</ele>
    <time>2025-09-13T09:56:53Z</time>
   </trkpt>
   <trkpt lat="49.9013870" lon="6.2313370">
    <ele>201.7</ele>
    <time>2025-09-13T09:56:54Z</time>
   </trkpt>
   <trkpt lat="49.9012750" lon="6.2314500">
    <ele>201.4</ele>
    <time>2025-09-13T09:56:56Z</time>
   </trkpt>
   <trkpt lat="49.9010740" lon="6.2316150">
    <ele>200.8</ele>
    <time>2025-09-13T09:56:59Z</time>
   </trkpt>
   <trkpt lat="49.9008090" lon="6.2318020">
    <ele>200.3</ele>
    <time>2025-09-13T09:57:03Z</time>
   </trkpt>
   <trkpt lat="49.9007460" lon="6.2318430">
    <ele>200.2</ele>
    <time>2025-09-13T09:57:04Z</time>
   </trkpt>
   <trkpt lat="49.9005490" lon="6.2319730">
    <ele>200.0</ele>
    <time>2025-09-13T09:57:07Z</time>
   </trkpt>
   <trkpt lat="49.9004060" lon="6.2320820">
    <ele>199.9</ele>
    <time>2025-09-13T09:57:09Z</time>
   </trkpt>
   <trkpt lat="49.9002890" lon="6.2322170">
    <ele>199.8</ele>
    <time>2025-09-13T09:57:11Z</time>
   </trkpt>
   <trkpt lat="49.9001770" lon="6.2323830">
    <ele>199.9</ele>
    <time>2025-09-13T09:57:13Z</time>
   </trkpt>
   <trkpt lat="49.9000170" lon="6.2327620">
    <ele>200.0</ele>
    <time>2025-09-13T09:57:17Z</time>
   </trkpt>
   <trkpt lat="49.8999930" lon="6.2328580">
    <ele>200.1</ele>
    <time>2025-09-13T09:57:18Z</time>
   </trkpt>
   <trkpt lat="49.8999450" lon="6.2330240">
    <ele>200.4</ele>
    <time>2025-09-13T09:57:20Z</time>
   </trkpt>
   <trkpt lat="49.8998840" lon="6.2331880">
    <ele>200.7</ele>
    <time>2025-09-13T09:57:22Z</time>
   </trkpt>
   <trkpt lat="49.8998030" lon="6.2334270">
    <ele>201.2</ele>
    <time>2025-09-13T09:57:25Z</time>
   </trkpt>
   <trkpt lat="49.8997480" lon="6.2335680">
    <ele>201.5</ele>
    <time>2025-09-13T09:57:27Z</time>
   </trkpt>
   <trkpt lat="49.8996620" lon="6.2337490">
    <ele>202.0</ele>
    <time>2025-09-13T09:57:30Z</time>
   </trkpt>
   <trkpt lat="49.8995860" lon="6.2338490">
    <ele>202.4</ele>
    <time>2025-09-13T09:57:32Z</time>
   </trkpt>
   <trkpt lat="49.8993780" lon="6.2340910">
    <ele>203.4</ele>
    <time>2025-09-13T09:57:37Z</time>
   </trkpt>
   <trkpt lat="49.8991470" lon="6.2342820">
    <ele>204.5</ele>
    <time>2025-09-13T09:57:42Z</time>
   </trkpt>
   <trkpt lat="49.8990040" lon="6.2343990">
    <ele>205.3</ele>
    <time>2025-09-13T09:57:45Z</time>
   </trkpt>
   <trkpt lat="49.8989260" lon="6.2344530">
    <ele>205.8</ele>
    <time>2025-09-13T09:57:47Z</time>
   </trkpt>
   <trkpt lat="49.8987950" lon="6.2345630">
    <ele>206.5</ele>
    <time>2025-09-13T09:57:51Z</time>
   </trkpt>
   <trkpt lat="49.8986770" lon="6.2346510">
    <ele>207.2</ele>
    <time>2025-09-13T09:57:54Z</time>
   </trkpt>
   <trkpt lat="49.8985900" lon="6.2346980">
    <ele>207.7</ele>
    <time>2025-09-13T09:57:56Z</time>
   </trkpt>
   <trkpt lat="49.8984490" lon="6.2347600">
    <ele>208.5</ele>
    <time>2025-09-13T09:57:59Z</time>
   </trkpt>
   <trkpt lat="49.8984030" lon="6.2347750">
    <ele>208.7</ele>
    <time>2025-09-13T09:58:00Z</time>
   </trkpt>
   <trkpt lat="49.8982280" lon="6.2348480">
    <ele>209.7</ele>
    <time>2025-09-13T09:58:04Z</time>
   </trkpt>
   <trkpt lat="49.8981500" lon="6.2348610">
    <ele>210.1</ele>
    <time>2025-09-13T09:58:06Z</time>
   </trkpt>
   <trkpt lat="49.8980410" lon="6.2348650">
    <ele>210.7</ele>
    <time>2025-09-13T09:58:09Z</time>
   </trkpt>
   <trkpt lat="49.8980190" lon="6.2348570">
    <ele>210.8</ele>
    <time>2025-09-13T09:58:10Z</time>
   </trkpt>
   <trkpt lat="49.8978820" lon="6.2348630">
    <ele>211.5</ele>
    <time>2025-09-13T09:58:14Z</time>
   </trkpt>
   <trkpt lat="49.8977420" lon="6.2348950">
    <ele>212.2</ele>
    <time>2025-09-13T09:58:18Z</time>
   </trkpt>
   <trkpt lat="49.8976040" lon="6.2349330">
    <ele>212.9</ele>
    <time>2025-09-13T09:58:22Z</time>
   </trkpt>
   <trkpt lat="49.8974820" lon="6.2349760">
    <ele>213.6</ele>
    <time>2025-09-13T09:58:26Z</time>
   </trkpt>
   <trkpt lat="49.8974100" lon="6.2349770">
    <ele>213.9</ele>
    <time>2025-09-13T09:58:30Z</time>
   </trkpt>
   <trkpt lat="49.8971750" lon="6.2350750">
    <ele>215.1</ele>
    <time>2025-09-13T09:58:37Z</time>
   </trkpt>
   <trkpt lat="49.8969270" lon="6.2352430">
    <ele>216.6</ele>
    <time>2025-09-13T09:58:43Z</time>
   </trkpt>
   <trkpt lat="49.8967530" lon="6.2353730">
    <ele>217.5</ele>
    <time>2025-09-13T09:58:48Z</time>
   </trkpt>
   <trkpt lat="49.8965980" lon="6.2354620">
    <ele>218.5</ele>
    <time>2025-09-13T09:58:53Z</time>
   </trkpt>
   <trkpt lat="49.8964360" lon="6.2355840">
    <ele>219.7</ele>
    <time>2025-09-13T09:58:57Z</time>
   </trkpt>
   <trkpt lat="49.8962520" lon="6.2357530">
    <ele>221.2</ele>
    <time>2025-09-13T09:59:03Z</time>
   </trkpt>
   <trkpt lat="49.8961190" lon="6.2359300">
    <ele>222.4</ele>
    <time>2025-09-13T09:59:07Z</time>
   </trkpt>
   <trkpt lat="49.8958930" lon="6.2362370">
    <ele>224.3</ele>
    <time>2025-09-13T09:59:11Z</time>
   </trkpt>
   <trkpt lat="49.8957820" lon="6.2365430">
    <ele>225.5</ele>
    <time>2025-09-13T09:59:17Z</time>
   </trkpt>
   <trkpt lat="49.8957060" lon="6.2368870">
    <ele>226.4</ele>
    <time>2025-09-13T09:59:24Z</time>
   </trkpt>
   <trkpt lat="49.8955750" lon="6.2371720">
    <ele>227.2</ele>
    <time>2025-09-13T09:59:30Z</time>
   </trkpt>
   <trkpt lat="49.8954550" lon="6.2374450">
    <ele>227.8</ele>
    <time>2025-09-13T09:59:35Z</time>
   </trkpt>
   <trkpt lat="49.8954370" lon="6.2375070">
    <ele>228.0</ele>
    <time>2025-09-13T09:59:37Z</time>
   </trkpt>
   <trkpt lat="49.8954160" lon="6.2375820">
    <ele>228.1</ele>
    <time>2025-09-13T09:59:39Z</time>
   </trkpt>
   <trkpt lat="49.8954030" lon="6.2376130">
    <ele>228.2</ele>
    <time>2025-09-13T09:59:40Z</time>
   </trkpt>
   <trkpt lat="49.8952840" lon="6.2378430">
    <ele>228.9</ele>
    <time>2025-09-13T09:59:45Z</time>
   </trkpt>
   <trkpt lat="49.8951680" lon="6.2380770">
    <ele>229.5</ele>
    <time>2025-09-13T09:59:50Z</time>
   </trkpt>
   <trkpt lat="49.8951100" lon="6.2381580">
    <ele>229.7</ele>
    <time>2025-09-13T09:59:51Z</time>
   </trkpt>
   <trkpt lat="49.8950560" lon="6.2382590">
    <ele>229.9</ele>
    <time>2025-09-13T09:59:53Z</time>
   </trkpt>
   <trkpt lat="49.8950370" lon="6.2383050">
    <ele>230.0</ele>
    <time>2025-09-13T09:59:54Z</time>
   </trkpt>
   <trkpt lat="49.8949690" lon="6.2384520">
    <ele>230.1</ele>
    <time>2025-09-13T09:59:59Z</time>
   </trkpt>
   <trkpt lat="49.8949250" lon="6.2385160">
    <ele>230.2</ele>
    <time>2025-09-13T10:00:00Z</time>
   </trkpt>
   <trkpt lat="49.8948560" lon="6.2386300">
    <ele>230.2</ele>
    <time>2025-09-13T10:00:02Z</time>
   </trkpt>
   <trkpt lat="49.8947920" lon="6.2387490">
    <ele>230.1</ele>
    <time>2025-09-13T10:00:05Z</time>
   </trkpt>
   <trkpt lat="49.8947710" lon="6.2387790">
    <ele>230.0</ele>
    <time>2025-09-13T10:00:07Z</time>
   </trkpt>
   <trkpt lat="49.8947210" lon="6.2388990">
    <ele>229.9</ele>
    <time>2025-09-13T10:01:18Z</time>
   </trkpt>
   <trkpt lat="49.8947030" lon="6.2389440">
    <ele>229.8</ele>
    <time>2025-09-13T10:01:19Z</time>
   </trkpt>
   <trkpt lat="49.8945800" lon="6.2392740">
    <ele>229.2</ele>
    <time>2025-09-13T10:01:25Z</time>
   </trkpt>
   <trkpt lat="49.8945510" lon="6.2393370">
    <ele>229.1</ele>
    <time>2025-09-13T10:01:26Z</time>
   </trkpt>
   <trkpt lat="49.8944460" lon="6.2395710">
    <ele>228.7</ele>
    <time>2025-09-13T10:01:30Z</time>
   </trkpt>
   <trkpt lat="49.8942710" lon="6.2399270">
    <ele>228.1</ele>
    <time>2025-09-13T10:01:36Z</time>
   </trkpt>
   <trkpt lat="49.8942400" lon="6.2399850">
    <ele>228.0</ele>
    <time>2025-09-13T10:01:37Z</time>
   </trkpt>
   <trkpt lat="49.8940800" lon="6.2402150">
    <ele>227.5</ele>
    <time>2025-09-13T10:01:41Z</time>
   </trkpt>
   <trkpt lat="49.8940270" lon="6.2402750">
    <ele>227.3</ele>
    <time>2025-09-13T10:01:42Z</time>
   </trkpt>
   <trkpt lat="49.8939340" lon="6.2404090">
    <ele>227.1</ele>
    <time>2025-09-13T10:01:44Z</time>
   </trkpt>
   <trkpt lat="49.8937750" lon="6.2405900">
    <ele>226.7</ele>
    <time>2025-09-13T10:01:47Z</time>
   </trkpt>
   <trkpt lat="49.8935650" lon="6.2407800">
    <ele>226.2</ele>
    <time>2025-09-13T10:01:51Z</time>
   </trkpt>
   <trkpt lat="49.8935240" lon="6.2408170">
    <ele>226.2</ele>
    <time>2025-09-13T10:01:52Z</time>
   </trkpt>
   <trkpt lat="49.8933650" lon="6.2409990">
    <ele>226.0</ele>
    <time>2025-09-13T10:01:55Z</time>
   </trkpt>
   <trkpt lat="49.8932700" lon="6.2411330">
    <ele>225.9</ele>
    <time>2025-09-13T10:01:57Z</time>
   </trkpt>
   <trkpt lat="49.8931860" lon="6.2412760">
    <ele>226.0</ele>
    <time>2025-09-13T10:01:59Z</time>
   </trkpt>
   <trkpt lat="49.8931260" lon="6.2414000">
    <ele>226.0</ele>
    <time>2025-09-13T10:02:01Z</time>
   </trkpt>
   <trkpt lat="49.8930760" lon="6.2415300">
    <ele>226.1</ele>
    <time>2025-09-13T10:02:03Z</time>
   </trkpt>
   <trkpt lat="49.8930540" lon="6.2415970">
    <ele>226.1</ele>
    <time>2025-09-13T10:02:04Z</time>
   </trkpt>
   <trkpt lat="49.8929630" lon="6.2418140">
    <ele>226.2</ele>
    <time>2025-09-13T10:02:07Z</time>
   </trkpt>
   <trkpt lat="49.8927060" lon="6.2423020">
    <ele>226.6</ele>
    <time>2025-09-13T10:02:13Z</time>
   </trkpt>
   <trkpt lat="49.8924990" lon="6.2427340">
    <ele>227.1</ele>
    <time>2025-09-13T10:02:19Z</time>
   </trkpt>
   <trkpt lat="49.8924380" lon="6.2428660">
    <ele>227.2</ele>
    <time>2025-09-13T10:02:21Z</time>
   </trkpt>
   <trkpt lat="49.8922870" lon="6.2431590">
    <ele>227.5</ele>
    <time>2025-09-13T10:02:25Z</time>
   </trkpt>
   <trkpt lat="49.8920120" lon="6.2437290">
    <ele>228.1</ele>
    <time>2025-09-13T10:02:33Z</time>
   </trkpt>
   <trkpt lat="49.8918730" lon="6.2440510">
    <ele>228.5</ele>
    <time>2025-09-13T10:02:38Z</time>
   </trkpt>
   <trkpt lat="49.8918480" lon="6.2441080">
    <ele>228.6</ele>
    <time>2025-09-13T10:02:39Z</time>
   </trkpt>
   <trkpt lat="49.8917690" lon="6.2442930">
    <ele>228.9</ele>
    <time>2025-09-13T10:02:42Z</time>
   </trkpt>
   <trkpt lat="49.8916040" lon="6.2446120">
    <ele>229.4</ele>
    <time>2025-09-13T10:02:47Z</time>
   </trkpt>
   <trkpt lat="49.8914130" lon="6.2450120">
    <ele>229.9</ele>
    <time>2025-09-13T10:02:53Z</time>
   </trkpt>
   <trkpt lat="49.8911850" lon="6.2455050">
    <ele>230.3</ele>
    <time>2025-09-13T10:03:00Z</time>
   </trkpt>
   <trkpt lat="49.8909390" lon="6.2460580">
    <ele>230.3</ele>
    <time>2025-09-13T10:03:08Z</time>
   </trkpt>
   <trkpt lat="49.8906630" lon="6.2466290">
    <ele>230.4</ele>
    <time>2025-09-13T10:03:16Z</time>
   </trkpt>
   <trkpt lat="49.8903790" lon="6.2472300">
    <ele>230.3</ele>
    <time>2025-09-13T10:03:24Z</time>
   </trkpt>
   <trkpt lat="49.8900370" lon="6.2478670">
    <ele>230.0</ele>
    <time>2025-09-13T10:03:33Z</time>
   </trkpt>
   <trkpt lat="49.8896840" lon="6.2484160">
    <ele>229.3</ele>
    <time>2025-09-13T10:03:41Z</time>
   </trkpt>
   <trkpt lat="49.8894190" lon="6.2488730">
    <ele>228.7</ele>
    <time>2025-09-13T10:03:47Z</time>
   </trkpt>
   <trkpt lat="49.8890980" lon="6.2494650">
    <ele>228.1</ele>
    <time>2025-09-13T10:03:54Z</time>
   </trkpt>
   <trkpt lat="49.8887970" lon="6.2500590">
    <ele>227.7</ele>
    <time>2025-09-13T10:04:01Z</time>
   </trkpt>
   <trkpt lat="49.8885080" lon="6.2505280">
    <ele>227.9</ele>
    <time>2025-09-13T10:04:07Z</time>
   </trkpt>
   <trkpt lat="49.8882140" lon="6.2508830">
    <ele>228.9</ele>
    <time>2025-09-13T10:04:13Z</time>
   </trkpt>
   <trkpt lat="49.8879450" lon="6.2511860">
    <ele>229.9</ele>
    <time>2025-09-13T10:04:19Z</time>
   </trkpt>
   <trkpt lat="49.8876460" lon="6.2515180">
    <ele>231.0</ele>
    <time>2025-09-13T10:04:26Z</time>
   </trkpt>
   <trkpt lat="49.8873310" lon="6.2518590">
    <ele>231.9</ele>
    <time>2025-09-13T10:04:34Z</time>
   </trkpt>
   <trkpt lat="49.8871020" lon="6.2521310">
    <ele>232.0</ele>
    <time>2025-09-13T10:04:40Z</time>
   </trkpt>
   <trkpt lat="49.8866760" lon="6.2525950">
    <ele>231.3</ele>
    <time>2025-09-13T10:04:49Z</time>
   </trkpt>
   <trkpt lat="49.8865300" lon="6.2527600">
    <ele>231.1</ele>
    <time>2025-09-13T10:04:52Z</time>
   </trkpt>
   <trkpt lat="49.8864360" lon="6.2528630">
    <ele>231.0</ele>
    <time>2025-09-13T10:04:54Z</time>
   </trkpt>
   <trkpt lat="49.8861640" lon="6.2531610">
    <ele>230.6</ele>
    <time>2025-09-13T10:05:00Z</time>
   </trkpt>
   <trkpt lat="49.8857060" lon="6.2536690">
    <ele>230.5</ele>
    <time>2025-09-13T10:05:09Z</time>
   </trkpt>
   <trkpt lat="49.8856570" lon="6.2537240">
    <ele>230.5</ele>
    <time>2025-09-13T10:05:10Z</time>
   </trkpt>
   <trkpt lat="49.8852670" lon="6.2540800">
    <ele>231.2</ele>
    <time>2025-09-13T10:05:18Z</time>
   </trkpt>
   <trkpt lat="49.8849740" lon="6.2542790">
    <ele>232.1</ele>
    <time>2025-09-13T10:05:24Z</time>
   </trkpt>
   <trkpt lat="49.8849290" lon="6.2543070">
    <ele>232.3</ele>
    <time>2025-09-13T10:05:25Z</time>
   </trkpt>
   <trkpt lat="49.8848400" lon="6.2543660">
    <ele>232.6</ele>
    <time>2025-09-13T10:05:27Z</time>
   </trkpt>
   <trkpt lat="49.8847050" lon="6.2544470">
    <ele>233.1</ele>
    <time>2025-09-13T10:05:30Z</time>
   </trkpt>
   <trkpt lat="49.8846610" lon="6.2544660">
    <ele>233.3</ele>
    <time>2025-09-13T10:05:31Z</time>
   </trkpt>
   <trkpt lat="49.8843260" lon="6.2546060">
    <ele>234.7</ele>
    <time>2025-09-13T10:05:39Z</time>
   </trkpt>
   <trkpt lat="49.8840540" lon="6.2547100">
    <ele>235.6</ele>
    <time>2025-09-13T10:05:46Z</time>
   </trkpt>
   <trkpt lat="49.8837230" lon="6.2548690">
    <ele>236.5</ele>
    <time>2025-09-13T10:05:55Z</time>
   </trkpt>
   <trkpt lat="49.8833740" lon="6.2550590">
    <ele>236.9</ele>
    <time>2025-09-13T10:06:04Z</time>
   </trkpt>
   <trkpt lat="49.8831000" lon="6.2552560">
    <ele>236.7</ele>
    <time>2025-09-13T10:06:11Z</time>
   </trkpt>
   <trkpt lat="49.8829510" lon="6.2553850">
    <ele>236.3</ele>
    <time>2025-09-13T10:06:15Z</time>
   </trkpt>
   <trkpt lat="49.8826690" lon="6.2556970">
    <ele>235.5</ele>
    <time>2025-09-13T10:06:22Z</time>
   </trkpt>
   <trkpt lat="49.8825920" lon="6.2558100">
    <ele>235.3</ele>
    <time>2025-09-13T10:06:24Z</time>
   </trkpt>
   <trkpt lat="49.8824610" lon="6.2559530">
    <ele>234.9</ele>
    <time>2025-09-13T10:06:27Z</time>
   </trkpt>
   <trkpt lat="49.8820980" lon="6.2563830">
    <ele>234.1</ele>
    <time>2025-09-13T10:06:35Z</time>
   </trkpt>
   <trkpt lat="49.8820160" lon="6.2564780">
    <ele>234.0</ele>
    <time>2025-09-13T10:06:37Z</time>
   </trkpt>
   <trkpt lat="49.8818940" lon="6.2566360">
    <ele>233.9</ele>
    <time>2025-09-13T10:06:40Z</time>
   </trkpt>
   <trkpt lat="49.8817290" lon="6.2568720">
    <ele>233.5</ele>
    <time>2025-09-13T10:06:44Z</time>
   </trkpt>
   <trkpt lat="49.8816680" lon="6.2569680">
    <ele>233.4</ele>
    <time>2025-09-13T10:06:46Z</time>
   </trkpt>
   <trkpt lat="49.8815040" lon="6.2571580">
    <ele>233.0</ele>
    <time>2025-09-13T10:06:50Z</time>
   </trkpt>
   <trkpt lat="49.8814110" lon="6.2572560">
    <ele>232.8</ele>
    <time>2025-09-13T10:06:52Z</time>
   </trkpt>
   <trkpt lat="49.8811400" lon="6.2575880">
    <ele>231.8</ele>
    <time>2025-09-13T10:06:58Z</time>
   </trkpt>
   <trkpt lat="49.8808630" lon="6.2579820">
    <ele>230.4</ele>
    <time>2025-09-13T10:07:04Z</time>
   </trkpt>
   <trkpt lat="49.8805540" lon="6.2585040">
    <ele>228.2</ele>
    <time>2025-09-13T10:07:10Z</time>
   </trkpt>
   <trkpt lat="49.8802500" lon="6.2590930">
    <ele>225.8</ele>
    <time>2025-09-13T10:07:16Z</time>
   </trkpt>
   <trkpt lat="49.8799840" lon="6.2598300">
    <ele>223.2</ele>
    <time>2025-09-13T10:07:22Z</time>
   </trkpt>
   <trkpt lat="49.8799370" lon="6.2599600">
    <ele>222.9</ele>
    <time>2025-09-13T10:07:23Z</time>
   </trkpt>
   <trkpt lat="49.8796690" lon="6.2607090">
    <ele>221.8</ele>
    <time>2025-09-13T10:07:29Z</time>
   </trkpt>
   <trkpt lat="49.8794430" lon="6.2614050">
    <ele>221.3</ele>
    <time>2025-09-13T10:07:35Z</time>
   </trkpt>
   <trkpt lat="49.8793130" lon="6.2621010">
    <ele>221.0</ele>
    <time>2025-09-13T10:07:41Z</time>
   </trkpt>
   <trkpt lat="49.8791360" lon="6.2630140">
    <ele>220.9</ele>
    <time>2025-09-13T10:07:49Z</time>
   </trkpt>
   <trkpt lat="49.8791150" lon="6.2631300">
    <ele>220.9</ele>
    <time>2025-09-13T10:07:50Z</time>
   </trkpt>
   <trkpt lat="49.8789350" lon="6.2640110">
    <ele>220.9</ele>
    <time>2025-09-13T10:07:58Z</time>
   </trkpt>
   <trkpt lat="49.8788540" lon="6.2643890">
    <ele>220.9</ele>
    <time>2025-09-13T10:08:02Z</time>
   </trkpt>
   <trkpt lat="49.8788390" lon="6.2644840">
    <ele>220.8</ele>
    <time>2025-09-13T10:08:03Z</time>
   </trkpt>
   <trkpt lat="49.8787820" lon="6.2647800">
    <ele>220.0</ele>
    <time>2025-09-13T10:08:06Z</time>
   </trkpt>
   <trkpt lat="49.8787420" lon="6.2649940">
    <ele>219.4</ele>
    <time>2025-09-13T10:08:08Z</time>
   </trkpt>
   <trkpt lat="49.8786770" lon="6.2653520">
    <ele>218.3</ele>
    <time>2025-09-13T10:08:11Z</time>
   </trkpt>
   <trkpt lat="49.8785080" lon="6.2662360">
    <ele>215.6</ele>
    <time>2025-09-13T10:08:18Z</time>
   </trkpt>
   <trkpt lat="49.8784890" lon="6.2663310">
    <ele>215.1</ele>
    <time>2025-09-13T10:08:19Z</time>
   </trkpt>
   <trkpt lat="49.8784780" lon="6.2664140">
    <ele>214.5</ele>
    <time>2025-09-13T10:08:20Z</time>
   </trkpt>
   <trkpt lat="49.8785000" lon="6.2665410">
    <ele>213.3</ele>
    <time>2025-09-13T10:08:22Z</time>
   </trkpt>
   <trkpt lat="49.8786480" lon="6.2667240">
    <ele>209.5</ele>
    <time>2025-09-13T10:08:25Z</time>
   </trkpt>
   <trkpt lat="49.8787810" lon="6.2669070">
    <ele>206.4</ele>
    <time>2025-09-13T10:08:28Z</time>
   </trkpt>
   <trkpt lat="49.8787880" lon="6.2669910">
    <ele>205.7</ele>
    <time>2025-09-13T10:08:29Z</time>
   </trkpt>
   <trkpt lat="49.8787270" lon="6.2671880">
    <ele>204.4</ele>
    <time>2025-09-13T10:08:31Z</time>
   </trkpt>
   <trkpt lat="49.8786860" lon="6.2672900">
    <ele>203.8</ele>
    <time>2025-09-13T10:08:32Z</time>
   </trkpt>
   <trkpt lat="49.8784770" lon="6.2678170">
    <ele>201.2</ele>
    <time>2025-09-13T10:08:37Z</time>
   </trkpt>
   <trkpt lat="49.8783480" lon="6.2682700">
    <ele>200.5</ele>
    <time>2025-09-13T10:08:41Z</time>
   </trkpt>
   <trkpt lat="49.8782980" lon="6.2683580">
    <ele>200.6</ele>
    <time>2025-09-13T10:08:42Z</time>
   </trkpt>
   <trkpt lat="49.8782530" lon="6.2684300">
    <ele>200.8</ele>
    <time>2025-09-13T10:08:43Z</time>
   </trkpt>
   <trkpt lat="49.8781690" lon="6.2685510">
    <ele>201.1</ele>
    <time>2025-09-13T10:08:45Z</time>
   </trkpt>
   <trkpt lat="49.8781330" lon="6.2686090">
    <ele>201.2</ele>
    <time>2025-09-13T10:08:46Z</time>
   </trkpt>
   <trkpt lat="49.8780230" lon="6.2687750">
    <ele>201.4</ele>
    <time>2025-09-13T10:08:49Z</time>
   </trkpt>
   <trkpt lat="49.8777290" lon="6.2691550">
    <ele>201.4</ele>
    <time>2025-09-13T10:08:55Z</time>
   </trkpt>
   <trkpt lat="49.8776230" lon="6.2692760">
    <ele>201.4</ele>
    <time>2025-09-13T10:08:57Z</time>
   </trkpt>
   <trkpt lat="49.8774410" lon="6.2694290">
    <ele>201.2</ele>
    <time>2025-09-13T10:09:00Z</time>
   </trkpt>
   <trkpt lat="49.8772480" lon="6.2696380">
    <ele>200.1</ele>
    <time>2025-09-13T10:09:03Z</time>
   </trkpt>
   <trkpt lat="49.8771630" lon="6.2698550">
    <ele>199.5</ele>
    <time>2025-09-13T10:09:05Z</time>
   </trkpt>
   <trkpt lat="49.8769620" lon="6.2704890">
    <ele>200.8</ele>
    <time>2025-09-13T10:09:11Z</time>
   </trkpt>
   <trkpt lat="49.8768760" lon="6.2706900">
    <ele>201.8</ele>
    <time>2025-09-13T10:09:14Z</time>
   </trkpt>
   <trkpt lat="49.8768120" lon="6.2707810">
    <ele>202.2</ele>
    <time>2025-09-13T10:09:16Z</time>
   </trkpt>
   <trkpt lat="49.8767360" lon="6.2708540">
    <ele>202.6</ele>
    <time>2025-09-13T10:09:18Z</time>
   </trkpt>
   <trkpt lat="49.8766000" lon="6.2710850">
    <ele>203.5</ele>
    <time>2025-09-13T10:09:22Z</time>
   </trkpt>
   <trkpt lat="49.8764950" lon="6.2713880">
    <ele>205.3</ele>
    <time>2025-09-13T10:09:27Z</time>
   </trkpt>
   <trkpt lat="49.8764770" lon="6.2714460">
    <ele>205.6</ele>
    <time>2025-09-13T10:09:28Z</time>
   </trkpt>
   <trkpt lat="49.8764300" lon="6.2715540">
    <ele>206.3</ele>
    <time>2025-09-13T10:09:30Z</time>
   </trkpt>
   <trkpt lat="49.8763540" lon="6.2717620">
    <ele>207.3</ele>
    <time>2025-09-13T10:09:34Z</time>
   </trkpt>
   <trkpt lat="49.8762850" lon="6.2720040">
    <ele>208.2</ele>
    <time>2025-09-13T10:09:39Z</time>
   </trkpt>
   <trkpt lat="49.8762870" lon="6.2722230">
    <ele>208.5</ele>
    <time>2025-09-13T10:09:42Z</time>
   </trkpt>
   <trkpt lat="49.8762770" lon="6.2722740">
    <ele>208.5</ele>
    <time>2025-09-13T10:09:43Z</time>
   </trkpt>
   <trkpt lat="49.8762180" lon="6.2725220">
    <ele>208.2</ele>
    <time>2025-09-13T10:09:47Z</time>
   </trkpt>
   <trkpt lat="49.8761260" lon="6.2728510">
    <ele>207.3</ele>
    <time>2025-09-13T10:09:51Z</time>
   </trkpt>
   <trkpt lat="49.8761080" lon="6.2729440">
    <ele>207.1</ele>
    <time>2025-09-13T10:09:52Z</time>
   </trkpt>
   <trkpt lat="49.8760400" lon="6.2734140">
    <ele>207.0</ele>
    <time>2025-09-13T10:09:57Z</time>
   </trkpt>
   <trkpt lat="49.8760080" lon="6.2735850">
    <ele>207.3</ele>
    <time>2025-09-13T10:09:59Z</time>
   </trkpt>
   <trkpt lat="49.8759890" lon="6.2736570">
    <ele>207.5</ele>
    <time>2025-09-13T10:10:00Z</time>
   </trkpt>
   <trkpt lat="49.8759610" lon="6.2737200">
    <ele>207.7</ele>
    <time>2025-09-13T10:10:01Z</time>
   </trkpt>
   <trkpt lat="49.8758960" lon="6.2739300">
    <ele>208.7</ele>
    <time>2025-09-13T10:10:04Z</time>
   </trkpt>
   <trkpt lat="49.8758550" lon="6.2740900">
    <ele>209.5</ele>
    <time>2025-09-13T10:10:07Z</time>
   </trkpt>
   <trkpt lat="49.8758140" lon="6.2743040">
    <ele>210.9</ele>
    <time>2025-09-13T10:10:11Z</time>
   </trkpt>
   <trkpt lat="49.8757960" lon="6.2743580">
    <ele>211.3</ele>
    <time>2025-09-13T10:10:12Z</time>
   </trkpt>
   <trkpt lat="49.8757640" lon="6.2744850">
    <ele>212.2</ele>
    <time>2025-09-13T10:10:15Z</time>
   </trkpt>
   <trkpt lat="49.8757210" lon="6.2747390">
    <ele>213.8</ele>
    <time>2025-09-13T10:10:20Z</time>
   </trkpt>
   <trkpt lat="49.8757220" lon="6.2750210">
    <ele>215.0</ele>
    <time>2025-09-13T10:10:25Z</time>
   </trkpt>
   <trkpt lat="49.8756920" lon="6.2753240">
    <ele>215.7</ele>
    <time>2025-09-13T10:10:31Z</time>
   </trkpt>
   <trkpt lat="49.8756650" lon="6.2756070">
    <ele>215.8</ele>
    <time>2025-09-13T10:10:37Z</time>
   </trkpt>
   <trkpt lat="49.8756330" lon="6.2759730">
    <ele>215.3</ele>
    <time>2025-09-13T10:10:44Z</time>
   </trkpt>
   <trkpt lat="49.8756330" lon="6.2762830">
    <ele>215.0</ele>
    <time>2025-09-13T10:10:49Z</time>
   </trkpt>
   <trkpt lat="49.8756310" lon="6.2763490">
    <ele>215.0</ele>
    <time>2025-09-13T10:10:50Z</time>
   </trkpt>
   <trkpt lat="49.8756250" lon="6.2766160">
    <ele>215.1</ele>
    <time>2025-09-13T10:10:55Z</time>
   </trkpt>
   <trkpt lat="49.8756250" lon="6.2768540">
    <ele>215.2</ele>
    <time>2025-09-13T10:11:00Z</time>
   </trkpt>
   <trkpt lat="49.8756290" lon="6.2770470">
    <ele>215.0</ele>
    <time>2025-09-13T10:11:04Z</time>
   </trkpt>
   <trkpt lat="49.8756410" lon="6.2771210">
    <ele>214.8</ele>
    <time>2025-09-13T10:11:05Z</time>
   </trkpt>
   <trkpt lat="49.8756880" lon="6.2772990">
    <ele>213.9</ele>
    <time>2025-09-13T10:11:07Z</time>
   </trkpt>
   <trkpt lat="49.8758000" lon="6.2777990">
    <ele>210.0</ele>
    <time>2025-09-13T10:11:11Z</time>
   </trkpt>
   <trkpt lat="49.8759080" lon="6.2783010">
    <ele>206.4</ele>
    <time>2025-09-13T10:11:15Z</time>
   </trkpt>
   <trkpt lat="49.8761340" lon="6.2790370">
    <ele>200.4</ele>
    <time>2025-09-13T10:11:21Z</time>
   </trkpt>
   <trkpt lat="49.8762990" lon="6.2797290">
    <ele>194.1</ele>
    <time>2025-09-13T10:11:26Z</time>
   </trkpt>
   <trkpt lat="49.8765010" lon="6.2806590">
    <ele>186.9</ele>
    <time>2025-09-13T10:11:32Z</time>
   </trkpt>
   <trkpt lat="49.8765280" lon="6.2808050">
    <ele>186.0</ele>
    <time>2025-09-13T10:11:33Z</time>
   </trkpt>
   <trkpt lat="49.8765980" lon="6.2813330">
    <ele>183.7</ele>
    <time>2025-09-13T10:11:37Z</time>
   </trkpt>
   <trkpt lat="49.8767140" lon="6.2816600">
    <ele>182.8</ele>
    <time>2025-09-13T10:11:40Z</time>
   </trkpt>
   <trkpt lat="49.8767480" lon="6.2817520">
    <ele>182.6</ele>
    <time>2025-09-13T10:11:41Z</time>
   </trkpt>
   <trkpt lat="49.8767640" lon="6.2819320">
    <ele>182.4</ele>
    <time>2025-09-13T10:11:43Z</time>
   </trkpt>
   <trkpt lat="49.8767130" lon="6.2820870">
    <ele>182.1</ele>
    <time>2025-09-13T10:11:45Z</time>
   </trkpt>
   <trkpt lat="49.8766770" lon="6.2821470">
    <ele>181.9</ele>
    <time>2025-09-13T10:11:46Z</time>
   </trkpt>
   <trkpt lat="49.8764370" lon="6.2825310">
    <ele>181.6</ele>
    <time>2025-09-13T10:11:52Z</time>
   </trkpt>
   <trkpt lat="49.8763090" lon="6.2827370">
    <ele>182.1</ele>
    <time>2025-09-13T10:11:56Z</time>
   </trkpt>
   <trkpt lat="49.8762320" lon="6.2828960">
    <ele>182.7</ele>
    <time>2025-09-13T10:12:00Z</time>
   </trkpt>
   <trkpt lat="49.8762140" lon="6.2829150">
    <ele>182.8</ele>
    <time>2025-09-13T10:12:02Z</time>
   </trkpt>
   <trkpt lat="49.8761120" lon="6.2829590">
    <ele>183.4</ele>
    <time>2025-09-13T10:14:20Z</time>
   </trkpt>
   <trkpt lat="49.8760860" lon="6.2829480">
    <ele>183.4</ele>
    <time>2025-09-13T10:14:21Z</time>
   </trkpt>
   <trkpt lat="49.8758830" lon="6.2828600">
    <ele>183.7</ele>
    <time>2025-09-13T10:14:28Z</time>
   </trkpt>
   <trkpt lat="49.8755670" lon="6.2827750">
    <ele>184.9</ele>
    <time>2025-09-13T10:14:37Z</time>
   </trkpt>
   <trkpt lat="49.8753180" lon="6.2827660">
    <ele>186.3</ele>
    <time>2025-09-13T10:14:45Z</time>
   </trkpt>
   <trkpt lat="49.8750880" lon="6.2828470">
    <ele>187.6</ele>
    <time>2025-09-13T10:14:52Z</time>
   </trkpt>
   <trkpt lat="49.8748500" lon="6.2829640">
    <ele>188.8</ele>
    <time>2025-09-13T10:15:00Z</time>
   </trkpt>
   <trkpt lat="49.8746460" lon="6.2830330">
    <ele>189.6</ele>
    <time>2025-09-13T10:15:06Z</time>
   </trkpt>
   <trkpt lat="49.8743420" lon="6.2830660">
    <ele>190.3</ele>
    <time>2025-09-13T10:15:14Z</time>
   </trkpt>
   <trkpt lat="49.8740820" lon="6.2830660">
    <ele>190.7</ele>
    <time>2025-09-13T10:15:21Z</time>
   </trkpt>
   <trkpt lat="49.8737920" lon="6.2830820">
    <ele>191.2</ele>
    <time>2025-09-13T10:15:28Z</time>
   </trkpt>
   <trkpt lat="49.8735240" lon="6.2829950">
    <ele>191.4</ele>
    <time>2025-09-13T10:15:34Z</time>
   </trkpt>
   <trkpt lat="49.8731530" lon="6.2828090">
    <ele>191.8</ele>
    <time>2025-09-13T10:15:43Z</time>
   </trkpt>
   <trkpt lat="49.8728420" lon="6.2825900">
    <ele>192.2</ele>
    <time>2025-09-13T10:15:51Z</time>
   </trkpt>
   <trkpt lat="49.8724900" lon="6.2822810">
    <ele>193.7</ele>
    <time>2025-09-13T10:16:01Z</time>
   </trkpt>
   <trkpt lat="49.8722520" lon="6.2820660">
    <ele>195.0</ele>
    <time>2025-09-13T10:16:09Z</time>
   </trkpt>
   <trkpt lat="49.8720470" lon="6.2818270">
    <ele>196.3</ele>
    <time>2025-09-13T10:16:17Z</time>
   </trkpt>
   <trkpt lat="49.8719370" lon="6.2815780">
    <ele>196.7</ele>
    <time>2025-09-13T10:16:23Z</time>
   </trkpt>
   <trkpt lat="49.8718430" lon="6.2813030">
    <ele>197.0</ele>
    <time>2025-09-13T10:16:28Z</time>
   </trkpt>
   <trkpt lat="49.8717930" lon="6.2811350">
    <ele>197.1</ele>
    <time>2025-09-13T10:16:31Z</time>
   </trkpt>
   <trkpt lat="49.8717450" lon="6.2810160">
    <ele>197.1</ele>
    <time>2025-09-13T10:16:33Z</time>
   </trkpt>
   <trkpt lat="49.8715540" lon="6.2804450">
    <ele>197.4</ele>
    <time>2025-09-13T10:16:42Z</time>
   </trkpt>
   <trkpt lat="49.8714030" lon="6.2799950">
    <ele>197.8</ele>
    <time>2025-09-13T10:16:49Z</time>
   </trkpt>
   <trkpt lat="49.8713000" lon="6.2796850">
    <ele>198.2</ele>
    <time>2025-09-13T10:16:54Z</time>
   </trkpt>
   <trkpt lat="49.8712010" lon="6.2793100">
    <ele>198.7</ele>
    <time>2025-09-13T10:16:59Z</time>
   </trkpt>
   <trkpt lat="49.8711920" lon="6.2792360">
    <ele>198.8</ele>
    <time>2025-09-13T10:17:00Z</time>
   </trkpt>
   <trkpt lat="49.8711440" lon="6.2787020">
    <ele>199.4</ele>
    <time>2025-09-13T10:17:07Z</time>
   </trkpt>
   <trkpt lat="49.8711360" lon="6.2785560">
    <ele>199.6</ele>
    <time>2025-09-13T10:17:09Z</time>
   </trkpt>
   <trkpt lat="49.8711310" lon="6.2784020">
    <ele>199.8</ele>
    <time>2025-09-13T10:17:11Z</time>
   </trkpt>
   <trkpt lat="49.8711290" lon="6.2783310">
    <ele>199.8</ele>
    <time>2025-09-13T10:17:12Z</time>
   </trkpt>
   <trkpt lat="49.8711240" lon="6.2782620">
    <ele>199.8</ele>
    <time>2025-09-13T10:17:13Z</time>
   </trkpt>
   <trkpt lat="49.8710990" lon="6.2781130">
    <ele>199.8</ele>
    <time>2025-09-13T10:17:15Z</time>
   </trkpt>
   <trkpt lat="49.8710860" lon="6.2780390">
    <ele>199.8</ele>
    <time>2025-09-13T10:17:16Z</time>
   </trkpt>
   <trkpt lat="49.8710760" lon="6.2779670">
    <ele>199.8</ele>
    <time>2025-09-13T10:17:17Z</time>
   </trkpt>
   <trkpt lat="49.8710770" lon="6.2778150">
    <ele>199.7</ele>
    <time>2025-09-13T10:17:19Z</time>
   </trkpt>
   <trkpt lat="49.8711020" lon="6.2776740">
    <ele>199.7</ele>
    <time>2025-09-13T10:17:21Z</time>
   </trkpt>
   <trkpt lat="49.8711930" lon="6.2774370">
    <ele>199.8</ele>
    <time>2025-09-13T10:17:25Z</time>
   </trkpt>
   <trkpt lat="49.8712630" lon="6.2772080">
    <ele>199.8</ele>
    <time>2025-09-13T10:17:29Z</time>
   </trkpt>
   <trkpt lat="49.8713090" lon="6.2770300">
    <ele>199.6</ele>
    <time>2025-09-13T10:17:32Z</time>
   </trkpt>
   <trkpt lat="49.8713290" lon="6.2769600">
    <ele>199.5</ele>
    <time>2025-09-13T10:17:33Z</time>
   </trkpt>
   <trkpt lat="49.8713760" lon="6.2768230">
    <ele>199.1</ele>
    <time>2025-09-13T10:17:35Z</time>
   </trkpt>
   <trkpt lat="49.8714290" lon="6.2766700">
    <ele>198.7</ele>
    <time>2025-09-13T10:17:37Z</time>
   </trkpt>
   <trkpt lat="49.8715550" lon="6.2761590">
    <ele>197.5</ele>
    <time>2025-09-13T10:17:43Z</time>
   </trkpt>
   <trkpt lat="49.8715880" lon="6.2759770">
    <ele>197.2</ele>
    <time>2025-09-13T10:17:45Z</time>
   </trkpt>
   <trkpt lat="49.8716450" lon="6.2758020">
    <ele>196.8</ele>
    <time>2025-09-13T10:17:47Z</time>
   </trkpt>
   <trkpt lat="49.8717530" lon="6.2755480">
    <ele>196.2</ele>
    <time>2025-09-13T10:17:50Z</time>
   </trkpt>
   <trkpt lat="49.8718480" lon="6.2753910">
    <ele>195.9</ele>
    <time>2025-09-13T10:17:52Z</time>
   </trkpt>
   <trkpt lat="49.8719870" lon="6.2751570">
    <ele>195.6</ele>
    <time>2025-09-13T10:17:55Z</time>
   </trkpt>
   <trkpt lat="49.8720560" lon="6.2749950">
    <ele>195.4</ele>
    <time>2025-09-13T10:17:57Z</time>
   </trkpt>
   <trkpt lat="49.8720790" lon="6.2749090">
    <ele>195.4</ele>
    <time>2025-09-13T10:17:58Z</time>
   </trkpt>
   <trkpt lat="49.8721320" lon="6.2746500">
    <ele>195.2</ele>
    <time>2025-09-13T10:18:01Z</time>
   </trkpt>
   <trkpt lat="49.8721600" lon="6.2744050">
    <ele>195.2</ele>
    <time>2025-09-13T10:18:04Z</time>
   </trkpt>
   <trkpt lat="49.8721620" lon="6.2743190">
    <ele>195.2</ele>
    <time>2025-09-13T10:18:05Z</time>
   </trkpt>
   <trkpt lat="49.8721860" lon="6.2740650">
    <ele>195.2</ele>
    <time>2025-09-13T10:18:08Z</time>
   </trkpt>
   <trkpt lat="49.8722070" lon="6.2739110">
    <ele>195.1</ele>
    <time>2025-09-13T10:18:10Z</time>
   </trkpt>
   <trkpt lat="49.8722200" lon="6.2738400">
    <ele>195.1</ele>
    <time>2025-09-13T10:18:11Z</time>
   </trkpt>
   <trkpt lat="49.8722820" lon="6.2735910">
    <ele>194.8</ele>
    <time>2025-09-13T10:18:14Z</time>
   </trkpt>
   <trkpt lat="49.8723010" lon="6.2735140">
    <ele>194.7</ele>
    <time>2025-09-13T10:18:15Z</time>
   </trkpt>
   <trkpt lat="49.8723490" lon="6.2732920">
    <ele>194.5</ele>
    <time>2025-09-13T10:18:18Z</time>
   </trkpt>
   <trkpt lat="49.8723730" lon="6.2731480">
    <ele>194.5</ele>
    <time>2025-09-13T10:18:20Z</time>
   </trkpt>
   <trkpt lat="49.8723930" lon="6.2729980">
    <ele>194.4</ele>
    <time>2025-09-13T10:18:22Z</time>
   </trkpt>
   <trkpt lat="49.8724310" lon="6.2728400">
    <ele>194.3</ele>
    <time>2025-09-13T10:18:24Z</time>
   </trkpt>
   <trkpt lat="49.8724720" lon="6.2727060">
    <ele>194.3</ele>
    <time>2025-09-13T10:18:26Z</time>
   </trkpt>
   <trkpt lat="49.8725880" lon="6.2722420">
    <ele>193.9</ele>
    <time>2025-09-13T10:18:32Z</time>
   </trkpt>
   <trkpt lat="49.8726870" lon="6.2717470">
    <ele>193.4</ele>
    <time>2025-09-13T10:18:38Z</time>
   </trkpt>
   <trkpt lat="49.8727230" lon="6.2715820">
    <ele>193.3</ele>
    <time>2025-09-13T10:18:40Z</time>
   </trkpt>
   <trkpt lat="49.8727490" lon="6.2714130">
    <ele>193.1</ele>
    <time>2025-09-13T10:18:42Z</time>
   </trkpt>
   <trkpt lat="49.8727610" lon="6.2713220">
    <ele>193.0</ele>
    <time>2025-09-13T10:18:43Z</time>
   </trkpt>
   <trkpt lat="49.8727880" lon="6.2708550">
    <ele>192.6</ele>
    <time>2025-09-13T10:18:48Z</time>
   </trkpt>
   <trkpt lat="49.8727800" lon="6.2702940">
    <ele>192.1</ele>
    <time>2025-09-13T10:18:54Z</time>
   </trkpt>
   <trkpt lat="49.8727480" lon="6.2696240">
    <ele>191.5</ele>
    <time>2025-09-13T10:19:01Z</time>
   </trkpt>
   <trkpt lat="49.8726610" lon="6.2689740">
    <ele>191.1</ele>
    <time>2025-09-13T10:19:08Z</time>
   </trkpt>
   <trkpt lat="49.8726440" lon="6.2688880">
    <ele>191.0</ele>
    <time>2025-09-13T10:19:09Z</time>
   </trkpt>
   <trkpt lat="49.8726020" lon="6.2687190">
    <ele>191.0</ele>
    <time>2025-09-13T10:19:11Z</time>
   </trkpt>
   <trkpt lat="49.8725300" lon="6.2683930">
    <ele>190.7</ele>
    <time>2025-09-13T10:19:15Z</time>
   </trkpt>
   <trkpt lat="49.8723670" lon="6.2678870">
    <ele>190.4</ele>
    <time>2025-09-13T10:19:22Z</time>
   </trkpt>
   <trkpt lat="49.8721640" lon="6.2673280">
    <ele>189.7</ele>
    <time>2025-09-13T10:19:30Z</time>
   </trkpt>
   <trkpt lat="49.8720760" lon="6.2671110">
    <ele>189.4</ele>
    <time>2025-09-13T10:19:33Z</time>
   </trkpt>
   <trkpt lat="49.8719620" lon="6.2668930">
    <ele>189.0</ele>
    <time>2025-09-13T10:19:36Z</time>
   </trkpt>
   <trkpt lat="49.8716610" lon="6.2663920">
    <ele>188.2</ele>
    <time>2025-09-13T10:19:43Z</time>
   </trkpt>
   <trkpt lat="49.8713670" lon="6.2659190">
    <ele>187.5</ele>
    <time>2025-09-13T10:19:50Z</time>
   </trkpt>
   <trkpt lat="49.8711200" lon="6.2654910">
    <ele>186.9</ele>
    <time>2025-09-13T10:19:56Z</time>
   </trkpt>
   <trkpt lat="49.8710780" lon="6.2654270">
    <ele>186.9</ele>
    <time>2025-09-13T10:19:57Z</time>
   </trkpt>
   <trkpt lat="49.8708230" lon="6.2650200">
    <ele>186.7</ele>
    <time>2025-09-13T10:20:03Z</time>
   </trkpt>
   <trkpt lat="49.8707830" lon="6.2649520">
    <ele>186.7</ele>
    <time>2025-09-13T10:20:04Z</time>
   </trkpt>
   <trkpt lat="49.8704710" lon="6.2644660">
    <ele>186.6</ele>
    <time>2025-09-13T10:20:11Z</time>
   </trkpt>
   <trkpt lat="49.8701910" lon="6.2640990">
    <ele>186.6</ele>
    <time>2025-09-13T10:20:17Z</time>
   </trkpt>
   <trkpt lat="49.8699080" lon="6.2637980">
    <ele>186.6</ele>
    <time>2025-09-13T10:20:23Z</time>
   </trkpt>
   <trkpt lat="49.8695890" lon="6.2634250">
    <ele>186.7</ele>
    <time>2025-09-13T10:20:30Z</time>
   </trkpt>
   <trkpt lat="49.8695100" lon="6.2633090">
    <ele>186.9</ele>
    <time>2025-09-13T10:20:33Z</time>
   </trkpt>
   <trkpt lat="49.8694780" lon="6.2632310">
    <ele>186.9</ele>
    <time>2025-09-13T10:20:37Z</time>
   </trkpt>
   <trkpt lat="49.8693260" lon="6.2630620">
    <ele>187.2</ele>
    <time>2025-09-13T10:38:57Z</time>
   </trkpt>
   <trkpt lat="49.8692660" lon="6.2629870">
    <ele>187.4</ele>
    <time>2025-09-13T10:39:00Z</time>
   </trkpt>
   <trkpt lat="49.8691340" lon="6.2628030">
    <ele>188.0</ele>
    <time>2025-09-13T10:39:06Z</time>
   </trkpt>
   <trkpt lat="49.8690000" lon="6.2626170">
    <ele>188.8</ele>
    <time>2025-09-13T10:39:12Z</time>
   </trkpt>
   <trkpt lat="49.8689090" lon="6.2625450">
    <ele>189.2</ele>
    <time>2025-09-13T10:39:16Z</time>
   </trkpt>
   <trkpt lat="49.8688830" lon="6.2625480">
    <ele>189.2</ele>
    <time>2025-09-13T10:39:17Z</time>
   </trkpt>
   <trkpt lat="49.8687600" lon="6.2626350">
    <ele>188.9</ele>
    <time>2025-09-13T10:39:21Z</time>
   </trkpt>
   <trkpt lat="49.8684900" lon="6.2628460">
    <ele>188.2</ele>
    <time>2025-09-13T10:39:28Z</time>
   </trkpt>
   <trkpt lat="49.8681160" lon="6.2631590">
    <ele>187.2</ele>
    <time>2025-09-13T10:39:37Z</time>
   </trkpt>
   <trkpt lat="49.8680170" lon="6.2633290">
    <ele>186.9</ele>
    <time>2025-09-13T10:39:40Z</time>
   </trkpt>
   <trkpt lat="49.8679770" lon="6.2633580">
    <ele>186.8</ele>
    <time>2025-09-13T10:39:41Z</time>
   </trkpt>
   <trkpt lat="49.8679330" lon="6.2633510">
    <ele>186.9</ele>
    <time>2025-09-13T10:39:42Z</time>
   </trkpt>
   <trkpt lat="49.8679040" lon="6.2633050">
    <ele>186.9</ele>
    <time>2025-09-13T10:39:43Z</time>
   </trkpt>
   <trkpt lat="49.8678850" lon="6.2632450">
    <ele>186.9</ele>
    <time>2025-09-13T10:39:44Z</time>
   </trkpt>
   <trkpt lat="49.8678100" lon="6.2630190">
    <ele>186.9</ele>
    <time>2025-09-13T10:39:48Z</time>
   </trkpt>
   <trkpt lat="49.8676740" lon="6.2625690">
    <ele>187.0</ele>
    <time>2025-09-13T10:39:55Z</time>
   </trkpt>
   <trkpt lat="49.8676130" lon="6.2623790">
    <ele>186.9</ele>
    <time>2025-09-13T10:39:58Z</time>
   </trkpt>
   <trkpt lat="49.8675260" lon="6.2621160">
    <ele>187.0</ele>
    <time>2025-09-13T10:40:02Z</time>
   </trkpt>
   <trkpt lat="49.8674660" lon="6.2619010">
    <ele>187.0</ele>
    <time>2025-09-13T10:40:05Z</time>
   </trkpt>
   <trkpt lat="49.8674070" lon="6.2616990">
    <ele>187.1</ele>
    <time>2025-09-13T10:40:08Z</time>
   </trkpt>
   <trkpt lat="49.8672380" lon="6.2611980">
    <ele>187.1</ele>
    <time>2025-09-13T10:40:16Z</time>
   </trkpt>
   <trkpt lat="49.8671910" lon="6.2610240">
    <ele>187.2</ele>
    <time>2025-09-13T10:40:19Z</time>
   </trkpt>
   <trkpt lat="49.8671590" lon="6.2608980">
    <ele>187.2</ele>
    <time>2025-09-13T10:40:21Z</time>
   </trkpt>
   <trkpt lat="49.8671390" lon="6.2608340">
    <ele>187.2</ele>
    <time>2025-09-13T10:40:22Z</time>
   </trkpt>
   <trkpt lat="49.8670610" lon="6.2606030">
    <ele>187.3</ele>
    <time>2025-09-13T10:40:26Z</time>
   </trkpt>
   <trkpt lat="49.8670290" lon="6.2604840">
    <ele>187.3</ele>
    <time>2025-09-13T10:40:28Z</time>
   </trkpt>
   <trkpt lat="49.8669050" lon="6.2601020">
    <ele>187.1</ele>
    <time>2025-09-13T10:40:35Z</time>
   </trkpt>
   <trkpt lat="49.8667640" lon="6.2596100">
    <ele>187.1</ele>
    <time>2025-09-13T10:40:43Z</time>
   </trkpt>
   <trkpt lat="49.8667400" lon="6.2595460">
    <ele>187.1</ele>
    <time>2025-09-13T10:40:44Z</time>
   </trkpt>
   <trkpt lat="49.8666460" lon="6.2592940">
    <ele>187.1</ele>
    <time>2025-09-13T10:40:48Z</time>
   </trkpt>
   <trkpt lat="49.8664430" lon="6.2588540">
    <ele>187.0</ele>
    <time>2025-09-13T10:40:55Z</time>
   </trkpt>
   <trkpt lat="49.8661790" lon="6.2583470">
    <ele>186.8</ele>
    <time>2025-09-13T10:41:03Z</time>
   </trkpt>
   <trkpt lat="49.8659260" lon="6.2579240">
    <ele>186.7</ele>
    <time>2025-09-13T10:41:10Z</time>
   </trkpt>
   <trkpt lat="49.8656830" lon="6.2575920">
    <ele>186.9</ele>
    <time>2025-09-13T10:41:16Z</time>
   </trkpt>
   <trkpt lat="49.8654140" lon="6.2572440">
    <ele>187.3</ele>
    <time>2025-09-13T10:41:23Z</time>
   </trkpt>
   <trkpt lat="49.8651330" lon="6.2569220">
    <ele>187.8</ele>
    <time>2025-09-13T10:41:30Z</time>
   </trkpt>
   <trkpt lat="49.8648840" lon="6.2566870">
    <ele>188.4</ele>
    <time>2025-09-13T10:41:36Z</time>
   </trkpt>
   <trkpt lat="49.8646540" lon="6.2564660">
    <ele>188.9</ele>
    <time>2025-09-13T10:41:42Z</time>
   </trkpt>
   <trkpt lat="49.8646130" lon="6.2564210">
    <ele>188.9</ele>
    <time>2025-09-13T10:41:43Z</time>
   </trkpt>
   <trkpt lat="49.8645310" lon="6.2563230">
    <ele>189.0</ele>
    <time>2025-09-13T10:41:45Z</time>
   </trkpt>
   <trkpt lat="49.8644540" lon="6.2562250">
    <ele>189.1</ele>
    <time>2025-09-13T10:41:47Z</time>
   </trkpt>
   <trkpt lat="49.8642500" lon="6.2560050">
    <ele>189.3</ele>
    <time>2025-09-13T10:41:52Z</time>
   </trkpt>
   <trkpt lat="49.8640760" lon="6.2558360">
    <ele>189.4</ele>
    <time>2025-09-13T10:41:56Z</time>
   </trkpt>
   <trkpt lat="49.8639460" lon="6.2557120">
    <ele>189.5</ele>
    <time>2025-09-13T10:41:59Z</time>
   </trkpt>
   <trkpt lat="49.8636830" lon="6.2554480">
    <ele>189.8</ele>
    <time>2025-09-13T10:42:05Z</time>
   </trkpt>
   <trkpt lat="49.8634390" lon="6.2552030">
    <ele>190.2</ele>
    <time>2025-09-13T10:42:11Z</time>
   </trkpt>
   <trkpt lat="49.8633210" lon="6.2550660">
    <ele>190.4</ele>
    <time>2025-09-13T10:42:14Z</time>
   </trkpt>
   <trkpt lat="49.8632780" lon="6.2550240">
    <ele>190.5</ele>
    <time>2025-09-13T10:42:15Z</time>
   </trkpt>
   <trkpt lat="49.8629940" lon="6.2547430">
    <ele>190.9</ele>
    <time>2025-09-13T10:42:22Z</time>
   </trkpt>
   <trkpt lat="49.8629170" lon="6.2546670">
    <ele>191.0</ele>
    <time>2025-09-13T10:42:24Z</time>
   </trkpt>
   <trkpt lat="49.8627030" lon="6.2544730">
    <ele>191.2</ele>
    <time>2025-09-13T10:42:29Z</time>
   </trkpt>
   <trkpt lat="49.8625280" lon="6.2542920">
    <ele>191.3</ele>
    <time>2025-09-13T10:42:33Z</time>
   </trkpt>
   <trkpt lat="49.8623220" lon="6.2540530">
    <ele>191.6</ele>
    <time>2025-09-13T10:42:38Z</time>
   </trkpt>
   <trkpt lat="49.8621900" lon="6.2538580">
    <ele>191.8</ele>
    <time>2025-09-13T10:42:41Z</time>
   </trkpt>
   <trkpt lat="49.8621470" lon="6.2537850">
    <ele>191.9</ele>
    <time>2025-09-13T10:42:42Z</time>
   </trkpt>
   <trkpt lat="49.8619020" lon="6.2534000">
    <ele>192.3</ele>
    <time>2025-09-13T10:42:48Z</time>
   </trkpt>
   <trkpt lat="49.8618290" lon="6.2532740">
    <ele>192.5</ele>
    <time>2025-09-13T10:42:50Z</time>
   </trkpt>
   <trkpt lat="49.8617240" lon="6.2530440">
    <ele>192.7</ele>
    <time>2025-09-13T10:42:53Z</time>
   </trkpt>
   <trkpt lat="49.8616610" lon="6.2528860">
    <ele>192.9</ele>
    <time>2025-09-13T10:42:55Z</time>
   </trkpt>
   <trkpt lat="49.8616070" lon="6.2527340">
    <ele>193.0</ele>
    <time>2025-09-13T10:42:57Z</time>
   </trkpt>
   <trkpt lat="49.8615830" lon="6.2526720">
    <ele>193.1</ele>
    <time>2025-09-13T10:42:58Z</time>
   </trkpt>
   <trkpt lat="49.8615470" lon="6.2525890">
    <ele>193.2</ele>
    <time>2025-09-13T10:43:00Z</time>
   </trkpt>
   <trkpt lat="49.8615230" lon="6.2525320">
    <ele>193.3</ele>
    <time>2025-09-13T10:43:01Z</time>
   </trkpt>
   <trkpt lat="49.8614740" lon="6.2523850">
    <ele>193.5</ele>
    <time>2025-09-13T10:43:03Z</time>
   </trkpt>
   <trkpt lat="49.8613850" lon="6.2520820">
    <ele>193.7</ele>
    <time>2025-09-13T10:43:07Z</time>
   </trkpt>
   <trkpt lat="49.8613390" lon="6.2519290">
    <ele>193.8</ele>
    <time>2025-09-13T10:43:09Z</time>
   </trkpt>
   <trkpt lat="49.8612950" lon="6.2517810">
    <ele>194.0</ele>
    <time>2025-09-13T10:43:11Z</time>
   </trkpt>
   <trkpt lat="49.8612020" lon="6.2515040">
    <ele>194.2</ele>
    <time>2025-09-13T10:43:15Z</time>
   </trkpt>
   <trkpt lat="49.8611000" lon="6.2512270">
    <ele>194.4</ele>
    <time>2025-09-13T10:43:20Z</time>
   </trkpt>
   <trkpt lat="49.8610020" lon="6.2509130">
    <ele>194.7</ele>
    <time>2025-09-13T10:43:24Z</time>
   </trkpt>
   <trkpt lat="49.8609130" lon="6.2505900">
    <ele>195.0</ele>
    <time>2025-09-13T10:43:28Z</time>
   </trkpt>
   <trkpt lat="49.8608350" lon="6.2501660">
    <ele>195.3</ele>
    <time>2025-09-13T10:43:35Z</time>
   </trkpt>
   <trkpt lat="49.8607800" lon="6.2499300">
    <ele>195.5</ele>
    <time>2025-09-13T10:43:38Z</time>
   </trkpt>
   <trkpt lat="49.8607520" lon="6.2498230">
    <ele>195.5</ele>
    <time>2025-09-13T10:43:39Z</time>
   </trkpt>
   <trkpt lat="49.8605980" lon="6.2492210">
    <ele>195.8</ele>
    <time>2025-09-13T10:43:45Z</time>
   </trkpt>
   <trkpt lat="49.8604970" lon="6.2487660">
    <ele>196.2</ele>
    <time>2025-09-13T10:43:50Z</time>
   </trkpt>
   <trkpt lat="49.8604650" lon="6.2486090">
    <ele>196.3</ele>
    <time>2025-09-13T10:43:52Z</time>
   </trkpt>
   <trkpt lat="49.8604310" lon="6.2484070">
    <ele>196.5</ele>
    <time>2025-09-13T10:43:55Z</time>
   </trkpt>
   <trkpt lat="49.8604160" lon="6.2483410">
    <ele>196.5</ele>
    <time>2025-09-13T10:43:56Z</time>
   </trkpt>
   <trkpt lat="49.8603660" lon="6.2481740">
    <ele>196.5</ele>
    <time>2025-09-13T10:43:58Z</time>
   </trkpt>
   <trkpt lat="49.8603200" lon="6.2479810">
    <ele>196.6</ele>
    <time>2025-09-13T10:44:00Z</time>
   </trkpt>
   <trkpt lat="49.8602960" lon="6.2478910">
    <ele>196.6</ele>
    <time>2025-09-13T10:44:01Z</time>
   </trkpt>
   <trkpt lat="49.8602220" lon="6.2474700">
    <ele>196.9</ele>
    <time>2025-09-13T10:44:06Z</time>
   </trkpt>
   <trkpt lat="49.8601550" lon="6.2471200">
    <ele>197.1</ele>
    <time>2025-09-13T10:44:10Z</time>
   </trkpt>
   <trkpt lat="49.8601450" lon="6.2470300">
    <ele>197.2</ele>
    <time>2025-09-13T10:44:11Z</time>
   </trkpt>
   <trkpt lat="49.8601190" lon="6.2467930">
    <ele>197.4</ele>
    <time>2025-09-13T10:44:14Z</time>
   </trkpt>
   <trkpt lat="49.8601210" lon="6.2467500">
    <ele>197.4</ele>
    <time>2025-09-13T10:44:15Z</time>
   </trkpt>
   <trkpt lat="49.8601310" lon="6.2466510">
    <ele>197.5</ele>
    <time>2025-09-13T10:44:17Z</time>
   </trkpt>
   <trkpt lat="49.8601320" lon="6.2464360">
    <ele>197.6</ele>
    <time>2025-09-13T10:44:21Z</time>
   </trkpt>
   <trkpt lat="49.8601850" lon="6.2460660">
    <ele>197.9</ele>
    <time>2025-09-13T10:44:27Z</time>
   </trkpt>
   <trkpt lat="49.8602630" lon="6.2457360">
    <ele>198.0</ele>
    <time>2025-09-13T10:44:32Z</time>
   </trkpt>
   <trkpt lat="49.8603390" lon="6.2452810">
    <ele>198.3</ele>
    <time>2025-09-13T10:44:38Z</time>
   </trkpt>
   <trkpt lat="49.8603860" lon="6.2449940">
    <ele>198.4</ele>
    <time>2025-09-13T10:44:42Z</time>
   </trkpt>
   <trkpt lat="49.8604480" lon="6.2447440">
    <ele>198.5</ele>
    <time>2025-09-13T10:44:46Z</time>
   </trkpt>
   <trkpt lat="49.8604340" lon="6.2445970">
    <ele>198.6</ele>
    <time>2025-09-13T10:44:47Z</time>
   </trkpt>
   <trkpt lat="49.8604340" lon="6.2444670">
    <ele>198.7</ele>
    <time>2025-09-13T10:44:48Z</time>
   </trkpt>
   <trkpt lat="49.8604230" lon="6.2440440">
    <ele>198.9</ele>
    <time>2025-09-13T10:44:51Z</time>
   </trkpt>
   <trkpt lat="49.8604670" lon="6.2436080">
    <ele>199.2</ele>
    <time>2025-09-13T10:44:55Z</time>
   </trkpt>
   <trkpt lat="49.8604930" lon="6.2433430">
    <ele>199.4</ele>
    <time>2025-09-13T10:44:58Z</time>
   </trkpt>
   <trkpt lat="49.8605030" lon="6.2432490">
    <ele>199.5</ele>
    <time>2025-09-13T10:44:59Z</time>
   </trkpt>
   <trkpt lat="49.8605800" lon="6.2428860">
    <ele>199.8</ele>
    <time>2025-09-13T10:45:03Z</time>
   </trkpt>
   <trkpt lat="49.8606790" lon="6.2425630">
    <ele>199.9</ele>
    <time>2025-09-13T10:45:07Z</time>
   </trkpt>
   <trkpt lat="49.8607090" lon="6.2424850">
    <ele>199.9</ele>
    <time>2025-09-13T10:45:08Z</time>
   </trkpt>
   <trkpt lat="49.8607460" lon="6.2424140">
    <ele>199.9</ele>
    <time>2025-09-13T10:45:09Z</time>
   </trkpt>
   <trkpt lat="49.8608770" lon="6.2422250">
    <ele>199.9</ele>
    <time>2025-09-13T10:45:12Z</time>
   </trkpt>
   <trkpt lat="49.8609150" lon="6.2421570">
    <ele>199.9</ele>
    <time>2025-09-13T10:45:13Z</time>
   </trkpt>
   <trkpt lat="49.8609850" lon="6.2420090">
    <ele>199.8</ele>
    <time>2025-09-13T10:45:15Z</time>
   </trkpt>
   <trkpt lat="49.8610230" lon="6.2418370">
    <ele>199.8</ele>
    <time>2025-09-13T10:45:17Z</time>
   </trkpt>
   <trkpt lat="49.8610770" lon="6.2417000">
    <ele>199.9</ele>
    <time>2025-09-13T10:45:19Z</time>
   </trkpt>
   <trkpt lat="49.8611420" lon="6.2415880">
    <ele>200.0</ele>
    <time>2025-09-13T10:45:21Z</time>
   </trkpt>
   <trkpt lat="49.8613360" lon="6.2413280">
    <ele>200.2</ele>
    <time>2025-09-13T10:45:26Z</time>
   </trkpt>
   <trkpt lat="49.8615310" lon="6.2410750">
    <ele>200.5</ele>
    <time>2025-09-13T10:45:31Z</time>
   </trkpt>
   <trkpt lat="49.8617750" lon="6.2407870">
    <ele>200.9</ele>
    <time>2025-09-13T10:45:37Z</time>
   </trkpt>
   <trkpt lat="49.8618580" lon="6.2407070">
    <ele>201.0</ele>
    <time>2025-09-13T10:45:39Z</time>
   </trkpt>
   <trkpt lat="49.8619410" lon="6.2406310">
    <ele>201.1</ele>
    <time>2025-09-13T10:45:41Z</time>
   </trkpt>
   <trkpt lat="49.8621440" lon="6.2403680">
    <ele>201.3</ele>
    <time>2025-09-13T10:45:46Z</time>
   </trkpt>
   <trkpt lat="49.8623850" lon="6.2400670">
    <ele>201.7</ele>
    <time>2025-09-13T10:45:52Z</time>
   </trkpt>
   <trkpt lat="49.8624620" lon="6.2399920">
    <ele>201.9</ele>
    <time>2025-09-13T10:45:54Z</time>
   </trkpt>
   <trkpt lat="49.8625400" lon="6.2399110">
    <ele>202.0</ele>
    <time>2025-09-13T10:45:56Z</time>
   </trkpt>
   <trkpt lat="49.8627700" lon="6.2396890">
    <ele>202.5</ele>
    <time>2025-09-13T10:46:01Z</time>
   </trkpt>
   <trkpt lat="49.8629410" lon="6.2395500">
    <ele>202.9</ele>
    <time>2025-09-13T10:46:05Z</time>
   </trkpt>
   <trkpt lat="49.8631590" lon="6.2394060">
    <ele>203.3</ele>
    <time>2025-09-13T10:46:10Z</time>
   </trkpt>
   <trkpt lat="49.8632760" lon="6.2393140">
    <ele>203.3</ele>
    <time>2025-09-13T10:46:13Z</time>
   </trkpt>
   <trkpt lat="49.8633270" lon="6.2392820">
    <ele>203.3</ele>
    <time>2025-09-13T10:46:14Z</time>
   </trkpt>
   <trkpt lat="49.8634250" lon="6.2392350">
    <ele>203.2</ele>
    <time>2025-09-13T10:46:16Z</time>
   </trkpt>
   <trkpt lat="49.8635790" lon="6.2391330">
    <ele>203.1</ele>
    <time>2025-09-13T10:46:19Z</time>
   </trkpt>
   <trkpt lat="49.8638920" lon="6.2389180">
    <ele>203.3</ele>
    <time>2025-09-13T10:46:25Z</time>
   </trkpt>
   <trkpt lat="49.8642500" lon="6.2386810">
    <ele>203.6</ele>
    <time>2025-09-13T10:46:32Z</time>
   </trkpt>
   <trkpt lat="49.8645930" lon="6.2384400">
    <ele>204.0</ele>
    <time>2025-09-13T10:46:39Z</time>
   </trkpt>
   <trkpt lat="49.8647260" lon="6.2383700">
    <ele>204.1</ele>
    <time>2025-09-13T10:46:42Z</time>
   </trkpt>
   <trkpt lat="49.8648520" lon="6.2382930">
    <ele>204.2</ele>
    <time>2025-09-13T10:46:45Z</time>
   </trkpt>
   <trkpt lat="49.8648930" lon="6.2382670">
    <ele>204.3</ele>
    <time>2025-09-13T10:46:46Z</time>
   </trkpt>
   <trkpt lat="49.8651180" lon="6.2381160">
    <ele>204.5</ele>
    <time>2025-09-13T10:46:51Z</time>
   </trkpt>
   <trkpt lat="49.8655140" lon="6.2378700">
    <ele>204.8</ele>
    <time>2025-09-13T10:46:59Z</time>
   </trkpt>
   <trkpt lat="49.8657610" lon="6.2377080">
    <ele>204.9</ele>
    <time>2025-09-13T10:47:04Z</time>
   </trkpt>
   <trkpt lat="49.8660850" lon="6.2375250">
    <ele>205.0</ele>
    <time>2025-09-13T10:47:10Z</time>
   </trkpt>
   <trkpt lat="49.8663500" lon="6.2373450">
    <ele>205.1</ele>
    <time>2025-09-13T10:47:15Z</time>
   </trkpt>
   <trkpt lat="49.8665950" lon="6.2372480">
    <ele>205.1</ele>
    <time>2025-09-13T10:47:20Z</time>
   </trkpt>
   <trkpt lat="49.8668010" lon="6.2371890">
    <ele>205.1</ele>
    <time>2025-09-13T10:47:24Z</time>
   </trkpt>
   <trkpt lat="49.8672020" lon="6.2370670">
    <ele>205.2</ele>
    <time>2025-09-13T10:47:31Z</time>
   </trkpt>
   <trkpt lat="49.8674660" lon="6.2370300">
    <ele>205.4</ele>
    <time>2025-09-13T10:47:36Z</time>
   </trkpt>
   <trkpt lat="49.8675630" lon="6.2370200">
    <ele>205.3</ele>
    <time>2025-09-13T10:47:38Z</time>
   </trkpt>
   <trkpt lat="49.8677450" lon="6.2370020">
    <ele>205.1</ele>
    <time>2025-09-13T10:47:42Z</time>
   </trkpt>
   <trkpt lat="49.8679620" lon="6.2369630">
    <ele>205.0</ele>
    <time>2025-09-13T10:47:46Z</time>
   </trkpt>
   <trkpt lat="49.8680080" lon="6.2369560">
    <ele>204.9</ele>
    <time>2025-09-13T10:47:47Z</time>
   </trkpt>
   <trkpt lat="49.8680580" lon="6.2369530">
    <ele>204.9</ele>
    <time>2025-09-13T10:47:48Z</time>
   </trkpt>
   <trkpt lat="49.8683430" lon="6.2369190">
    <ele>204.7</ele>
    <time>2025-09-13T10:47:53Z</time>
   </trkpt>
   <trkpt lat="49.8687660" lon="6.2368660">
    <ele>204.7</ele>
    <time>2025-09-13T10:48:00Z</time>
   </trkpt>
   <trkpt lat="49.8690870" lon="6.2368200">
    <ele>204.5</ele>
    <time>2025-09-13T10:48:06Z</time>
   </trkpt>
   <trkpt lat="49.8693300" lon="6.2367780">
    <ele>204.0</ele>
    <time>2025-09-13T10:48:10Z</time>
   </trkpt>
   <trkpt lat="49.8696710" lon="6.2367330">
    <ele>203.4</ele>
    <time>2025-09-13T10:48:15Z</time>
   </trkpt>
   <trkpt lat="49.8699890" lon="6.2366970">
    <ele>202.9</ele>
    <time>2025-09-13T10:48:20Z</time>
   </trkpt>
   <trkpt lat="49.8700580" lon="6.2366860">
    <ele>202.8</ele>
    <time>2025-09-13T10:48:21Z</time>
   </trkpt>
   <trkpt lat="49.8701240" lon="6.2366780">
    <ele>202.8</ele>
    <time>2025-09-13T10:48:22Z</time>
   </trkpt>
   <trkpt lat="49.8703260" lon="6.2366470">
    <ele>202.5</ele>
    <time>2025-09-13T10:48:25Z</time>
   </trkpt>
   <trkpt lat="49.8707350" lon="6.2364970">
    <ele>201.9</ele>
    <time>2025-09-13T10:48:31Z</time>
   </trkpt>
   <trkpt lat="49.8712100" lon="6.2362960">
    <ele>201.2</ele>
    <time>2025-09-13T10:48:38Z</time>
   </trkpt>
   <trkpt lat="49.8716020" lon="6.2360700">
    <ele>200.8</ele>
    <time>2025-09-13T10:48:44Z</time>
   </trkpt>
   <trkpt lat="49.8716650" lon="6.2360330">
    <ele>200.7</ele>
    <time>2025-09-13T10:48:45Z</time>
   </trkpt>
   <trkpt lat="49.8717800" lon="6.2359470">
    <ele>200.6</ele>
    <time>2025-09-13T10:48:47Z</time>
   </trkpt>
   <trkpt lat="49.8718340" lon="6.2359020">
    <ele>200.5</ele>
    <time>2025-09-13T10:48:48Z</time>
   </trkpt>
   <trkpt lat="49.8720670" lon="6.2356790">
    <ele>200.3</ele>
    <time>2025-09-13T10:48:52Z</time>
   </trkpt>
   <trkpt lat="49.8724560" lon="6.2352890">
    <ele>199.9</ele>
    <time>2025-09-13T10:48:59Z</time>
   </trkpt>
   <trkpt lat="49.8727630" lon="6.2348990">
    <ele>199.5</ele>
    <time>2025-09-13T10:49:05Z</time>
   </trkpt>
   <trkpt lat="49.8729050" lon="6.2346900">
    <ele>199.3</ele>
    <time>2025-09-13T10:49:08Z</time>
   </trkpt>
   <trkpt lat="49.8729550" lon="6.2346080">
    <ele>199.2</ele>
    <time>2025-09-13T10:49:09Z</time>
   </trkpt>
   <trkpt lat="49.8732970" lon="6.2340490">
    <ele>198.5</ele>
    <time>2025-09-13T10:49:16Z</time>
   </trkpt>
   <trkpt lat="49.8734300" lon="6.2338180">
    <ele>198.3</ele>
    <time>2025-09-13T10:49:19Z</time>
   </trkpt>
   <trkpt lat="49.8734720" lon="6.2337470">
    <ele>198.2</ele>
    <time>2025-09-13T10:49:20Z</time>
   </trkpt>
   <trkpt lat="49.8736740" lon="6.2333480">
    <ele>197.8</ele>
    <time>2025-09-13T10:49:25Z</time>
   </trkpt>
   <trkpt lat="49.8739360" lon="6.2327280">
    <ele>197.4</ele>
    <time>2025-09-13T10:49:32Z</time>
   </trkpt>
   <trkpt lat="49.8741260" lon="6.2321260">
    <ele>197.1</ele>
    <time>2025-09-13T10:49:38Z</time>
   </trkpt>
   <trkpt lat="49.8742820" lon="6.2313760">
    <ele>196.8</ele>
    <time>2025-09-13T10:49:45Z</time>
   </trkpt>
   <trkpt lat="49.8743760" lon="6.2307350">
    <ele>196.4</ele>
    <time>2025-09-13T10:49:51Z</time>
   </trkpt>
   <trkpt lat="49.8744480" lon="6.2300940">
    <ele>196.0</ele>
    <time>2025-09-13T10:49:57Z</time>
   </trkpt>
   <trkpt lat="49.8745090" lon="6.2294600">
    <ele>195.5</ele>
    <time>2025-09-13T10:50:03Z</time>
   </trkpt>
   <trkpt lat="49.8745420" lon="6.2286910">
    <ele>194.8</ele>
    <time>2025-09-13T10:50:10Z</time>
   </trkpt>
   <trkpt lat="49.8745450" lon="6.2285860">
    <ele>194.7</ele>
    <time>2025-09-13T10:50:11Z</time>
   </trkpt>
   <trkpt lat="49.8745580" lon="6.2283720">
    <ele>194.5</ele>
    <time>2025-09-13T10:50:13Z</time>
   </trkpt>
   <trkpt lat="49.8745610" lon="6.2281590">
    <ele>194.3</ele>
    <time>2025-09-13T10:50:15Z</time>
   </trkpt>
   <trkpt lat="49.8745530" lon="6.2280460">
    <ele>194.2</ele>
    <time>2025-09-13T10:50:16Z</time>
   </trkpt>
   <trkpt lat="49.8745130" lon="6.2277090">
    <ele>193.9</ele>
    <time>2025-09-13T10:50:19Z</time>
   </trkpt>
   <trkpt lat="49.8744020" lon="6.2271560">
    <ele>193.4</ele>
    <time>2025-09-13T10:50:24Z</time>
   </trkpt>
   <trkpt lat="49.8742130" lon="6.2264580">
    <ele>192.8</ele>
    <time>2025-09-13T10:50:31Z</time>
   </trkpt>
   <trkpt lat="49.8741530" lon="6.2262720">
    <ele>192.6</ele>
    <time>2025-09-13T10:50:33Z</time>
   </trkpt>
   <trkpt lat="49.8740100" lon="6.2259320">
    <ele>191.9</ele>
    <time>2025-09-13T10:50:37Z</time>
   </trkpt>
   <trkpt lat="49.8739050" lon="6.2256860">
    <ele>191.2</ele>
    <time>2025-09-13T10:50:40Z</time>
   </trkpt>
   <trkpt lat="49.8738580" lon="6.2254980">
    <ele>190.6</ele>
    <time>2025-09-13T10:50:42Z</time>
   </trkpt>
   <trkpt lat="49.8738110" lon="6.2252650">
    <ele>189.8</ele>
    <time>2025-09-13T10:50:44Z</time>
   </trkpt>
   <trkpt lat="49.8737700" lon="6.2250110">
    <ele>189.2</ele>
    <time>2025-09-13T10:50:46Z</time>
   </trkpt>
   <trkpt lat="49.8736950" lon="6.2246450">
    <ele>189.0</ele>
    <time>2025-09-13T10:50:49Z</time>
   </trkpt>
   <trkpt lat="49.8736580" lon="6.2245300">
    <ele>189.0</ele>
    <time>2025-09-13T10:50:50Z</time>
   </trkpt>
   <trkpt lat="49.8735110" lon="6.2240080">
    <ele>188.8</ele>
    <time>2025-09-13T10:50:55Z</time>
   </trkpt>
   <trkpt lat="49.8733360" lon="6.2234230">
    <ele>188.8</ele>
    <time>2025-09-13T10:51:01Z</time>
   </trkpt>
   <trkpt lat="49.8731680" lon="6.2227490">
    <ele>189.2</ele>
    <time>2025-09-13T10:51:08Z</time>
   </trkpt>
   <trkpt lat="49.8729720" lon="6.2219450">
    <ele>189.6</ele>
    <time>2025-09-13T10:51:17Z</time>
   </trkpt>
   <trkpt lat="49.8729500" lon="6.2218580">
    <ele>189.5</ele>
    <time>2025-09-13T10:51:18Z</time>
   </trkpt>
   <trkpt lat="49.8727800" lon="6.2211330">
    <ele>189.3</ele>
    <time>2025-09-13T10:51:26Z</time>
   </trkpt>
   <trkpt lat="49.8725740" lon="6.2202760">
    <ele>189.1</ele>
    <time>2025-09-13T10:51:35Z</time>
   </trkpt>
   <trkpt lat="49.8725540" lon="6.2201910">
    <ele>189.2</ele>
    <time>2025-09-13T10:51:36Z</time>
   </trkpt>
   <trkpt lat="49.8724400" lon="6.2196990">
    <ele>189.2</ele>
    <time>2025-09-13T10:51:42Z</time>
   </trkpt>
   <trkpt lat="49.8723540" lon="6.2191210">
    <ele>189.2</ele>
    <time>2025-09-13T10:51:49Z</time>
   </trkpt>
   <trkpt lat="49.8723270" lon="6.2187740">
    <ele>189.3</ele>
    <time>2025-09-13T10:51:53Z</time>
   </trkpt>
   <trkpt lat="49.8722780" lon="6.2183560">
    <ele>189.7</ele>
    <time>2025-09-13T10:51:58Z</time>
   </trkpt>
   <trkpt lat="49.8722930" lon="6.2182160">
    <ele>189.8</ele>
    <time>2025-09-13T10:52:00Z</time>
   </trkpt>
   <trkpt lat="49.8723460" lon="6.2181050">
    <ele>190.0</ele>
    <time>2025-09-13T10:52:02Z</time>
   </trkpt>
   <trkpt lat="49.8723800" lon="6.2180610">
    <ele>190.0</ele>
    <time>2025-09-13T10:52:03Z</time>
   </trkpt>
   <trkpt lat="49.8724190" lon="6.2180280">
    <ele>190.1</ele>
    <time>2025-09-13T10:52:04Z</time>
   </trkpt>
   <trkpt lat="49.8725760" lon="6.2179630">
    <ele>190.1</ele>
    <time>2025-09-13T10:52:08Z</time>
   </trkpt>
   <trkpt lat="49.8726790" lon="6.2178490">
    <ele>189.9</ele>
    <time>2025-09-13T10:52:12Z</time>
   </trkpt>
   <trkpt lat="49.8727010" lon="6.2176910">
    <ele>189.6</ele>
    <time>2025-09-13T10:52:15Z</time>
   </trkpt>
   <trkpt lat="49.8727030" lon="6.2176140">
    <ele>189.4</ele>
    <time>2025-09-13T10:52:16Z</time>
   </trkpt>
   <trkpt lat="49.8727000" lon="6.2175350">
    <ele>189.2</ele>
    <time>2025-09-13T10:52:17Z</time>
   </trkpt>
   <trkpt lat="49.8726710" lon="6.2173690">
    <ele>188.9</ele>
    <time>2025-09-13T10:52:19Z</time>
   </trkpt>
   <trkpt lat="49.8726430" lon="6.2172890">
    <ele>188.8</ele>
    <time>2025-09-13T10:52:20Z</time>
   </trkpt>
   <trkpt lat="49.8724300" lon="6.2168350">
    <ele>188.3</ele>
    <time>2025-09-13T10:52:26Z</time>
   </trkpt>
   <trkpt lat="49.8722290" lon="6.2165550">
    <ele>188.3</ele>
    <time>2025-09-13T10:52:31Z</time>
   </trkpt>
   <trkpt lat="49.8719600" lon="6.2162080">
    <ele>188.4</ele>
    <time>2025-09-13T10:52:38Z</time>
   </trkpt>
   <trkpt lat="49.8716560" lon="6.2157950">
    <ele>188.6</ele>
    <time>2025-09-13T10:52:45Z</time>
   </trkpt>
   <trkpt lat="49.8714600" lon="6.2155470">
    <ele>188.5</ele>
    <time>2025-09-13T10:52:49Z</time>
   </trkpt>
   <trkpt lat="49.8714160" lon="6.2154750">
    <ele>188.5</ele>
    <time>2025-09-13T10:52:50Z</time>
   </trkpt>
   <trkpt lat="49.8711980" lon="6.2149820">
    <ele>188.5</ele>
    <time>2025-09-13T10:52:56Z</time>
   </trkpt>
   <trkpt lat="49.8710440" lon="6.2145300">
    <ele>188.6</ele>
    <time>2025-09-13T10:53:01Z</time>
   </trkpt>
   <trkpt lat="49.8708670" lon="6.2141270">
    <ele>188.6</ele>
    <time>2025-09-13T10:53:06Z</time>
   </trkpt>
   <trkpt lat="49.8708330" lon="6.2140520">
    <ele>188.6</ele>
    <time>2025-09-13T10:53:07Z</time>
   </trkpt>
   <trkpt lat="49.8707400" lon="6.2138110">
    <ele>188.7</ele>
    <time>2025-09-13T10:53:10Z</time>
   </trkpt>
   <trkpt lat="49.8707120" lon="6.2137220">
    <ele>188.7</ele>
    <time>2025-09-13T10:53:11Z</time>
   </trkpt>
   <trkpt lat="49.8706190" lon="6.2134520">
    <ele>188.7</ele>
    <time>2025-09-13T10:53:14Z</time>
   </trkpt>
   <trkpt lat="49.8705640" lon="6.2132750">
    <ele>188.7</ele>
    <time>2025-09-13T10:53:16Z</time>
   </trkpt>
   <trkpt lat="49.8705110" lon="6.2131190">
    <ele>188.7</ele>
    <time>2025-09-13T10:53:18Z</time>
   </trkpt>
   <trkpt lat="49.8704270" lon="6.2128680">
    <ele>188.7</ele>
    <time>2025-09-13T10:53:21Z</time>
   </trkpt>
   <trkpt lat="49.8703770" lon="6.2127010">
    <ele>188.7</ele>
    <time>2025-09-13T10:53:23Z</time>
   </trkpt>
   <trkpt lat="49.8703100" lon="6.2124270">
    <ele>188.7</ele>
    <time>2025-09-13T10:53:26Z</time>
   </trkpt>
   <trkpt lat="49.8702640" lon="6.2122460">
    <ele>188.7</ele>
    <time>2025-09-13T10:53:28Z</time>
   </trkpt>
   <trkpt lat="49.8700720" lon="6.2115350">
    <ele>188.8</ele>
    <time>2025-09-13T10:53:36Z</time>
   </trkpt>
   <trkpt lat="49.8699310" lon="6.2109870">
    <ele>188.8</ele>
    <time>2025-09-13T10:53:42Z</time>
   </trkpt>
   <trkpt lat="49.8698340" lon="6.2106090">
    <ele>188.8</ele>
    <time>2025-09-13T10:53:46Z</time>
   </trkpt>
   <trkpt lat="49.8697950" lon="6.2104320">
    <ele>188.8</ele>
    <time>2025-09-13T10:53:48Z</time>
   </trkpt>
   <trkpt lat="49.8696680" lon="6.2098570">
    <ele>188.8</ele>
    <time>2025-09-13T10:53:54Z</time>
   </trkpt>
   <trkpt lat="49.8696290" lon="6.2096700">
    <ele>188.8</ele>
    <time>2025-09-13T10:53:56Z</time>
   </trkpt>
   <trkpt lat="49.8696020" lon="6.2095790">
    <ele>188.8</ele>
    <time>2025-09-13T10:53:57Z</time>
   </trkpt>
   <trkpt lat="49.8695370" lon="6.2093170">
    <ele>188.8</ele>
    <time>2025-09-13T10:54:00Z</time>
   </trkpt>
   <trkpt lat="49.8694900" lon="6.2090670">
    <ele>188.8</ele>
    <time>2025-09-13T10:54:03Z</time>
   </trkpt>
   <trkpt lat="49.8693770" lon="6.2084430">
    <ele>188.9</ele>
    <time>2025-09-13T10:54:10Z</time>
   </trkpt>
   <trkpt lat="49.8693190" lon="6.2080360">
    <ele>188.8</ele>
    <time>2025-09-13T10:54:15Z</time>
   </trkpt>
   <trkpt lat="49.8692360" lon="6.2075230">
    <ele>188.9</ele>
    <time>2025-09-13T10:54:21Z</time>
   </trkpt>
   <trkpt lat="49.8692230" lon="6.2074380">
    <ele>188.9</ele>
    <time>2025-09-13T10:54:22Z</time>
   </trkpt>
   <trkpt lat="49.8692020" lon="6.2072710">
    <ele>188.9</ele>
    <time>2025-09-13T10:54:24Z</time>
   </trkpt>
   <trkpt lat="49.8691870" lon="6.2070980">
    <ele>189.0</ele>
    <time>2025-09-13T10:54:26Z</time>
   </trkpt>
   <trkpt lat="49.8691730" lon="6.2067580">
    <ele>188.9</ele>
    <time>2025-09-13T10:54:30Z</time>
   </trkpt>
   <trkpt lat="49.8691640" lon="6.2066710">
    <ele>188.9</ele>
    <time>2025-09-13T10:54:31Z</time>
   </trkpt>
   <trkpt lat="49.8691480" lon="6.2065010">
    <ele>188.9</ele>
    <time>2025-09-13T10:54:33Z</time>
   </trkpt>
   <trkpt lat="49.8691320" lon="6.2062470">
    <ele>188.9</ele>
    <time>2025-09-13T10:54:36Z</time>
   </trkpt>
   <trkpt lat="49.8690980" lon="6.2059030">
    <ele>188.9</ele>
    <time>2025-09-13T10:54:40Z</time>
   </trkpt>
   <trkpt lat="49.8690910" lon="6.2058120">
    <ele>188.9</ele>
    <time>2025-09-13T10:54:41Z</time>
   </trkpt>
   <trkpt lat="49.8690680" lon="6.2054770">
    <ele>189.0</ele>
    <time>2025-09-13T10:54:45Z</time>
   </trkpt>
   <trkpt lat="49.8690610" lon="6.2053840">
    <ele>189.0</ele>
    <time>2025-09-13T10:54:46Z</time>
   </trkpt>
   <trkpt lat="49.8690290" lon="6.2050130">
    <ele>189.1</ele>
    <time>2025-09-13T10:54:50Z</time>
   </trkpt>
   <trkpt lat="49.8690160" lon="6.2045630">
    <ele>189.2</ele>
    <time>2025-09-13T10:54:55Z</time>
   </trkpt>
   <trkpt lat="49.8690090" lon="6.2042040">
    <ele>189.2</ele>
    <time>2025-09-13T10:54:59Z</time>
   </trkpt>
   <trkpt lat="49.8690090" lon="6.2041130">
    <ele>189.2</ele>
    <time>2025-09-13T10:55:00Z</time>
   </trkpt>
   <trkpt lat="49.8690160" lon="6.2035470">
    <ele>189.1</ele>
    <time>2025-09-13T10:55:06Z</time>
   </trkpt>
   <trkpt lat="49.8690710" lon="6.2028480">
    <ele>189.1</ele>
    <time>2025-09-13T10:55:13Z</time>
   </trkpt>
   <trkpt lat="49.8691330" lon="6.2021580">
    <ele>189.0</ele>
    <time>2025-09-13T10:55:20Z</time>
   </trkpt>
   <trkpt lat="49.8692450" lon="6.2013060">
    <ele>189.2</ele>
    <time>2025-09-13T10:55:29Z</time>
   </trkpt>
   <trkpt lat="49.8692620" lon="6.2012180">
    <ele>189.2</ele>
    <time>2025-09-13T10:55:30Z</time>
   </trkpt>
   <trkpt lat="49.8693960" lon="6.2003940">
    <ele>189.3</ele>
    <time>2025-09-13T10:55:39Z</time>
   </trkpt>
   <trkpt lat="49.8695780" lon="6.1995640">
    <ele>189.3</ele>
    <time>2025-09-13T10:55:48Z</time>
   </trkpt>
   <trkpt lat="49.8696040" lon="6.1994710">
    <ele>189.3</ele>
    <time>2025-09-13T10:55:49Z</time>
   </trkpt>
   <trkpt lat="49.8698600" lon="6.1986720">
    <ele>189.4</ele>
    <time>2025-09-13T10:55:58Z</time>
   </trkpt>
   <trkpt lat="49.8701590" lon="6.1979060">
    <ele>189.4</ele>
    <time>2025-09-13T10:56:07Z</time>
   </trkpt>
   <trkpt lat="49.8701980" lon="6.1978250">
    <ele>189.4</ele>
    <time>2025-09-13T10:56:08Z</time>
   </trkpt>
   <trkpt lat="49.8704980" lon="6.1972180">
    <ele>189.5</ele>
    <time>2025-09-13T10:56:16Z</time>
   </trkpt>
   <trkpt lat="49.8708440" lon="6.1965300">
    <ele>189.6</ele>
    <time>2025-09-13T10:56:25Z</time>
   </trkpt>
   <trkpt lat="49.8710550" lon="6.1960350">
    <ele>189.6</ele>
    <time>2025-09-13T10:56:31Z</time>
   </trkpt>
   <trkpt lat="49.8712370" lon="6.1954180">
    <ele>189.7</ele>
    <time>2025-09-13T10:56:38Z</time>
   </trkpt>
   <trkpt lat="49.8713180" lon="6.1948490">
    <ele>189.6</ele>
    <time>2025-09-13T10:56:44Z</time>
   </trkpt>
   <trkpt lat="49.8713400" lon="6.1941750">
    <ele>189.6</ele>
    <time>2025-09-13T10:56:51Z</time>
   </trkpt>
   <trkpt lat="49.8713070" lon="6.1936360">
    <ele>189.6</ele>
    <time>2025-09-13T10:56:57Z</time>
   </trkpt>
   <trkpt lat="49.8712900" lon="6.1935480">
    <ele>189.6</ele>
    <time>2025-09-13T10:56:58Z</time>
   </trkpt>
   <trkpt lat="49.8711340" lon="6.1929330">
    <ele>189.6</ele>
    <time>2025-09-13T10:57:05Z</time>
   </trkpt>
   <trkpt lat="49.8708970" lon="6.1921510">
    <ele>189.6</ele>
    <time>2025-09-13T10:57:14Z</time>
   </trkpt>
   <trkpt lat="49.8707390" lon="6.1914480">
    <ele>189.7</ele>
    <time>2025-09-13T10:57:22Z</time>
   </trkpt>
   <trkpt lat="49.8706710" lon="6.1908010">
    <ele>189.8</ele>
    <time>2025-09-13T10:57:29Z</time>
   </trkpt>
   <trkpt lat="49.8706230" lon="6.1899410">
    <ele>189.8</ele>
    <time>2025-09-13T10:57:38Z</time>
   </trkpt>
   <trkpt lat="49.8705960" lon="6.1890860">
    <ele>189.8</ele>
    <time>2025-09-13T10:57:47Z</time>
   </trkpt>
   <trkpt lat="49.8705360" lon="6.1883620">
    <ele>189.9</ele>
    <time>2025-09-13T10:57:55Z</time>
   </trkpt>
   <trkpt lat="49.8704110" lon="6.1876740">
    <ele>190.0</ele>
    <time>2025-09-13T10:58:03Z</time>
   </trkpt>
   <trkpt lat="49.8702340" lon="6.1869890">
    <ele>190.1</ele>
    <time>2025-09-13T10:58:11Z</time>
   </trkpt>
   <trkpt lat="49.8699990" lon="6.1861610">
    <ele>190.2</ele>
    <time>2025-09-13T10:58:21Z</time>
   </trkpt>
   <trkpt lat="49.8698050" lon="6.1855140">
    <ele>190.2</ele>
    <time>2025-09-13T10:58:29Z</time>
   </trkpt>
   <trkpt lat="49.8695950" lon="6.1849040">
    <ele>190.3</ele>
    <time>2025-09-13T10:58:37Z</time>
   </trkpt>
   <trkpt lat="49.8694530" lon="6.1844630">
    <ele>190.3</ele>
    <time>2025-09-13T10:58:43Z</time>
   </trkpt>
   <trkpt lat="49.8692750" lon="6.1838370">
    <ele>190.3</ele>
    <time>2025-09-13T10:58:51Z</time>
   </trkpt>
   <trkpt lat="49.8690930" lon="6.1831590">
    <ele>190.4</ele>
    <time>2025-09-13T10:59:00Z</time>
   </trkpt>
   <trkpt lat="49.8689730" lon="6.1826920">
    <ele>190.6</ele>
    <time>2025-09-13T10:59:06Z</time>
   </trkpt>
   <trkpt lat="49.8689340" lon="6.1825450">
    <ele>190.6</ele>
    <time>2025-09-13T10:59:08Z</time>
   </trkpt>
   <trkpt lat="49.8688850" lon="6.1823290">
    <ele>190.6</ele>
    <time>2025-09-13T10:59:11Z</time>
   </trkpt>
   <trkpt lat="49.8687600" lon="6.1818400">
    <ele>190.7</ele>
    <time>2025-09-13T10:59:18Z</time>
   </trkpt>
   <trkpt lat="49.8687400" lon="6.1817770">
    <ele>190.7</ele>
    <time>2025-09-13T10:59:19Z</time>
   </trkpt>
   <trkpt lat="49.8686730" lon="6.1817000">
    <ele>190.8</ele>
    <time>2025-09-13T10:59:21Z</time>
   </trkpt>
   <trkpt lat="49.8685190" lon="6.1817250">
    <ele>190.9</ele>
    <time>2025-09-13T10:59:25Z</time>
   </trkpt>
   <trkpt lat="49.8683270" lon="6.1817520">
    <ele>191.1</ele>
    <time>2025-09-13T10:59:30Z</time>
   </trkpt>
   <trkpt lat="49.8682570" lon="6.1817480">
    <ele>191.1</ele>
    <time>2025-09-13T10:59:32Z</time>
   </trkpt>
   <trkpt lat="49.8681220" lon="6.1817480">
    <ele>191.2</ele>
    <time>2025-09-13T10:59:35Z</time>
   </trkpt>
   <trkpt lat="49.8677690" lon="6.1817290">
    <ele>191.6</ele>
    <time>2025-09-13T10:59:43Z</time>
   </trkpt>
   <trkpt lat="49.8676790" lon="6.1817120">
    <ele>191.6</ele>
    <time>2025-09-13T10:59:47Z</time>
   </trkpt>
   <trkpt lat="49.8676770" lon="6.1817140">
    <ele>191.6</ele>
    <time>2025-09-13T10:59:48Z</time>
   </trkpt>
   <trkpt lat="49.8677030" lon="6.1817320">
    <ele>191.6</ele>
    <time>2025-09-13T11:00:46Z</time>
   </trkpt>
   <trkpt lat="49.8677380" lon="6.1817420">
    <ele>191.6</ele>
    <time>2025-09-13T11:00:48Z</time>
   </trkpt>
   <trkpt lat="49.8678780" lon="6.1817540">
    <ele>191.5</ele>
    <time>2025-09-13T11:00:53Z</time>
   </trkpt>
   <trkpt lat="49.8681340" lon="6.1817820">
    <ele>191.2</ele>
    <time>2025-09-13T11:01:00Z</time>
   </trkpt>
   <trkpt lat="49.8682720" lon="6.1817980">
    <ele>191.1</ele>
    <time>2025-09-13T11:01:04Z</time>
   </trkpt>
   <trkpt lat="49.8684360" lon="6.1817600">
    <ele>191.0</ele>
    <time>2025-09-13T11:01:08Z</time>
   </trkpt>
   <trkpt lat="49.8685250" lon="6.1816760">
    <ele>190.9</ele>
    <time>2025-09-13T11:01:10Z</time>
   </trkpt>
   <trkpt lat="49.8685540" lon="6.1816160">
    <ele>190.9</ele>
    <time>2025-09-13T11:01:11Z</time>
   </trkpt>
   <trkpt lat="49.8685900" lon="6.1814870">
    <ele>190.7</ele>
    <time>2025-09-13T11:01:13Z</time>
   </trkpt>
   <trkpt lat="49.8686130" lon="6.1813560">
    <ele>190.7</ele>
    <time>2025-09-13T11:01:15Z</time>
   </trkpt>
   <trkpt lat="49.8685970" lon="6.1810750">
    <ele>190.7</ele>
    <time>2025-09-13T11:01:20Z</time>
   </trkpt>
   <trkpt lat="49.8685470" lon="6.1807990">
    <ele>190.7</ele>
    <time>2025-09-13T11:01:25Z</time>
   </trkpt>
   <trkpt lat="49.8684810" lon="6.1803460">
    <ele>190.7</ele>
    <time>2025-09-13T11:01:33Z</time>
   </trkpt>
   <trkpt lat="49.8684150" lon="6.1799040">
    <ele>190.8</ele>
    <time>2025-09-13T11:01:40Z</time>
   </trkpt>
   <trkpt lat="49.8683410" lon="6.1793900">
    <ele>190.9</ele>
    <time>2025-09-13T11:01:48Z</time>
   </trkpt>
   <trkpt lat="49.8682690" lon="6.1788270">
    <ele>190.9</ele>
    <time>2025-09-13T11:01:56Z</time>
   </trkpt>
   <trkpt lat="49.8682050" lon="6.1782570">
    <ele>191.0</ele>
    <time>2025-09-13T11:02:03Z</time>
   </trkpt>
   <trkpt lat="49.8681150" lon="6.1774890">
    <ele>191.0</ele>
    <time>2025-09-13T11:02:12Z</time>
   </trkpt>
   <trkpt lat="49.8680520" lon="6.1768700">
    <ele>191.0</ele>
    <time>2025-09-13T11:02:19Z</time>
   </trkpt>
   <trkpt lat="49.8680000" lon="6.1761680">
    <ele>191.1</ele>
    <time>2025-09-13T11:02:27Z</time>
   </trkpt>
   <trkpt lat="49.8679670" lon="6.1754500">
    <ele>191.0</ele>
    <time>2025-09-13T11:02:35Z</time>
   </trkpt>
   <trkpt lat="49.8679330" lon="6.1747920">
    <ele>191.1</ele>
    <time>2025-09-13T11:02:42Z</time>
   </trkpt>
   <trkpt lat="49.8679100" lon="6.1740580">
    <ele>191.1</ele>
    <time>2025-09-13T11:02:50Z</time>
   </trkpt>
   <trkpt lat="49.8678920" lon="6.1734160">
    <ele>191.1</ele>
    <time>2025-09-13T11:02:57Z</time>
   </trkpt>
   <trkpt lat="49.8678850" lon="6.1725890">
    <ele>191.1</ele>
    <time>2025-09-13T11:03:06Z</time>
   </trkpt>
   <trkpt lat="49.8678740" lon="6.1721910">
    <ele>191.2</ele>
    <time>2025-09-13T11:03:11Z</time>
   </trkpt>
   <trkpt lat="49.8678560" lon="6.1717430">
    <ele>191.2</ele>
    <time>2025-09-13T11:03:17Z</time>
   </trkpt>
   <trkpt lat="49.8678560" lon="6.1713440">
    <ele>191.3</ele>
    <time>2025-09-13T11:03:23Z</time>
   </trkpt>
   <trkpt lat="49.8678540" lon="6.1712160">
    <ele>191.3</ele>
    <time>2025-09-13T11:03:25Z</time>
   </trkpt>
   <trkpt lat="49.8678510" lon="6.1710060">
    <ele>191.3</ele>
    <time>2025-09-13T11:03:28Z</time>
   </trkpt>
   <trkpt lat="49.8678380" lon="6.1704290">
    <ele>191.3</ele>
    <time>2025-09-13T11:03:36Z</time>
   </trkpt>
   <trkpt lat="49.8678110" lon="6.1702090">
    <ele>191.2</ele>
    <time>2025-09-13T11:03:39Z</time>
   </trkpt>
   <trkpt lat="49.8677740" lon="6.1700690">
    <ele>191.2</ele>
    <time>2025-09-13T11:03:41Z</time>
   </trkpt>
   <trkpt lat="49.8677610" lon="6.1699970">
    <ele>191.1</ele>
    <time>2025-09-13T11:03:42Z</time>
   </trkpt>
   <trkpt lat="49.8677200" lon="6.1697630">
    <ele>191.1</ele>
    <time>2025-09-13T11:03:45Z</time>
   </trkpt>
   <trkpt lat="49.8676060" lon="6.1694380">
    <ele>191.2</ele>
    <time>2025-09-13T11:03:50Z</time>
   </trkpt>
   <trkpt lat="49.8674650" lon="6.1691340">
    <ele>191.3</ele>
    <time>2025-09-13T11:03:56Z</time>
   </trkpt>
   <trkpt lat="49.8674380" lon="6.1690140">
    <ele>191.4</ele>
    <time>2025-09-13T11:03:58Z</time>
   </trkpt>
   <trkpt lat="49.8674340" lon="6.1688830">
    <ele>191.4</ele>
    <time>2025-09-13T11:04:00Z</time>
   </trkpt>
   <trkpt lat="49.8674310" lon="6.1683700">
    <ele>191.6</ele>
    <time>2025-09-13T11:04:08Z</time>
   </trkpt>
   <trkpt lat="49.8674010" lon="6.1681080">
    <ele>191.6</ele>
    <time>2025-09-13T11:04:12Z</time>
   </trkpt>
   <trkpt lat="49.8674150" lon="6.1679760">
    <ele>191.6</ele>
    <time>2025-09-13T11:04:14Z</time>
   </trkpt>
   <trkpt lat="49.8674580" lon="6.1678340">
    <ele>191.5</ele>
    <time>2025-09-13T11:04:16Z</time>
   </trkpt>
   <trkpt lat="49.8675320" lon="6.1676120">
    <ele>191.1</ele>
    <time>2025-09-13T11:04:19Z</time>
   </trkpt>
   <trkpt lat="49.8675600" lon="6.1672190">
    <ele>190.6</ele>
    <time>2025-09-13T11:04:24Z</time>
   </trkpt>
   <trkpt lat="49.8675480" lon="6.1668110">
    <ele>190.4</ele>
    <time>2025-09-13T11:04:30Z</time>
   </trkpt>
   <trkpt lat="49.8675450" lon="6.1661400">
    <ele>190.4</ele>
    <time>2025-09-13T11:04:41Z</time>
   </trkpt>
   <trkpt lat="49.8675740" lon="6.1656900">
    <ele>190.5</ele>
    <time>2025-09-13T11:04:49Z</time>
   </trkpt>
   <trkpt lat="49.8675670" lon="6.1652260">
    <ele>190.8</ele>
    <time>2025-09-13T11:04:57Z</time>
   </trkpt>
   <trkpt lat="49.8675180" lon="6.1649050">
    <ele>191.4</ele>
    <time>2025-09-13T11:05:03Z</time>
   </trkpt>
   <trkpt lat="49.8674410" lon="6.1645550">
    <ele>191.8</ele>
    <time>2025-09-13T11:05:10Z</time>
   </trkpt>
   <trkpt lat="49.8674090" lon="6.1641550">
    <ele>191.9</ele>
    <time>2025-09-13T11:05:17Z</time>
   </trkpt>
   <trkpt lat="49.8673740" lon="6.1637310">
    <ele>191.9</ele>
    <time>2025-09-13T11:05:25Z</time>
   </trkpt>
   <trkpt lat="49.8673160" lon="6.1634850">
    <ele>191.9</ele>
    <time>2025-09-13T11:05:30Z</time>
   </trkpt>
   <trkpt lat="49.8671980" lon="6.1631740">
    <ele>191.8</ele>
    <time>2025-09-13T11:05:36Z</time>
   </trkpt>
   <trkpt lat="49.8670770" lon="6.1628670">
    <ele>191.7</ele>
    <time>2025-09-13T11:05:42Z</time>
   </trkpt>
   <trkpt lat="49.8670020" lon="6.1626130">
    <ele>191.7</ele>
    <time>2025-09-13T11:05:47Z</time>
   </trkpt>
   <trkpt lat="49.8669180" lon="6.1625180">
    <ele>192.0</ele>
    <time>2025-09-13T11:05:51Z</time>
   </trkpt>
   <trkpt lat="49.8668370" lon="6.1623720">
    <ele>192.8</ele>
    <time>2025-09-13T11:05:55Z</time>
   </trkpt>
   <trkpt lat="49.8667160" lon="6.1622220">
    <ele>194.4</ele>
    <time>2025-09-13T11:06:00Z</time>
   </trkpt>
   <trkpt lat="49.8665890" lon="6.1620780">
    <ele>196.2</ele>
    <time>2025-09-13T11:06:07Z</time>
   </trkpt>
   <trkpt lat="49.8665590" lon="6.1620660">
    <ele>196.6</ele>
    <time>2025-09-13T11:06:09Z</time>
   </trkpt>
   <trkpt lat="49.8665220" lon="6.1620960">
    <ele>196.4</ele>
    <time>2025-09-13T11:06:11Z</time>
   </trkpt>
   <trkpt lat="49.8664050" lon="6.1622550">
    <ele>195.9</ele>
    <time>2025-09-13T11:06:16Z</time>
   </trkpt>
   <trkpt lat="49.8662850" lon="6.1624640">
    <ele>195.2</ele>
    <time>2025-09-13T11:06:22Z</time>
   </trkpt>
   <trkpt lat="49.8662520" lon="6.1625870">
    <ele>195.0</ele>
    <time>2025-09-13T11:06:26Z</time>
   </trkpt>
   <trkpt lat="49.8661810" lon="6.1625660">
    <ele>194.9</ele>
    <time>2025-09-13T11:06:30Z</time>
   </trkpt>
   <trkpt lat="49.8661480" lon="6.1625030">
    <ele>194.9</ele>
    <time>2025-09-13T11:06:34Z</time>
   </trkpt>
   <trkpt lat="49.8661750" lon="6.1625280">
    <ele>195.0</ele>
    <time>2025-09-13T11:08:20Z</time>
   </trkpt>
   <trkpt lat="49.8662900" lon="6.1623910">
    <ele>195.4</ele>
    <time>2025-09-13T11:08:26Z</time>
   </trkpt>
   <trkpt lat="49.8663510" lon="6.1623080">
    <ele>195.7</ele>
    <time>2025-09-13T11:08:31Z</time>
   </trkpt>
   <trkpt lat="49.8663860" lon="6.1622640">
    <ele>195.8</ele>
    <time>2025-09-13T11:08:35Z</time>
   </trkpt>
   <trkpt lat="49.8664330" lon="6.1621940">
    <ele>196.1</ele>
    <time>2025-09-13T11:08:39Z</time>
   </trkpt>
   <trkpt lat="49.8665390" lon="6.1620430">
    <ele>196.6</ele>
    <time>2025-09-13T11:08:45Z</time>
   </trkpt>
   <trkpt lat="49.8666960" lon="6.1618200">
    <ele>197.0</ele>
    <time>2025-09-13T11:08:51Z</time>
   </trkpt>
   <trkpt lat="49.8668210" lon="6.1616540">
    <ele>197.1</ele>
    <time>2025-09-13T11:08:56Z</time>
   </trkpt>
   <trkpt lat="49.8668260" lon="6.1616470">
    <ele>197.1</ele>
    <time>2025-09-13T11:08:57Z</time>
   </trkpt>
   <trkpt lat="49.8668640" lon="6.1615900">
    <ele>197.1</ele>
    <time>2025-09-13T11:09:15Z</time>
   </trkpt>
   <trkpt lat="49.8668970" lon="6.1615400">
    <ele>197.1</ele>
    <time>2025-09-13T11:09:17Z</time>
   </trkpt>
   <trkpt lat="49.8670260" lon="6.1613570">
    <ele>197.2</ele>
    <time>2025-09-13T11:09:23Z</time>
   </trkpt>
   <trkpt lat="49.8670730" lon="6.1613030">
    <ele>197.2</ele>
    <time>2025-09-13T11:09:25Z</time>
   </trkpt>
   <trkpt lat="49.8671300" lon="6.1613240">
    <ele>197.2</ele>
    <time>2025-09-13T11:09:27Z</time>
   </trkpt>
   <trkpt lat="49.8671500" lon="6.1613380">
    <ele>197.2</ele>
    <time>2025-09-13T11:09:28Z</time>
   </trkpt>
   <trkpt lat="49.8672060" lon="6.1613300">
    <ele>197.2</ele>
    <time>2025-09-13T11:09:30Z</time>
   </trkpt>
   <trkpt lat="49.8673230" lon="6.1612220">
    <ele>197.2</ele>
    <time>2025-09-13T11:09:36Z</time>
   </trkpt>
   <trkpt lat="49.8673560" lon="6.1611300">
    <ele>197.2</ele>
    <time>2025-09-13T11:09:39Z</time>
   </trkpt>
   <trkpt lat="49.8673280" lon="6.1610760">
    <ele>197.1</ele>
    <time>2025-09-13T11:09:41Z</time>
   </trkpt>
   <trkpt lat="49.8671950" lon="6.1608750">
    <ele>197.0</ele>
    <time>2025-09-13T11:09:47Z</time>
   </trkpt>
   <trkpt lat="49.8671530" lon="6.1606930">
    <ele>196.9</ele>
    <time>2025-09-13T11:09:51Z</time>
   </trkpt>
   <trkpt lat="49.8671650" lon="6.1604450">
    <ele>196.8</ele>
    <time>2025-09-13T11:09:57Z</time>
   </trkpt>
   <trkpt lat="49.8671700" lon="6.1602560">
    <ele>196.7</ele>
    <time>2025-09-13T11:10:01Z</time>
   </trkpt>
   <trkpt lat="49.8671790" lon="6.1598980">
    <ele>196.6</ele>
    <time>2025-09-13T11:10:08Z</time>
   </trkpt>
   <trkpt lat="49.8672430" lon="6.1596580">
    <ele>197.0</ele>
    <time>2025-09-13T11:10:14Z</time>
   </trkpt>
   <trkpt lat="49.8672940" lon="6.1595620">
    <ele>197.4</ele>
    <time>2025-09-13T11:10:19Z</time>
   </trkpt>
   <trkpt lat="49.8672730" lon="6.1594760">
    <ele>197.4</ele>
    <time>2025-09-13T11:10:31Z</time>
   </trkpt>
   <trkpt lat="49.8672430" lon="6.1594290">
    <ele>197.4</ele>
    <time>2025-09-13T11:10:33Z</time>
   </trkpt>
   <trkpt lat="49.8672400" lon="6.1594050">
    <ele>197.3</ele>
    <time>2025-09-13T11:10:34Z</time>
   </trkpt>
   <trkpt lat="49.8672530" lon="6.1593670">
    <ele>197.3</ele>
    <time>2025-09-13T11:10:36Z</time>
   </trkpt>
   <trkpt lat="49.8672580" lon="6.1593580">
    <ele>197.3</ele>
    <time>2025-09-13T11:10:37Z</time>
   </trkpt>
   <trkpt lat="49.8690670" lon="6.1599050">
    <ele>200.7</ele>
    <time>2025-09-13T11:17:32Z</time>
   </trkpt>
   <trkpt lat="49.8691440" lon="6.1598380">
    <ele>200.9</ele>
    <time>2025-09-13T11:17:34Z</time>
   </trkpt>
   <trkpt lat="49.8692020" lon="6.1597800">
    <ele>201.2</ele>
    <time>2025-09-13T11:17:36Z</time>
   </trkpt>
   <trkpt lat="49.8692610" lon="6.1597450">
    <ele>201.4</ele>
    <time>2025-09-13T11:17:38Z</time>
   </trkpt>
   <trkpt lat="49.8694130" lon="6.1596420">
    <ele>201.9</ele>
    <time>2025-09-13T11:17:43Z</time>
   </trkpt>
   <trkpt lat="49.8694450" lon="6.1595800">
    <ele>202.0</ele>
    <time>2025-09-13T11:17:45Z</time>
   </trkpt>
   <trkpt lat="49.8694780" lon="6.1594640">
    <ele>201.9</ele>
    <time>2025-09-13T11:17:48Z</time>
   </trkpt>
   <trkpt lat="49.8694600" lon="6.1592180">
    <ele>201.7</ele>
    <time>2025-09-13T11:17:55Z</time>
   </trkpt>
   <trkpt lat="49.8694490" lon="6.1591920">
    <ele>201.7</ele>
    <time>2025-09-13T11:17:57Z</time>
   </trkpt>
   <trkpt lat="49.8693800" lon="6.1596920">
    <ele>201.8</ele>
    <time>2025-09-13T12:03:51Z</time>
   </trkpt>
   <trkpt lat="49.8692240" lon="6.1597780">
    <ele>201.2</ele>
    <time>2025-09-13T12:03:56Z</time>
   </trkpt>
   <trkpt lat="49.8691480" lon="6.1598370">
    <ele>200.9</ele>
    <time>2025-09-13T12:04:00Z</time>
   </trkpt>
   <trkpt lat="49.8691050" lon="6.1598320">
    <ele>200.8</ele>
    <time>2025-09-13T12:04:02Z</time>
   </trkpt>
   <trkpt lat="49.8690640" lon="6.1597990">
    <ele>200.8</ele>
    <time>2025-09-13T12:04:04Z</time>
   </trkpt>
   <trkpt lat="49.8689220" lon="6.1597440">
    <ele>200.5</ele>
    <time>2025-09-13T12:04:09Z</time>
   </trkpt>
   <trkpt lat="49.8687900" lon="6.1596920">
    <ele>200.3</ele>
    <time>2025-09-13T12:04:13Z</time>
   </trkpt>
   <trkpt lat="49.8686620" lon="6.1596520">
    <ele>199.9</ele>
    <time>2025-09-13T12:04:18Z</time>
   </trkpt>
   <trkpt lat="49.8685190" lon="6.1595800">
    <ele>199.6</ele>
    <time>2025-09-13T12:04:23Z</time>
   </trkpt>
   <trkpt lat="49.8684770" lon="6.1595980">
    <ele>199.5</ele>
    <time>2025-09-13T12:04:24Z</time>
   </trkpt>
   <trkpt lat="49.8683480" lon="6.1596430">
    <ele>199.2</ele>
    <time>2025-09-13T12:04:27Z</time>
   </trkpt>
   <trkpt lat="49.8680450" lon="6.1598880">
    <ele>198.6</ele>
    <time>2025-09-13T12:04:32Z</time>
   </trkpt>
   <trkpt lat="49.8678460" lon="6.1599790">
    <ele>198.3</ele>
    <time>2025-09-13T12:04:36Z</time>
   </trkpt>
   <trkpt lat="49.8677220" lon="6.1600300">
    <ele>198.1</ele>
    <time>2025-09-13T12:04:39Z</time>
   </trkpt>
   <trkpt lat="49.8676800" lon="6.1600500">
    <ele>198.0</ele>
    <time>2025-09-13T12:04:40Z</time>
   </trkpt>
   <trkpt lat="49.8674790" lon="6.1600460">
    <ele>197.8</ele>
    <time>2025-09-13T12:04:45Z</time>
   </trkpt>
   <trkpt lat="49.8673850" lon="6.1600530">
    <ele>197.7</ele>
    <time>2025-09-13T12:04:47Z</time>
   </trkpt>
   <trkpt lat="49.8673490" lon="6.1600320">
    <ele>197.6</ele>
    <time>2025-09-13T12:04:48Z</time>
   </trkpt>
   <trkpt lat="49.8672080" lon="6.1599770">
    <ele>197.3</ele>
    <time>2025-09-13T12:04:53Z</time>
   </trkpt>
   <trkpt lat="49.8671800" lon="6.1599650">
    <ele>197.0</ele>
    <time>2025-09-13T12:04:56Z</time>
   </trkpt>
   <trkpt lat="49.8671770" lon="6.1600220">
    <ele>196.6</ele>
    <time>2025-09-13T12:05:12Z</time>
   </trkpt>
   <trkpt lat="49.8671870" lon="6.1601450">
    <ele>196.6</ele>
    <time>2025-09-13T12:05:16Z</time>
   </trkpt>
   <trkpt lat="49.8672130" lon="6.1602250">
    <ele>196.6</ele>
    <time>2025-09-13T12:05:19Z</time>
   </trkpt>
   <trkpt lat="49.8672560" lon="6.1602400">
    <ele>196.7</ele>
    <time>2025-09-13T12:05:21Z</time>
   </trkpt>
   <trkpt lat="49.8672800" lon="6.1602910">
    <ele>196.7</ele>
    <time>2025-09-13T12:05:23Z</time>
   </trkpt>
   <trkpt lat="49.8672930" lon="6.1604470">
    <ele>196.7</ele>
    <time>2025-09-13T12:05:28Z</time>
   </trkpt>
   <trkpt lat="49.8672850" lon="6.1604880">
    <ele>196.8</ele>
    <time>2025-09-13T12:05:29Z</time>
   </trkpt>
   <trkpt lat="49.8672650" lon="6.1605750">
    <ele>196.8</ele>
    <time>2025-09-13T12:05:32Z</time>
   </trkpt>
   <trkpt lat="49.8671080" lon="6.1608210">
    <ele>197.0</ele>
    <time>2025-09-13T12:05:44Z</time>
   </trkpt>
   <trkpt lat="49.8670840" lon="6.1609470">
    <ele>197.1</ele>
    <time>2025-09-13T12:05:46Z</time>
   </trkpt>
   <trkpt lat="49.8670180" lon="6.1611540">
    <ele>197.2</ele>
    <time>2025-09-13T12:05:50Z</time>
   </trkpt>
   <trkpt lat="49.8669170" lon="6.1613340">
    <ele>197.2</ele>
    <time>2025-09-13T12:05:55Z</time>
   </trkpt>
   <trkpt lat="49.8666660" lon="6.1616980">
    <ele>197.0</ele>
    <time>2025-09-13T12:06:03Z</time>
   </trkpt>
   <trkpt lat="49.8665050" lon="6.1619360">
    <ele>196.6</ele>
    <time>2025-09-13T12:06:09Z</time>
   </trkpt>
   <trkpt lat="49.8664170" lon="6.1619100">
    <ele>196.0</ele>
    <time>2025-09-13T12:06:13Z</time>
   </trkpt>
   <trkpt lat="49.8663090" lon="6.1617850">
    <ele>195.5</ele>
    <time>2025-09-13T12:06:17Z</time>
   </trkpt>
   <trkpt lat="49.8662740" lon="6.1617480">
    <ele>195.3</ele>
    <time>2025-09-13T12:06:18Z</time>
   </trkpt>
   <trkpt lat="49.8661230" lon="6.1616020">
    <ele>194.6</ele>
    <time>2025-09-13T12:06:22Z</time>
   </trkpt>
   <trkpt lat="49.8659500" lon="6.1614070">
    <ele>194.1</ele>
    <time>2025-09-13T12:06:27Z</time>
   </trkpt>
   <trkpt lat="49.8657170" lon="6.1611380">
    <ele>193.6</ele>
    <time>2025-09-13T12:06:33Z</time>
   </trkpt>
   <trkpt lat="49.8654720" lon="6.1608240">
    <ele>193.4</ele>
    <time>2025-09-13T12:06:39Z</time>
   </trkpt>
   <trkpt lat="49.8653620" lon="6.1606500">
    <ele>193.3</ele>
    <time>2025-09-13T12:06:42Z</time>
   </trkpt>
   <trkpt lat="49.8653220" lon="6.1606040">
    <ele>193.2</ele>
    <time>2025-09-13T12:06:43Z</time>
   </trkpt>
   <trkpt lat="49.8650420" lon="6.1601690">
    <ele>193.1</ele>
    <time>2025-09-13T12:06:50Z</time>
   </trkpt>
   <trkpt lat="49.8649180" lon="6.1600000">
    <ele>193.2</ele>
    <time>2025-09-13T12:06:53Z</time>
   </trkpt>
   <trkpt lat="49.8648040" lon="6.1598640">
    <ele>193.3</ele>
    <time>2025-09-13T12:06:56Z</time>
   </trkpt>
   <trkpt lat="49.8646550" lon="6.1597250">
    <ele>193.6</ele>
    <time>2025-09-13T12:07:00Z</time>
   </trkpt>
   <trkpt lat="49.8645690" lon="6.1596050">
    <ele>193.7</ele>
    <time>2025-09-13T12:07:04Z</time>
   </trkpt>
   <trkpt lat="49.8645560" lon="6.1595960">
    <ele>193.7</ele>
    <time>2025-09-13T12:07:05Z</time>
   </trkpt>
   <trkpt lat="49.8645450" lon="6.1594970">
    <ele>193.8</ele>
    <time>2025-09-13T12:07:08Z</time>
   </trkpt>
   <trkpt lat="49.8644980" lon="6.1592510">
    <ele>194.0</ele>
    <time>2025-09-13T12:07:13Z</time>
   </trkpt>
   <trkpt lat="49.8643940" lon="6.1590100">
    <ele>193.9</ele>
    <time>2025-09-13T12:07:19Z</time>
   </trkpt>
   <trkpt lat="49.8643850" lon="6.1589240">
    <ele>193.8</ele>
    <time>2025-09-13T12:07:22Z</time>
   </trkpt>
   <trkpt lat="49.8643570" lon="6.1588540">
    <ele>193.8</ele>
    <time>2025-09-13T12:07:24Z</time>
   </trkpt>
   <trkpt lat="49.8642310" lon="6.1586070">
    <ele>193.8</ele>
    <time>2025-09-13T12:07:30Z</time>
   </trkpt>
   <trkpt lat="49.8640970" lon="6.1583260">
    <ele>193.9</ele>
    <time>2025-09-13T12:07:36Z</time>
   </trkpt>
   <trkpt lat="49.8639580" lon="6.1578340">
    <ele>194.1</ele>
    <time>2025-09-13T12:07:44Z</time>
   </trkpt>
   <trkpt lat="49.8638040" lon="6.1573350">
    <ele>194.3</ele>
    <time>2025-09-13T12:07:52Z</time>
   </trkpt>
   <trkpt lat="49.8636210" lon="6.1569120">
    <ele>194.3</ele>
    <time>2025-09-13T12:07:59Z</time>
   </trkpt>
   <trkpt lat="49.8634530" lon="6.1565090">
    <ele>194.4</ele>
    <time>2025-09-13T12:08:06Z</time>
   </trkpt>
   <trkpt lat="49.8632680" lon="6.1561040">
    <ele>194.6</ele>
    <time>2025-09-13T12:08:13Z</time>
   </trkpt>
   <trkpt lat="49.8632450" lon="6.1560540">
    <ele>194.6</ele>
    <time>2025-09-13T12:08:14Z</time>
   </trkpt>
   <trkpt lat="49.8630990" lon="6.1557110">
    <ele>194.7</ele>
    <time>2025-09-13T12:08:21Z</time>
   </trkpt>
   <trkpt lat="49.8630360" lon="6.1555150">
    <ele>194.5</ele>
    <time>2025-09-13T12:08:25Z</time>
   </trkpt>
   <trkpt lat="49.8630440" lon="6.1554580">
    <ele>194.4</ele>
    <time>2025-09-13T12:08:26Z</time>
   </trkpt>
   <trkpt lat="49.8630640" lon="6.1554000">
    <ele>194.3</ele>
    <time>2025-09-13T12:08:27Z</time>
   </trkpt>
   <trkpt lat="49.8630930" lon="6.1552530">
    <ele>194.1</ele>
    <time>2025-09-13T12:08:29Z</time>
   </trkpt>
   <trkpt lat="49.8630950" lon="6.1551710">
    <ele>194.0</ele>
    <time>2025-09-13T12:08:30Z</time>
   </trkpt>
   <trkpt lat="49.8630730" lon="6.1547770">
    <ele>193.7</ele>
    <time>2025-09-13T12:08:35Z</time>
   </trkpt>
   <trkpt lat="49.8630610" lon="6.1545480">
    <ele>193.7</ele>
    <time>2025-09-13T12:08:38Z</time>
   </trkpt>
   <trkpt lat="49.8630350" lon="6.1543430">
    <ele>193.7</ele>
    <time>2025-09-13T12:08:41Z</time>
   </trkpt>
   <trkpt lat="49.8628920" lon="6.1539090">
    <ele>193.8</ele>
    <time>2025-09-13T12:08:49Z</time>
   </trkpt>
   <trkpt lat="49.8628030" lon="6.1537040">
    <ele>193.8</ele>
    <time>2025-09-13T12:08:53Z</time>
   </trkpt>
   <trkpt lat="49.8627830" lon="6.1536380">
    <ele>193.8</ele>
    <time>2025-09-13T12:08:54Z</time>
   </trkpt>
   <trkpt lat="49.8627210" lon="6.1534630">
    <ele>193.8</ele>
    <time>2025-09-13T12:08:57Z</time>
   </trkpt>
   <trkpt lat="49.8626870" lon="6.1533310">
    <ele>193.7</ele>
    <time>2025-09-13T12:08:59Z</time>
   </trkpt>
   <trkpt lat="49.8626060" lon="6.1530380">
    <ele>193.7</ele>
    <time>2025-09-13T12:09:03Z</time>
   </trkpt>
   <trkpt lat="49.8624610" lon="6.1526250">
    <ele>193.8</ele>
    <time>2025-09-13T12:09:09Z</time>
   </trkpt>
   <trkpt lat="49.8624100" lon="6.1524950">
    <ele>193.8</ele>
    <time>2025-09-13T12:09:11Z</time>
   </trkpt>
   <trkpt lat="49.8623470" lon="6.1523670">
    <ele>193.8</ele>
    <time>2025-09-13T12:09:13Z</time>
   </trkpt>
   <trkpt lat="49.8623160" lon="6.1523040">
    <ele>193.7</ele>
    <time>2025-09-13T12:09:14Z</time>
   </trkpt>
   <trkpt lat="49.8621620" lon="6.1520090">
    <ele>193.7</ele>
    <time>2025-09-13T12:09:19Z</time>
   </trkpt>
   <trkpt lat="49.8621350" lon="6.1519520">
    <ele>193.7</ele>
    <time>2025-09-13T12:09:20Z</time>
   </trkpt>
   <trkpt lat="49.8620710" lon="6.1518310">
    <ele>193.7</ele>
    <time>2025-09-13T12:09:22Z</time>
   </trkpt>
   <trkpt lat="49.8620060" lon="6.1517070">
    <ele>193.6</ele>
    <time>2025-09-13T12:09:24Z</time>
   </trkpt>
   <trkpt lat="49.8618970" lon="6.1515020">
    <ele>193.9</ele>
    <time>2025-09-13T12:09:27Z</time>
   </trkpt>
   <trkpt lat="49.8618140" lon="6.1514320">
    <ele>194.2</ele>
    <time>2025-09-13T12:09:29Z</time>
   </trkpt>
   <trkpt lat="49.8616880" lon="6.1513560">
    <ele>194.7</ele>
    <time>2025-09-13T12:09:33Z</time>
   </trkpt>
   <trkpt lat="49.8615470" lon="6.1511540">
    <ele>194.4</ele>
    <time>2025-09-13T12:09:37Z</time>
   </trkpt>
   <trkpt lat="49.8614160" lon="6.1509810">
    <ele>194.2</ele>
    <time>2025-09-13T12:09:40Z</time>
   </trkpt>
   <trkpt lat="49.8613510" lon="6.1508470">
    <ele>194.2</ele>
    <time>2025-09-13T12:09:42Z</time>
   </trkpt>
   <trkpt lat="49.8613000" lon="6.1506930">
    <ele>194.1</ele>
    <time>2025-09-13T12:09:44Z</time>
   </trkpt>
   <trkpt lat="49.8612690" lon="6.1505180">
    <ele>193.9</ele>
    <time>2025-09-13T12:09:46Z</time>
   </trkpt>
   <trkpt lat="49.8612040" lon="6.1503540">
    <ele>193.7</ele>
    <time>2025-09-13T12:09:48Z</time>
   </trkpt>
   <trkpt lat="49.8611640" lon="6.1502840">
    <ele>193.6</ele>
    <time>2025-09-13T12:09:49Z</time>
   </trkpt>
   <trkpt lat="49.8608900" lon="6.1497910">
    <ele>193.1</ele>
    <time>2025-09-13T12:09:56Z</time>
   </trkpt>
   <trkpt lat="49.8608560" lon="6.1497130">
    <ele>193.1</ele>
    <time>2025-09-13T12:09:57Z</time>
   </trkpt>
   <trkpt lat="49.8605110" lon="6.1489550">
    <ele>193.0</ele>
    <time>2025-09-13T12:10:07Z</time>
   </trkpt>
   <trkpt lat="49.8602560" lon="6.1483170">
    <ele>192.8</ele>
    <time>2025-09-13T12:10:15Z</time>
   </trkpt>
   <trkpt lat="49.8600550" lon="6.1478150">
    <ele>193.1</ele>
    <time>2025-09-13T12:10:21Z</time>
   </trkpt>
   <trkpt lat="49.8598320" lon="6.1473160">
    <ele>193.7</ele>
    <time>2025-09-13T12:10:28Z</time>
   </trkpt>
   <trkpt lat="49.8597100" lon="6.1470300">
    <ele>193.9</ele>
    <time>2025-09-13T12:10:32Z</time>
   </trkpt>
   <trkpt lat="49.8596660" lon="6.1468770">
    <ele>193.9</ele>
    <time>2025-09-13T12:10:34Z</time>
   </trkpt>
   <trkpt lat="49.8596310" lon="6.1467180">
    <ele>194.0</ele>
    <time>2025-09-13T12:10:36Z</time>
   </trkpt>
   <trkpt lat="49.8595470" lon="6.1465150">
    <ele>194.1</ele>
    <time>2025-09-13T12:10:39Z</time>
   </trkpt>
   <trkpt lat="49.8594820" lon="6.1463860">
    <ele>194.1</ele>
    <time>2025-09-13T12:10:41Z</time>
   </trkpt>
   <trkpt lat="49.8593670" lon="6.1462230">
    <ele>194.3</ele>
    <time>2025-09-13T12:10:44Z</time>
   </trkpt>
   <trkpt lat="49.8592880" lon="6.1460320">
    <ele>194.4</ele>
    <time>2025-09-13T12:10:47Z</time>
   </trkpt>
   <trkpt lat="49.8592310" lon="6.1458850">
    <ele>194.4</ele>
    <time>2025-09-13T12:10:49Z</time>
   </trkpt>
   <trkpt lat="49.8592030" lon="6.1458080">
    <ele>194.4</ele>
    <time>2025-09-13T12:10:50Z</time>
   </trkpt>
   <trkpt lat="49.8591940" lon="6.1457230">
    <ele>194.3</ele>
    <time>2025-09-13T12:10:51Z</time>
   </trkpt>
   <trkpt lat="49.8591840" lon="6.1455470">
    <ele>194.3</ele>
    <time>2025-09-13T12:10:53Z</time>
   </trkpt>
   <trkpt lat="49.8591340" lon="6.1453980">
    <ele>194.3</ele>
    <time>2025-09-13T12:10:55Z</time>
   </trkpt>
   <trkpt lat="49.8590650" lon="6.1452790">
    <ele>194.3</ele>
    <time>2025-09-13T12:10:57Z</time>
   </trkpt>
   <trkpt lat="49.8589710" lon="6.1452180">
    <ele>194.4</ele>
    <time>2025-09-13T12:10:59Z</time>
   </trkpt>
   <trkpt lat="49.8588830" lon="6.1451560">
    <ele>194.4</ele>
    <time>2025-09-13T12:11:01Z</time>
   </trkpt>
   <trkpt lat="49.8587950" lon="6.1449750">
    <ele>194.4</ele>
    <time>2025-09-13T12:11:04Z</time>
   </trkpt>
   <trkpt lat="49.8587670" lon="6.1449190">
    <ele>194.4</ele>
    <time>2025-09-13T12:11:05Z</time>
   </trkpt>
   <trkpt lat="49.8586980" lon="6.1447630">
    <ele>194.3</ele>
    <time>2025-09-13T12:11:08Z</time>
   </trkpt>
   <trkpt lat="49.8586830" lon="6.1446960">
    <ele>194.2</ele>
    <time>2025-09-13T12:11:09Z</time>
   </trkpt>
   <trkpt lat="49.8586340" lon="6.1444710">
    <ele>193.8</ele>
    <time>2025-09-13T12:11:12Z</time>
   </trkpt>
   <trkpt lat="49.8586080" lon="6.1443970">
    <ele>193.7</ele>
    <time>2025-09-13T12:11:13Z</time>
   </trkpt>
   <trkpt lat="49.8585350" lon="6.1442770">
    <ele>193.5</ele>
    <time>2025-09-13T12:11:15Z</time>
   </trkpt>
   <trkpt lat="49.8584890" lon="6.1442220">
    <ele>193.3</ele>
    <time>2025-09-13T12:11:16Z</time>
   </trkpt>
   <trkpt lat="49.8584070" lon="6.1441180">
    <ele>193.1</ele>
    <time>2025-09-13T12:11:18Z</time>
   </trkpt>
   <trkpt lat="49.8581330" lon="6.1438570">
    <ele>192.7</ele>
    <time>2025-09-13T12:11:24Z</time>
   </trkpt>
   <trkpt lat="49.8577780" lon="6.1434960">
    <ele>192.5</ele>
    <time>2025-09-13T12:11:32Z</time>
   </trkpt>
   <trkpt lat="49.8574520" lon="6.1431720">
    <ele>192.4</ele>
    <time>2025-09-13T12:11:39Z</time>
   </trkpt>
   <trkpt lat="49.8571220" lon="6.1428120">
    <ele>192.4</ele>
    <time>2025-09-13T12:11:46Z</time>
   </trkpt>
   <trkpt lat="49.8569800" lon="6.1426580">
    <ele>192.4</ele>
    <time>2025-09-13T12:11:49Z</time>
   </trkpt>
   <trkpt lat="49.8568820" lon="6.1425620">
    <ele>192.4</ele>
    <time>2025-09-13T12:11:51Z</time>
   </trkpt>
   <trkpt lat="49.8564990" lon="6.1421740">
    <ele>192.3</ele>
    <time>2025-09-13T12:11:59Z</time>
   </trkpt>
   <trkpt lat="49.8563280" lon="6.1420130">
    <ele>192.3</ele>
    <time>2025-09-13T12:12:04Z</time>
   </trkpt>
   <trkpt lat="49.8560360" lon="6.1417500">
    <ele>192.3</ele>
    <time>2025-09-13T12:12:11Z</time>
   </trkpt>
   <trkpt lat="49.8559040" lon="6.1416270">
    <ele>192.3</ele>
    <time>2025-09-13T12:12:14Z</time>
   </trkpt>
   <trkpt lat="49.8558140" lon="6.1415400">
    <ele>192.3</ele>
    <time>2025-09-13T12:12:16Z</time>
   </trkpt>
   <trkpt lat="49.8557140" lon="6.1414500">
    <ele>192.2</ele>
    <time>2025-09-13T12:12:18Z</time>
   </trkpt>
   <trkpt lat="49.8554630" lon="6.1412410">
    <ele>192.2</ele>
    <time>2025-09-13T12:12:23Z</time>
   </trkpt>
   <trkpt lat="49.8552150" lon="6.1410360">
    <ele>192.1</ele>
    <time>2025-09-13T12:12:28Z</time>
   </trkpt>
   <trkpt lat="49.8548250" lon="6.1407300">
    <ele>192.0</ele>
    <time>2025-09-13T12:12:36Z</time>
   </trkpt>
   <trkpt lat="49.8544500" lon="6.1404020">
    <ele>192.0</ele>
    <time>2025-09-13T12:12:44Z</time>
   </trkpt>
   <trkpt lat="49.8541860" lon="6.1401150">
    <ele>192.1</ele>
    <time>2025-09-13T12:12:50Z</time>
   </trkpt>
   <trkpt lat="49.8538950" lon="6.1397530">
    <ele>192.5</ele>
    <time>2025-09-13T12:12:57Z</time>
   </trkpt>
   <trkpt lat="49.8537360" lon="6.1395120">
    <ele>193.3</ele>
    <time>2025-09-13T12:13:02Z</time>
   </trkpt>
   <trkpt lat="49.8537050" lon="6.1394770">
    <ele>193.5</ele>
    <time>2025-09-13T12:13:03Z</time>
   </trkpt>
   <trkpt lat="49.8536760" lon="6.1394610">
    <ele>193.6</ele>
    <time>2025-09-13T12:13:04Z</time>
   </trkpt>
   <trkpt lat="49.8536210" lon="6.1394910">
    <ele>193.9</ele>
    <time>2025-09-13T12:13:06Z</time>
   </trkpt>
   <trkpt lat="49.8535060" lon="6.1396120">
    <ele>194.6</ele>
    <time>2025-09-13T12:13:11Z</time>
   </trkpt>
   <trkpt lat="49.8534800" lon="6.1396210">
    <ele>194.7</ele>
    <time>2025-09-13T12:13:12Z</time>
   </trkpt>
   <trkpt lat="49.8533980" lon="6.1395730">
    <ele>194.9</ele>
    <time>2025-09-13T12:13:15Z</time>
   </trkpt>
   <trkpt lat="49.8531760" lon="6.1393620">
    <ele>195.1</ele>
    <time>2025-09-13T12:13:22Z</time>
   </trkpt>
   <trkpt lat="49.8529270" lon="6.1391060">
    <ele>195.1</ele>
    <time>2025-09-13T12:13:29Z</time>
   </trkpt>
   <trkpt lat="49.8525660" lon="6.1387370">
    <ele>195.4</ele>
    <time>2025-09-13T12:13:38Z</time>
   </trkpt>
   <trkpt lat="49.8522360" lon="6.1383870">
    <ele>195.7</ele>
    <time>2025-09-13T12:13:46Z</time>
   </trkpt>
   <trkpt lat="49.8519850" lon="6.1379860">
    <ele>195.8</ele>
    <time>2025-09-13T12:13:53Z</time>
   </trkpt>
   <trkpt lat="49.8516160" lon="6.1373860">
    <ele>195.8</ele>
    <time>2025-09-13T12:14:03Z</time>
   </trkpt>
   <trkpt lat="49.8512770" lon="6.1368250">
    <ele>195.9</ele>
    <time>2025-09-13T12:14:12Z</time>
   </trkpt>
   <trkpt lat="49.8510570" lon="6.1363360">
    <ele>196.0</ele>
    <time>2025-09-13T12:14:19Z</time>
   </trkpt>
   <trkpt lat="49.8508050" lon="6.1356130">
    <ele>195.9</ele>
    <time>2025-09-13T12:14:28Z</time>
   </trkpt>
   <trkpt lat="49.8506260" lon="6.1351260">
    <ele>196.1</ele>
    <time>2025-09-13T12:14:34Z</time>
   </trkpt>
   <trkpt lat="49.8504340" lon="6.1348070">
    <ele>196.4</ele>
    <time>2025-09-13T12:14:39Z</time>
   </trkpt>
   <trkpt lat="49.8501950" lon="6.1344340">
    <ele>197.0</ele>
    <time>2025-09-13T12:14:46Z</time>
   </trkpt>
   <trkpt lat="49.8501510" lon="6.1343480">
    <ele>197.2</ele>
    <time>2025-09-13T12:14:49Z</time>
   </trkpt>
   <trkpt lat="49.8501500" lon="6.1343430">
    <ele>197.3</ele>
    <time>2025-09-13T12:14:50Z</time>
   </trkpt>
   <trkpt lat="49.8499880" lon="6.1341050">
    <ele>198.0</ele>
    <time>2025-09-13T12:23:30Z</time>
   </trkpt>
   <trkpt lat="49.8499770" lon="6.1340800">
    <ele>198.1</ele>
    <time>2025-09-13T12:23:31Z</time>
   </trkpt>
   <trkpt lat="49.8499570" lon="6.1340010">
    <ele>198.1</ele>
    <time>2025-09-13T12:23:34Z</time>
   </trkpt>
   <trkpt lat="49.8499620" lon="6.1339620">
    <ele>198.2</ele>
    <time>2025-09-13T12:23:36Z</time>
   </trkpt>
   <trkpt lat="49.8499660" lon="6.1339510">
    <ele>198.2</ele>
    <time>2025-09-13T12:23:37Z</time>
   </trkpt>
   <trkpt lat="49.8499650" lon="6.1338990">
    <ele>198.2</ele>
    <time>2025-09-13T12:23:39Z</time>
   </trkpt>
   <trkpt lat="49.8499480" lon="6.1338630">
    <ele>198.3</ele>
    <time>2025-09-13T12:23:41Z</time>
   </trkpt>
   <trkpt lat="49.8498540" lon="6.1338350">
    <ele>198.6</ele>
    <time>2025-09-13T12:23:45Z</time>
   </trkpt>
   <trkpt lat="49.8497300" lon="6.1335800">
    <ele>199.3</ele>
    <time>2025-09-13T12:23:51Z</time>
   </trkpt>
   <trkpt lat="49.8496190" lon="6.1333670">
    <ele>199.9</ele>
    <time>2025-09-13T12:23:56Z</time>
   </trkpt>
   <trkpt lat="49.8493980" lon="6.1329600">
    <ele>201.0</ele>
    <time>2025-09-13T12:24:05Z</time>
   </trkpt>
   <trkpt lat="49.8492680" lon="6.1326340">
    <ele>201.3</ele>
    <time>2025-09-13T12:24:11Z</time>
   </trkpt>
   <trkpt lat="49.8492480" lon="6.1325760">
    <ele>201.4</ele>
    <time>2025-09-13T12:24:12Z</time>
   </trkpt>
   <trkpt lat="49.8490850" lon="6.1321720">
    <ele>201.9</ele>
    <time>2025-09-13T12:24:19Z</time>
   </trkpt>
   <trkpt lat="49.8490250" lon="6.1319850">
    <ele>202.1</ele>
    <time>2025-09-13T12:24:22Z</time>
   </trkpt>
   <trkpt lat="49.8489710" lon="6.1318800">
    <ele>202.3</ele>
    <time>2025-09-13T12:24:24Z</time>
   </trkpt>
   <trkpt lat="49.8489130" lon="6.1317840">
    <ele>202.5</ele>
    <time>2025-09-13T12:24:26Z</time>
   </trkpt>
   <trkpt lat="49.8486670" lon="6.1314110">
    <ele>203.3</ele>
    <time>2025-09-13T12:24:34Z</time>
   </trkpt>
   <trkpt lat="49.8484470" lon="6.1309080">
    <ele>204.0</ele>
    <time>2025-09-13T12:24:43Z</time>
   </trkpt>
   <trkpt lat="49.8483030" lon="6.1304450">
    <ele>204.4</ele>
    <time>2025-09-13T12:24:51Z</time>
   </trkpt>
   <trkpt lat="49.8482120" lon="6.1300780">
    <ele>204.3</ele>
    <time>2025-09-13T12:24:58Z</time>
   </trkpt>
   <trkpt lat="49.8481550" lon="6.1298860">
    <ele>203.3</ele>
    <time>2025-09-13T12:25:01Z</time>
   </trkpt>
   <trkpt lat="49.8481410" lon="6.1298080">
    <ele>203.0</ele>
    <time>2025-09-13T12:25:02Z</time>
   </trkpt>
   <trkpt lat="49.8480640" lon="6.1292850">
    <ele>200.7</ele>
    <time>2025-09-13T12:25:07Z</time>
   </trkpt>
   <trkpt lat="49.8480120" lon="6.1286780">
    <ele>198.5</ele>
    <time>2025-09-13T12:25:12Z</time>
   </trkpt>
   <trkpt lat="49.8479700" lon="6.1278930">
    <ele>196.7</ele>
    <time>2025-09-13T12:25:18Z</time>
   </trkpt>
   <trkpt lat="49.8479190" lon="6.1274130">
    <ele>196.9</ele>
    <time>2025-09-13T12:25:22Z</time>
   </trkpt>
   <trkpt lat="49.8478130" lon="6.1268630">
    <ele>196.4</ele>
    <time>2025-09-13T12:25:27Z</time>
   </trkpt>
   <trkpt lat="49.8477340" lon="6.1264620">
    <ele>196.4</ele>
    <time>2025-09-13T12:25:31Z</time>
   </trkpt>
   <trkpt lat="49.8476920" lon="6.1260630">
    <ele>196.5</ele>
    <time>2025-09-13T12:25:35Z</time>
   </trkpt>
   <trkpt lat="49.8476850" lon="6.1258750">
    <ele>196.5</ele>
    <time>2025-09-13T12:25:37Z</time>
   </trkpt>
   <trkpt lat="49.8476770" lon="6.1252230">
    <ele>196.5</ele>
    <time>2025-09-13T12:25:44Z</time>
   </trkpt>
   <trkpt lat="49.8476790" lon="6.1246620">
    <ele>196.6</ele>
    <time>2025-09-13T12:25:50Z</time>
   </trkpt>
   <trkpt lat="49.8477090" lon="6.1238000">
    <ele>196.7</ele>
    <time>2025-09-13T12:25:59Z</time>
   </trkpt>
   <trkpt lat="49.8476710" lon="6.1229480">
    <ele>197.1</ele>
    <time>2025-09-13T12:26:08Z</time>
   </trkpt>
   <trkpt lat="49.8476310" lon="6.1221950">
    <ele>197.7</ele>
    <time>2025-09-13T12:26:16Z</time>
   </trkpt>
   <trkpt lat="49.8476010" lon="6.1215870">
    <ele>198.2</ele>
    <time>2025-09-13T12:26:23Z</time>
   </trkpt>
   <trkpt lat="49.8475860" lon="6.1212590">
    <ele>198.4</ele>
    <time>2025-09-13T12:26:27Z</time>
   </trkpt>
   <trkpt lat="49.8475950" lon="6.1211030">
    <ele>198.4</ele>
    <time>2025-09-13T12:26:29Z</time>
   </trkpt>
   <trkpt lat="49.8476050" lon="6.1210260">
    <ele>198.3</ele>
    <time>2025-09-13T12:26:30Z</time>
   </trkpt>
   <trkpt lat="49.8476480" lon="6.1206780">
    <ele>197.7</ele>
    <time>2025-09-13T12:26:34Z</time>
   </trkpt>
   <trkpt lat="49.8476670" lon="6.1205860">
    <ele>197.6</ele>
    <time>2025-09-13T12:26:35Z</time>
   </trkpt>
   <trkpt lat="49.8477330" lon="6.1201780">
    <ele>197.0</ele>
    <time>2025-09-13T12:26:39Z</time>
   </trkpt>
   <trkpt lat="49.8477490" lon="6.1200700">
    <ele>196.9</ele>
    <time>2025-09-13T12:26:40Z</time>
   </trkpt>
   <trkpt lat="49.8477830" lon="6.1197360">
    <ele>196.7</ele>
    <time>2025-09-13T12:26:43Z</time>
   </trkpt>
   <trkpt lat="49.8477740" lon="6.1196240">
    <ele>196.7</ele>
    <time>2025-09-13T12:26:44Z</time>
   </trkpt>
   <trkpt lat="49.8477040" lon="6.1189840">
    <ele>196.4</ele>
    <time>2025-09-13T12:26:50Z</time>
   </trkpt>
   <trkpt lat="49.8476990" lon="6.1185830">
    <ele>196.5</ele>
    <time>2025-09-13T12:26:54Z</time>
   </trkpt>
   <trkpt lat="49.8477200" lon="6.1182850">
    <ele>196.7</ele>
    <time>2025-09-13T12:26:57Z</time>
   </trkpt>
   <trkpt lat="49.8477200" lon="6.1181900">
    <ele>196.7</ele>
    <time>2025-09-13T12:26:58Z</time>
   </trkpt>
   <trkpt lat="49.8477140" lon="6.1180130">
    <ele>196.8</ele>
    <time>2025-09-13T12:27:00Z</time>
   </trkpt>
   <trkpt lat="49.8477020" lon="6.1179190">
    <ele>196.8</ele>
    <time>2025-09-13T12:27:01Z</time>
   </trkpt>
   <trkpt lat="49.8476970" lon="6.1178210">
    <ele>196.8</ele>
    <time>2025-09-13T12:27:02Z</time>
   </trkpt>
   <trkpt lat="49.8477050" lon="6.1174350">
    <ele>196.9</ele>
    <time>2025-09-13T12:27:06Z</time>
   </trkpt>
   <trkpt lat="49.8477100" lon="6.1173420">
    <ele>197.0</ele>
    <time>2025-09-13T12:27:07Z</time>
   </trkpt>
   <trkpt lat="49.8477230" lon="6.1170620">
    <ele>197.1</ele>
    <time>2025-09-13T12:27:10Z</time>
   </trkpt>
   <trkpt lat="49.8477410" lon="6.1164830">
    <ele>197.3</ele>
    <time>2025-09-13T12:27:16Z</time>
   </trkpt>
   <trkpt lat="49.8477470" lon="6.1163870">
    <ele>197.3</ele>
    <time>2025-09-13T12:27:17Z</time>
   </trkpt>
   <trkpt lat="49.8477530" lon="6.1163000">
    <ele>197.3</ele>
    <time>2025-09-13T12:27:18Z</time>
   </trkpt>
   <trkpt lat="49.8477650" lon="6.1160340">
    <ele>197.3</ele>
    <time>2025-09-13T12:27:21Z</time>
   </trkpt>
   <trkpt lat="49.8477680" lon="6.1158440">
    <ele>197.3</ele>
    <time>2025-09-13T12:27:23Z</time>
   </trkpt>
   <trkpt lat="49.8477750" lon="6.1156540">
    <ele>197.3</ele>
    <time>2025-09-13T12:27:25Z</time>
   </trkpt>
   <trkpt lat="49.8477890" lon="6.1151790">
    <ele>197.3</ele>
    <time>2025-09-13T12:27:30Z</time>
   </trkpt>
   <trkpt lat="49.8477990" lon="6.1149930">
    <ele>197.3</ele>
    <time>2025-09-13T12:27:32Z</time>
   </trkpt>
   <trkpt lat="49.8478000" lon="6.1148030">
    <ele>197.3</ele>
    <time>2025-09-13T12:27:34Z</time>
   </trkpt>
   <trkpt lat="49.8478150" lon="6.1144400">
    <ele>197.4</ele>
    <time>2025-09-13T12:27:38Z</time>
   </trkpt>
   <trkpt lat="49.8478510" lon="6.1139760">
    <ele>197.4</ele>
    <time>2025-09-13T12:27:43Z</time>
   </trkpt>
   <trkpt lat="49.8478590" lon="6.1138720">
    <ele>197.4</ele>
    <time>2025-09-13T12:27:44Z</time>
   </trkpt>
   <trkpt lat="49.8478950" lon="6.1135790">
    <ele>197.3</ele>
    <time>2025-09-13T12:27:47Z</time>
   </trkpt>
   <trkpt lat="49.8479310" lon="6.1131540">
    <ele>197.3</ele>
    <time>2025-09-13T12:27:51Z</time>
   </trkpt>
   <trkpt lat="49.8479350" lon="6.1130480">
    <ele>197.3</ele>
    <time>2025-09-13T12:27:52Z</time>
   </trkpt>
   <trkpt lat="49.8479420" lon="6.1129400">
    <ele>197.3</ele>
    <time>2025-09-13T12:27:53Z</time>
   </trkpt>
   <trkpt lat="49.8479790" lon="6.1126620">
    <ele>197.4</ele>
    <time>2025-09-13T12:27:56Z</time>
   </trkpt>
   <trkpt lat="49.8480450" lon="6.1121170">
    <ele>197.6</ele>
    <time>2025-09-13T12:28:02Z</time>
   </trkpt>
   <trkpt lat="49.8480650" lon="6.1117660">
    <ele>197.5</ele>
    <time>2025-09-13T12:28:06Z</time>
   </trkpt>
   <trkpt lat="49.8480530" lon="6.1110560">
    <ele>197.8</ele>
    <time>2025-09-13T12:28:14Z</time>
   </trkpt>
   <trkpt lat="49.8479790" lon="6.1106180">
    <ele>197.9</ele>
    <time>2025-09-13T12:28:19Z</time>
   </trkpt>
   <trkpt lat="49.8479600" lon="6.1105280">
    <ele>197.9</ele>
    <time>2025-09-13T12:28:20Z</time>
   </trkpt>
   <trkpt lat="49.8479200" lon="6.1103720">
    <ele>197.9</ele>
    <time>2025-09-13T12:28:22Z</time>
   </trkpt>
   <trkpt lat="49.8478330" lon="6.1101490">
    <ele>198.0</ele>
    <time>2025-09-13T12:28:25Z</time>
   </trkpt>
   <trkpt lat="49.8477740" lon="6.1100070">
    <ele>198.1</ele>
    <time>2025-09-13T12:28:27Z</time>
   </trkpt>
   <trkpt lat="49.8476670" lon="6.1097960">
    <ele>198.1</ele>
    <time>2025-09-13T12:28:30Z</time>
   </trkpt>
   <trkpt lat="49.8474450" lon="6.1093680">
    <ele>198.3</ele>
    <time>2025-09-13T12:28:36Z</time>
   </trkpt>
   <trkpt lat="49.8472910" lon="6.1090870">
    <ele>198.6</ele>
    <time>2025-09-13T12:28:40Z</time>
   </trkpt>
   <trkpt lat="49.8470590" lon="6.1086910">
    <ele>199.2</ele>
    <time>2025-09-13T12:28:46Z</time>
   </trkpt>
   <trkpt lat="49.8469740" lon="6.1085820">
    <ele>199.3</ele>
    <time>2025-09-13T12:28:48Z</time>
   </trkpt>
   <trkpt lat="49.8467890" lon="6.1083900">
    <ele>199.6</ele>
    <time>2025-09-13T12:28:52Z</time>
   </trkpt>
   <trkpt lat="49.8464660" lon="6.1080550">
    <ele>199.9</ele>
    <time>2025-09-13T12:28:59Z</time>
   </trkpt>
   <trkpt lat="49.8462040" lon="6.1077320">
    <ele>200.0</ele>
    <time>2025-09-13T12:29:05Z</time>
   </trkpt>
   <trkpt lat="49.8459310" lon="6.1073750">
    <ele>200.2</ele>
    <time>2025-09-13T12:29:11Z</time>
   </trkpt>
   <trkpt lat="49.8456800" lon="6.1070040">
    <ele>200.7</ele>
    <time>2025-09-13T12:29:17Z</time>
   </trkpt>
   <trkpt lat="49.8454980" lon="6.1067030">
    <ele>201.0</ele>
    <time>2025-09-13T12:29:22Z</time>
   </trkpt>
   <trkpt lat="49.8454290" lon="6.1065880">
    <ele>201.2</ele>
    <time>2025-09-13T12:29:24Z</time>
   </trkpt>
   <trkpt lat="49.8453810" lon="6.1064930">
    <ele>201.3</ele>
    <time>2025-09-13T12:29:26Z</time>
   </trkpt>
   <trkpt lat="49.8453280" lon="6.1063960">
    <ele>201.4</ele>
    <time>2025-09-13T12:29:28Z</time>
   </trkpt>
   <trkpt lat="49.8452740" lon="6.1062730">
    <ele>201.5</ele>
    <time>2025-09-13T12:29:30Z</time>
   </trkpt>
   <trkpt lat="49.8450800" lon="6.1059370">
    <ele>201.4</ele>
    <time>2025-09-13T12:29:35Z</time>
   </trkpt>
   <trkpt lat="49.8450400" lon="6.1058860">
    <ele>201.4</ele>
    <time>2025-09-13T12:29:36Z</time>
   </trkpt>
   <trkpt lat="49.8450010" lon="6.1058350">
    <ele>201.4</ele>
    <time>2025-09-13T12:29:37Z</time>
   </trkpt>
   <trkpt lat="49.8448600" lon="6.1056280">
    <ele>201.3</ele>
    <time>2025-09-13T12:29:41Z</time>
   </trkpt>
   <trkpt lat="49.8447910" lon="6.1055200">
    <ele>201.3</ele>
    <time>2025-09-13T12:29:43Z</time>
   </trkpt>
   <trkpt lat="49.8447140" lon="6.1054120">
    <ele>201.2</ele>
    <time>2025-09-13T12:29:45Z</time>
   </trkpt>
   <trkpt lat="49.8446780" lon="6.1053550">
    <ele>201.1</ele>
    <time>2025-09-13T12:29:46Z</time>
   </trkpt>
   <trkpt lat="49.8445190" lon="6.1050970">
    <ele>200.9</ele>
    <time>2025-09-13T12:29:50Z</time>
   </trkpt>
   <trkpt lat="49.8444810" lon="6.1050190">
    <ele>200.8</ele>
    <time>2025-09-13T12:29:51Z</time>
   </trkpt>
   <trkpt lat="49.8443120" lon="6.1046500">
    <ele>200.6</ele>
    <time>2025-09-13T12:29:56Z</time>
   </trkpt>
   <trkpt lat="49.8442530" lon="6.1044630">
    <ele>200.5</ele>
    <time>2025-09-13T12:29:59Z</time>
   </trkpt>
   <trkpt lat="49.8442510" lon="6.1042920">
    <ele>200.5</ele>
    <time>2025-09-13T12:30:01Z</time>
   </trkpt>
   <trkpt lat="49.8442690" lon="6.1042050">
    <ele>200.4</ele>
    <time>2025-09-13T12:30:02Z</time>
   </trkpt>
   <trkpt lat="49.8442820" lon="6.1040870">
    <ele>200.3</ele>
    <time>2025-09-13T12:30:03Z</time>
   </trkpt>
   <trkpt lat="49.8443600" lon="6.1039400">
    <ele>200.2</ele>
    <time>2025-09-13T12:30:05Z</time>
   </trkpt>
   <trkpt lat="49.8444040" lon="6.1038780">
    <ele>200.2</ele>
    <time>2025-09-13T12:30:06Z</time>
   </trkpt>
   <trkpt lat="49.8445050" lon="6.1036780">
    <ele>200.1</ele>
    <time>2025-09-13T12:30:09Z</time>
   </trkpt>
   <trkpt lat="49.8445320" lon="6.1035420">
    <ele>200.1</ele>
    <time>2025-09-13T12:30:11Z</time>
   </trkpt>
   <trkpt lat="49.8445180" lon="6.1034700">
    <ele>200.1</ele>
    <time>2025-09-13T12:30:12Z</time>
   </trkpt>
   <trkpt lat="49.8444890" lon="6.1034040">
    <ele>200.0</ele>
    <time>2025-09-13T12:30:13Z</time>
   </trkpt>
   <trkpt lat="49.8443650" lon="6.1032500">
    <ele>199.8</ele>
    <time>2025-09-13T12:30:16Z</time>
   </trkpt>
   <trkpt lat="49.8440310" lon="6.1029540">
    <ele>199.9</ele>
    <time>2025-09-13T12:30:23Z</time>
   </trkpt>
   <trkpt lat="49.8436820" lon="6.1026270">
    <ele>200.4</ele>
    <time>2025-09-13T12:30:31Z</time>
   </trkpt>
   <trkpt lat="49.8433590" lon="6.1022840">
    <ele>200.9</ele>
    <time>2025-09-13T12:30:39Z</time>
   </trkpt>
   <trkpt lat="49.8429160" lon="6.1019280">
    <ele>201.7</ele>
    <time>2025-09-13T12:30:49Z</time>
   </trkpt>
   <trkpt lat="49.8425230" lon="6.1016890">
    <ele>203.2</ele>
    <time>2025-09-13T12:30:58Z</time>
   </trkpt>
   <trkpt lat="49.8423340" lon="6.1015580">
    <ele>204.2</ele>
    <time>2025-09-13T12:31:03Z</time>
   </trkpt>
   <trkpt lat="49.8420720" lon="6.1014000">
    <ele>205.6</ele>
    <time>2025-09-13T12:31:10Z</time>
   </trkpt>
   <trkpt lat="49.8417990" lon="6.1012140">
    <ele>207.2</ele>
    <time>2025-09-13T12:31:18Z</time>
   </trkpt>
   <trkpt lat="49.8416040" lon="6.1009870">
    <ele>208.9</ele>
    <time>2025-09-13T12:31:25Z</time>
   </trkpt>
   <trkpt lat="49.8416240" lon="6.1008510">
    <ele>208.8</ele>
    <time>2025-09-13T12:31:28Z</time>
   </trkpt>
   <trkpt lat="49.8417200" lon="6.1005500">
    <ele>208.5</ele>
    <time>2025-09-13T12:31:35Z</time>
   </trkpt>
   <trkpt lat="49.8418320" lon="6.1002790">
    <ele>207.3</ele>
    <time>2025-09-13T12:31:39Z</time>
   </trkpt>
   <trkpt lat="49.8420630" lon="6.0998120">
    <ele>204.6</ele>
    <time>2025-09-13T12:31:44Z</time>
   </trkpt>
   <trkpt lat="49.8421570" lon="6.0996620">
    <ele>204.1</ele>
    <time>2025-09-13T12:31:46Z</time>
   </trkpt>
   <trkpt lat="49.8422360" lon="6.0995120">
    <ele>203.6</ele>
    <time>2025-09-13T12:31:48Z</time>
   </trkpt>
   <trkpt lat="49.8422700" lon="6.0994400">
    <ele>203.5</ele>
    <time>2025-09-13T12:31:49Z</time>
   </trkpt>
   <trkpt lat="49.8423540" lon="6.0992570">
    <ele>203.2</ele>
    <time>2025-09-13T12:31:52Z</time>
   </trkpt>
   <trkpt lat="49.8424140" lon="6.0990730">
    <ele>202.9</ele>
    <time>2025-09-13T12:31:56Z</time>
   </trkpt>
   <trkpt lat="49.8424280" lon="6.0990270">
    <ele>202.9</ele>
    <time>2025-09-13T12:31:59Z</time>
   </trkpt>
   <trkpt lat="49.8424000" lon="6.0989260">
    <ele>202.7</ele>
    <time>2025-09-13T12:33:24Z</time>
   </trkpt>
   <trkpt lat="49.8422860" lon="6.0988650">
    <ele>202.7</ele>
    <time>2025-09-13T12:33:28Z</time>
   </trkpt>
   <trkpt lat="49.8422070" lon="6.0988290">
    <ele>202.7</ele>
    <time>2025-09-13T12:33:30Z</time>
   </trkpt>
   <trkpt lat="49.8420680" lon="6.0987950">
    <ele>202.7</ele>
    <time>2025-09-13T12:33:33Z</time>
   </trkpt>
   <trkpt lat="49.8417950" lon="6.0987160">
    <ele>202.9</ele>
    <time>2025-09-13T12:33:39Z</time>
   </trkpt>
   <trkpt lat="49.8414660" lon="6.0986070">
    <ele>203.1</ele>
    <time>2025-09-13T12:33:45Z</time>
   </trkpt>
   <trkpt lat="49.8409910" lon="6.0984440">
    <ele>203.1</ele>
    <time>2025-09-13T12:33:53Z</time>
   </trkpt>
   <trkpt lat="49.8409350" lon="6.0984230">
    <ele>203.1</ele>
    <time>2025-09-13T12:33:54Z</time>
   </trkpt>
   <trkpt lat="49.8407130" lon="6.0983270">
    <ele>203.1</ele>
    <time>2025-09-13T12:33:58Z</time>
   </trkpt>
   <trkpt lat="49.8402210" lon="6.0981410">
    <ele>203.6</ele>
    <time>2025-09-13T12:34:07Z</time>
   </trkpt>
   <trkpt lat="49.8399780" lon="6.0980310">
    <ele>203.9</ele>
    <time>2025-09-13T12:34:12Z</time>
   </trkpt>
   <trkpt lat="49.8399470" lon="6.0979810">
    <ele>204.0</ele>
    <time>2025-09-13T12:34:13Z</time>
   </trkpt>
   <trkpt lat="49.8399270" lon="6.0979220">
    <ele>204.0</ele>
    <time>2025-09-13T12:34:14Z</time>
   </trkpt>
   <trkpt lat="49.8398920" lon="6.0978090">
    <ele>204.0</ele>
    <time>2025-09-13T12:34:16Z</time>
   </trkpt>
   <trkpt lat="49.8398640" lon="6.0977630">
    <ele>204.0</ele>
    <time>2025-09-13T12:34:17Z</time>
   </trkpt>
   <trkpt lat="49.8398260" lon="6.0977350">
    <ele>204.0</ele>
    <time>2025-09-13T12:34:18Z</time>
   </trkpt>
   <trkpt lat="49.8397400" lon="6.0977330">
    <ele>204.0</ele>
    <time>2025-09-13T12:34:20Z</time>
   </trkpt>
   <trkpt lat="49.8396520" lon="6.0977460">
    <ele>204.0</ele>
    <time>2025-09-13T12:34:22Z</time>
   </trkpt>
   <trkpt lat="49.8395580" lon="6.0977300">
    <ele>203.9</ele>
    <time>2025-09-13T12:34:24Z</time>
   </trkpt>
   <trkpt lat="49.8395070" lon="6.0977070">
    <ele>203.8</ele>
    <time>2025-09-13T12:34:25Z</time>
   </trkpt>
   <trkpt lat="49.8391210" lon="6.0975330">
    <ele>203.4</ele>
    <time>2025-09-13T12:34:33Z</time>
   </trkpt>
   <trkpt lat="49.8387060" lon="6.0973090">
    <ele>203.3</ele>
    <time>2025-09-13T12:34:41Z</time>
   </trkpt>
   <trkpt lat="49.8382870" lon="6.0971560">
    <ele>203.8</ele>
    <time>2025-09-13T12:34:49Z</time>
   </trkpt>
   <trkpt lat="49.8379690" lon="6.0970640">
    <ele>204.1</ele>
    <time>2025-09-13T12:34:55Z</time>
   </trkpt>
   <trkpt lat="49.8374480" lon="6.0968450">
    <ele>204.4</ele>
    <time>2025-09-13T12:35:05Z</time>
   </trkpt>
   <trkpt lat="49.8373960" lon="6.0968200">
    <ele>204.4</ele>
    <time>2025-09-13T12:35:06Z</time>
   </trkpt>
   <trkpt lat="49.8369870" lon="6.0966200">
    <ele>204.5</ele>
    <time>2025-09-13T12:35:14Z</time>
   </trkpt>
   <trkpt lat="49.8365490" lon="6.0965330">
    <ele>204.7</ele>
    <time>2025-09-13T12:35:22Z</time>
   </trkpt>
   <trkpt lat="49.8360950" lon="6.0966120">
    <ele>204.7</ele>
    <time>2025-09-13T12:35:30Z</time>
   </trkpt>
   <trkpt lat="49.8357100" lon="6.0964940">
    <ele>204.8</ele>
    <time>2025-09-13T12:35:37Z</time>
   </trkpt>
   <trkpt lat="49.8352290" lon="6.0963290">
    <ele>205.0</ele>
    <time>2025-09-13T12:35:46Z</time>
   </trkpt>
   <trkpt lat="49.8347770" lon="6.0961840">
    <ele>205.4</ele>
    <time>2025-09-13T12:35:54Z</time>
   </trkpt>
   <trkpt lat="49.8343970" lon="6.0960100">
    <ele>205.5</ele>
    <time>2025-09-13T12:36:01Z</time>
   </trkpt>
   <trkpt lat="49.8339600" lon="6.0958130">
    <ele>205.4</ele>
    <time>2025-09-13T12:36:09Z</time>
   </trkpt>
   <trkpt lat="49.8334680" lon="6.0956520">
    <ele>205.1</ele>
    <time>2025-09-13T12:36:17Z</time>
   </trkpt>
   <trkpt lat="49.8330150" lon="6.0954980">
    <ele>204.8</ele>
    <time>2025-09-13T12:36:24Z</time>
   </trkpt>
   <trkpt lat="49.8324350" lon="6.0952920">
    <ele>204.3</ele>
    <time>2025-09-13T12:36:33Z</time>
   </trkpt>
   <trkpt lat="49.8319990" lon="6.0951810">
    <ele>204.1</ele>
    <time>2025-09-13T12:36:40Z</time>
   </trkpt>
   <trkpt lat="49.8315500" lon="6.0951120">
    <ele>204.0</ele>
    <time>2025-09-13T12:36:47Z</time>
   </trkpt>
   <trkpt lat="49.8312440" lon="6.0950920">
    <ele>204.1</ele>
    <time>2025-09-13T12:36:52Z</time>
   </trkpt>
   <trkpt lat="49.8308150" lon="6.0950890">
    <ele>203.8</ele>
    <time>2025-09-13T12:36:59Z</time>
   </trkpt>
   <trkpt lat="49.8303780" lon="6.0950220">
    <ele>204.0</ele>
    <time>2025-09-13T12:37:06Z</time>
   </trkpt>
   <trkpt lat="49.8300370" lon="6.0949440">
    <ele>204.3</ele>
    <time>2025-09-13T12:37:12Z</time>
   </trkpt>
   <trkpt lat="49.8295560" lon="6.0949270">
    <ele>204.2</ele>
    <time>2025-09-13T12:37:20Z</time>
   </trkpt>
   <trkpt lat="49.8291070" lon="6.0949590">
    <ele>204.0</ele>
    <time>2025-09-13T12:37:27Z</time>
   </trkpt>
   <trkpt lat="49.8286660" lon="6.0949540">
    <ele>204.1</ele>
    <time>2025-09-13T12:37:34Z</time>
   </trkpt>
   <trkpt lat="49.8282510" lon="6.0950020">
    <ele>204.3</ele>
    <time>2025-09-13T12:37:41Z</time>
   </trkpt>
   <trkpt lat="49.8277100" lon="6.0950160">
    <ele>204.4</ele>
    <time>2025-09-13T12:37:50Z</time>
   </trkpt>
   <trkpt lat="49.8272810" lon="6.0950310">
    <ele>204.4</ele>
    <time>2025-09-13T12:37:57Z</time>
   </trkpt>
   <trkpt lat="49.8267340" lon="6.0950110">
    <ele>204.5</ele>
    <time>2025-09-13T12:38:06Z</time>
   </trkpt>
   <trkpt lat="49.8262720" lon="6.0950030">
    <ele>204.6</ele>
    <time>2025-09-13T12:38:14Z</time>
   </trkpt>
   <trkpt lat="49.8257230" lon="6.0949980">
    <ele>205.3</ele>
    <time>2025-09-13T12:38:24Z</time>
   </trkpt>
   <trkpt lat="49.8253500" lon="6.0949960">
    <ele>205.3</ele>
    <time>2025-09-13T12:38:31Z</time>
   </trkpt>
   <trkpt lat="49.8248920" lon="6.0949750">
    <ele>205.0</ele>
    <time>2025-09-13T12:38:39Z</time>
   </trkpt>
   <trkpt lat="49.8243440" lon="6.0949600">
    <ele>204.8</ele>
    <time>2025-09-13T12:38:48Z</time>
   </trkpt>
   <trkpt lat="49.8238770" lon="6.0949620">
    <ele>205.3</ele>
    <time>2025-09-13T12:38:56Z</time>
   </trkpt>
   <trkpt lat="49.8234620" lon="6.0949940">
    <ele>205.3</ele>
    <time>2025-09-13T12:39:03Z</time>
   </trkpt>
   <trkpt lat="49.8230190" lon="6.0950780">
    <ele>205.4</ele>
    <time>2025-09-13T12:39:10Z</time>
   </trkpt>
   <trkpt lat="49.8224870" lon="6.0952220">
    <ele>206.0</ele>
    <time>2025-09-13T12:39:19Z</time>
   </trkpt>
   <trkpt lat="49.8223710" lon="6.0952520">
    <ele>206.2</ele>
    <time>2025-09-13T12:39:21Z</time>
   </trkpt>
   <trkpt lat="49.8219780" lon="6.0954030">
    <ele>207.0</ele>
    <time>2025-09-13T12:39:28Z</time>
   </trkpt>
   <trkpt lat="49.8216080" lon="6.0955570">
    <ele>207.9</ele>
    <time>2025-09-13T12:39:35Z</time>
   </trkpt>
   <trkpt lat="49.8211320" lon="6.0957260">
    <ele>208.4</ele>
    <time>2025-09-13T12:39:44Z</time>
   </trkpt>
   <trkpt lat="49.8206010" lon="6.0958900">
    <ele>208.2</ele>
    <time>2025-09-13T12:39:53Z</time>
   </trkpt>
   <trkpt lat="49.8205400" lon="6.0959090">
    <ele>208.2</ele>
    <time>2025-09-13T12:39:54Z</time>
   </trkpt>
   <trkpt lat="49.8200520" lon="6.0960840">
    <ele>208.5</ele>
    <time>2025-09-13T12:40:02Z</time>
   </trkpt>
   <trkpt lat="49.8195190" lon="6.0962820">
    <ele>208.6</ele>
    <time>2025-09-13T12:40:11Z</time>
   </trkpt>
   <trkpt lat="49.8193410" lon="6.0963360">
    <ele>207.9</ele>
    <time>2025-09-13T12:40:14Z</time>
   </trkpt>
   <trkpt lat="49.8192150" lon="6.0963690">
    <ele>207.1</ele>
    <time>2025-09-13T12:40:16Z</time>
   </trkpt>
   <trkpt lat="49.8188890" lon="6.0964850">
    <ele>204.7</ele>
    <time>2025-09-13T12:40:20Z</time>
   </trkpt>
   <trkpt lat="49.8183840" lon="6.0966450">
    <ele>203.8</ele>
    <time>2025-09-13T12:40:26Z</time>
   </trkpt>
   <trkpt lat="49.8180260" lon="6.0967560">
    <ele>204.2</ele>
    <time>2025-09-13T12:40:31Z</time>
   </trkpt>
   <trkpt lat="49.8176600" lon="6.0968730">
    <ele>204.3</ele>
    <time>2025-09-13T12:40:37Z</time>
   </trkpt>
   <trkpt lat="49.8173160" lon="6.0969810">
    <ele>204.5</ele>
    <time>2025-09-13T12:40:43Z</time>
   </trkpt>
   <trkpt lat="49.8172600" lon="6.0969980">
    <ele>204.5</ele>
    <time>2025-09-13T12:40:44Z</time>
   </trkpt>
   <trkpt lat="49.8170850" lon="6.0970560">
    <ele>204.7</ele>
    <time>2025-09-13T12:40:47Z</time>
   </trkpt>
   <trkpt lat="49.8169310" lon="6.0971060">
    <ele>204.8</ele>
    <time>2025-09-13T12:40:50Z</time>
   </trkpt>
   <trkpt lat="49.8168350" lon="6.0971190">
    <ele>204.8</ele>
    <time>2025-09-13T12:40:52Z</time>
   </trkpt>
   <trkpt lat="49.8166850" lon="6.0971340">
    <ele>204.9</ele>
    <time>2025-09-13T12:40:55Z</time>
   </trkpt>
   <trkpt lat="49.8166160" lon="6.0971550">
    <ele>204.9</ele>
    <time>2025-09-13T12:40:57Z</time>
   </trkpt>
   <trkpt lat="49.8165960" lon="6.0973190">
    <ele>204.9</ele>
    <time>2025-09-13T12:41:00Z</time>
   </trkpt>
   <trkpt lat="49.8165800" lon="6.0974500">
    <ele>205.0</ele>
    <time>2025-09-13T12:41:02Z</time>
   </trkpt>
   <trkpt lat="49.8165510" lon="6.0974930">
    <ele>205.0</ele>
    <time>2025-09-13T12:41:03Z</time>
   </trkpt>
   <trkpt lat="49.8164650" lon="6.0975050">
    <ele>204.9</ele>
    <time>2025-09-13T12:41:05Z</time>
   </trkpt>
   <trkpt lat="49.8164220" lon="6.0974900">
    <ele>204.9</ele>
    <time>2025-09-13T12:41:06Z</time>
   </trkpt>
   <trkpt lat="49.8163350" lon="6.0974710">
    <ele>204.8</ele>
    <time>2025-09-13T12:41:08Z</time>
   </trkpt>
   <trkpt lat="49.8162460" lon="6.0974610">
    <ele>204.7</ele>
    <time>2025-09-13T12:41:10Z</time>
   </trkpt>
   <trkpt lat="49.8161990" lon="6.0974700">
    <ele>204.7</ele>
    <time>2025-09-13T12:41:11Z</time>
   </trkpt>
   <trkpt lat="49.8159030" lon="6.0975480">
    <ele>204.7</ele>
    <time>2025-09-13T12:41:17Z</time>
   </trkpt>
   <trkpt lat="49.8155860" lon="6.0976120">
    <ele>205.0</ele>
    <time>2025-09-13T12:41:23Z</time>
   </trkpt>
   <trkpt lat="49.8154200" lon="6.0976310">
    <ele>205.3</ele>
    <time>2025-09-13T12:41:26Z</time>
   </trkpt>
   <trkpt lat="49.8153650" lon="6.0976420">
    <ele>205.4</ele>
    <time>2025-09-13T12:41:27Z</time>
   </trkpt>
   <trkpt lat="49.8152100" lon="6.0976720">
    <ele>205.8</ele>
    <time>2025-09-13T12:41:30Z</time>
   </trkpt>
   <trkpt lat="49.8151690" lon="6.0977070">
    <ele>205.9</ele>
    <time>2025-09-13T12:41:31Z</time>
   </trkpt>
   <trkpt lat="49.8151370" lon="6.0977480">
    <ele>205.9</ele>
    <time>2025-09-13T12:41:32Z</time>
   </trkpt>
   <trkpt lat="49.8150850" lon="6.0978580">
    <ele>205.7</ele>
    <time>2025-09-13T12:41:34Z</time>
   </trkpt>
   <trkpt lat="49.8150670" lon="6.0979330">
    <ele>205.6</ele>
    <time>2025-09-13T12:41:35Z</time>
   </trkpt>
   <trkpt lat="49.8150550" lon="6.0981010">
    <ele>205.3</ele>
    <time>2025-09-13T12:41:37Z</time>
   </trkpt>
   <trkpt lat="49.8151020" lon="6.0982280">
    <ele>205.3</ele>
    <time>2025-09-13T12:41:39Z</time>
   </trkpt>
   <trkpt lat="49.8151370" lon="6.0982660">
    <ele>205.3</ele>
    <time>2025-09-13T12:41:40Z</time>
   </trkpt>
   <trkpt lat="49.8152130" lon="6.0983330">
    <ele>205.4</ele>
    <time>2025-09-13T12:41:42Z</time>
   </trkpt>
   <trkpt lat="49.8152550" lon="6.0983650">
    <ele>205.5</ele>
    <time>2025-09-13T12:41:43Z</time>
   </trkpt>
   <trkpt lat="49.8152960" lon="6.0983930">
    <ele>205.5</ele>
    <time>2025-09-13T12:41:44Z</time>
   </trkpt>
   <trkpt lat="49.8153730" lon="6.0984730">
    <ele>205.8</ele>
    <time>2025-09-13T12:41:46Z</time>
   </trkpt>
   <trkpt lat="49.8153880" lon="6.0985400">
    <ele>205.9</ele>
    <time>2025-09-13T12:41:47Z</time>
   </trkpt>
   <trkpt lat="49.8153920" lon="6.0986520">
    <ele>206.1</ele>
    <time>2025-09-13T12:41:49Z</time>
   </trkpt>
   <trkpt lat="49.8153860" lon="6.0987170">
    <ele>206.2</ele>
    <time>2025-09-13T12:41:50Z</time>
   </trkpt>
   <trkpt lat="49.8153870" lon="6.0987880">
    <ele>206.3</ele>
    <time>2025-09-13T12:41:51Z</time>
   </trkpt>
   <trkpt lat="49.8153680" lon="6.0989230">
    <ele>206.5</ele>
    <time>2025-09-13T12:41:53Z</time>
   </trkpt>
   <trkpt lat="49.8153150" lon="6.0991560">
    <ele>207.2</ele>
    <time>2025-09-13T12:41:57Z</time>
   </trkpt>
   <trkpt lat="49.8152670" lon="6.0992250">
    <ele>207.4</ele>
    <time>2025-09-13T12:41:59Z</time>
   </trkpt>
   <trkpt lat="49.8152320" lon="6.0992380">
    <ele>207.6</ele>
    <time>2025-09-13T12:42:00Z</time>
   </trkpt>
   <trkpt lat="49.8151890" lon="6.0992460">
    <ele>207.6</ele>
    <time>2025-09-13T12:42:01Z</time>
   </trkpt>
   <trkpt lat="49.8151100" lon="6.0992230">
    <ele>207.8</ele>
    <time>2025-09-13T12:42:03Z</time>
   </trkpt>
   <trkpt lat="49.8149540" lon="6.0992000">
    <ele>208.0</ele>
    <time>2025-09-13T12:42:07Z</time>
   </trkpt>
   <trkpt lat="49.8148590" lon="6.0991900">
    <ele>208.1</ele>
    <time>2025-09-13T12:42:09Z</time>
   </trkpt>
   <trkpt lat="49.8145970" lon="6.0991140">
    <ele>208.0</ele>
    <time>2025-09-13T12:42:15Z</time>
   </trkpt>
   <trkpt lat="49.8143960" lon="6.0989890">
    <ele>207.5</ele>
    <time>2025-09-13T12:42:19Z</time>
   </trkpt>
   <trkpt lat="49.8143190" lon="6.0990100">
    <ele>207.2</ele>
    <time>2025-09-13T12:42:21Z</time>
   </trkpt>
   <trkpt lat="49.8143060" lon="6.0991230">
    <ele>207.0</ele>
    <time>2025-09-13T12:42:23Z</time>
   </trkpt>
   <trkpt lat="49.8143120" lon="6.0991870">
    <ele>207.0</ele>
    <time>2025-09-13T12:42:24Z</time>
   </trkpt>
   <trkpt lat="49.8143280" lon="6.0994930">
    <ele>206.6</ele>
    <time>2025-09-13T12:42:28Z</time>
   </trkpt>
   <trkpt lat="49.8143200" lon="6.0995810">
    <ele>206.6</ele>
    <time>2025-09-13T12:42:29Z</time>
   </trkpt>
   <trkpt lat="49.8142730" lon="6.1001100">
    <ele>205.7</ele>
    <time>2025-09-13T12:42:35Z</time>
   </trkpt>
   <trkpt lat="49.8141910" lon="6.1008090">
    <ele>204.9</ele>
    <time>2025-09-13T12:42:43Z</time>
   </trkpt>
   <trkpt lat="49.8141060" lon="6.1015950">
    <ele>205.2</ele>
    <time>2025-09-13T12:42:52Z</time>
   </trkpt>
   <trkpt lat="49.8140340" lon="6.1021940">
    <ele>205.6</ele>
    <time>2025-09-13T12:42:59Z</time>
   </trkpt>
   <trkpt lat="49.8140190" lon="6.1022830">
    <ele>205.7</ele>
    <time>2025-09-13T12:43:00Z</time>
   </trkpt>
   <trkpt lat="49.8139980" lon="6.1023670">
    <ele>205.8</ele>
    <time>2025-09-13T12:43:01Z</time>
   </trkpt>
   <trkpt lat="49.8139450" lon="6.1025210">
    <ele>206.2</ele>
    <time>2025-09-13T12:43:03Z</time>
   </trkpt>
   <trkpt lat="49.8139140" lon="6.1025920">
    <ele>206.4</ele>
    <time>2025-09-13T12:43:04Z</time>
   </trkpt>
   <trkpt lat="49.8138790" lon="6.1026530">
    <ele>206.6</ele>
    <time>2025-09-13T12:43:05Z</time>
   </trkpt>
   <trkpt lat="49.8137460" lon="6.1028580">
    <ele>207.6</ele>
    <time>2025-09-13T12:43:09Z</time>
   </trkpt>
   <trkpt lat="49.8135840" lon="6.1030860">
    <ele>209.0</ele>
    <time>2025-09-13T12:43:14Z</time>
   </trkpt>
   <trkpt lat="49.8135450" lon="6.1031280">
    <ele>209.3</ele>
    <time>2025-09-13T12:43:15Z</time>
   </trkpt>
   <trkpt lat="49.8134760" lon="6.1032120">
    <ele>210.0</ele>
    <time>2025-09-13T12:43:17Z</time>
   </trkpt>
   <trkpt lat="49.8132710" lon="6.1035120">
    <ele>212.3</ele>
    <time>2025-09-13T12:43:25Z</time>
   </trkpt>
   <trkpt lat="49.8131170" lon="6.1037250">
    <ele>214.3</ele>
    <time>2025-09-13T12:43:31Z</time>
   </trkpt>
   <trkpt lat="49.8129540" lon="6.1039680">
    <ele>216.6</ele>
    <time>2025-09-13T12:43:38Z</time>
   </trkpt>
   <trkpt lat="49.8128570" lon="6.1041100">
    <ele>217.9</ele>
    <time>2025-09-13T12:43:43Z</time>
   </trkpt>
   <trkpt lat="49.8127730" lon="6.1043220">
    <ele>219.2</ele>
    <time>2025-09-13T12:43:49Z</time>
   </trkpt>
   <trkpt lat="49.8127540" lon="6.1043850">
    <ele>219.3</ele>
    <time>2025-09-13T12:43:51Z</time>
   </trkpt>
   <trkpt lat="49.8127330" lon="6.1045640">
    <ele>219.5</ele>
    <time>2025-09-13T12:43:53Z</time>
   </trkpt>
   <trkpt lat="49.8127150" lon="6.1046900">
    <ele>219.3</ele>
    <time>2025-09-13T12:43:57Z</time>
   </trkpt>
   <trkpt lat="49.8126980" lon="6.1048150">
    <ele>219.1</ele>
    <time>2025-09-13T12:44:03Z</time>
   </trkpt>
   <trkpt lat="49.8126800" lon="6.1049410">
    <ele>219.0</ele>
    <time>2025-09-13T12:44:04Z</time>
   </trkpt>
   <trkpt lat="49.8126290" lon="6.1050420">
    <ele>218.8</ele>
    <time>2025-09-13T12:44:05Z</time>
   </trkpt>
   <trkpt lat="49.8125400" lon="6.1052900">
    <ele>218.7</ele>
    <time>2025-09-13T12:44:08Z</time>
   </trkpt>
   <trkpt lat="49.8124560" lon="6.1055330">
    <ele>218.4</ele>
    <time>2025-09-13T12:44:11Z</time>
   </trkpt>
   <trkpt lat="49.8124090" lon="6.1056840">
    <ele>218.3</ele>
    <time>2025-09-13T12:44:13Z</time>
   </trkpt>
   <trkpt lat="49.8123060" lon="6.1059610">
    <ele>218.3</ele>
    <time>2025-09-13T12:44:17Z</time>
   </trkpt>
   <trkpt lat="49.8122300" lon="6.1061060">
    <ele>218.5</ele>
    <time>2025-09-13T12:44:20Z</time>
   </trkpt>
   <trkpt lat="49.8120800" lon="6.1063520">
    <ele>218.9</ele>
    <time>2025-09-13T12:44:26Z</time>
   </trkpt>
   <trkpt lat="49.8119120" lon="6.1065390">
    <ele>219.4</ele>
    <time>2025-09-13T12:44:32Z</time>
   </trkpt>
   <trkpt lat="49.8117860" lon="6.1066850">
    <ele>219.7</ele>
    <time>2025-09-13T12:44:37Z</time>
   </trkpt>
   <trkpt lat="49.8116620" lon="6.1068040">
    <ele>219.9</ele>
    <time>2025-09-13T12:44:43Z</time>
   </trkpt>
   <trkpt lat="49.8116270" lon="6.1068460">
    <ele>219.9</ele>
    <time>2025-09-13T12:44:51Z</time>
   </trkpt>
   <trkpt lat="49.8115810" lon="6.1068890">
    <ele>219.9</ele>
    <time>2025-09-13T12:44:53Z</time>
   </trkpt>
   <trkpt lat="49.8114360" lon="6.1070560">
    <ele>220.0</ele>
    <time>2025-09-13T12:44:58Z</time>
   </trkpt>
   <trkpt lat="49.8112570" lon="6.1072260">
    <ele>219.9</ele>
    <time>2025-09-13T12:45:03Z</time>
   </trkpt>
   <trkpt lat="49.8112230" lon="6.1072590">
    <ele>219.9</ele>
    <time>2025-09-13T12:45:04Z</time>
   </trkpt>
   <trkpt lat="49.8110650" lon="6.1074270">
    <ele>219.7</ele>
    <time>2025-09-13T12:45:08Z</time>
   </trkpt>
   <trkpt lat="49.8108430" lon="6.1076800">
    <ele>219.2</ele>
    <time>2025-09-13T12:45:13Z</time>
   </trkpt>
   <trkpt lat="49.8105550" lon="6.1079920">
    <ele>218.7</ele>
    <time>2025-09-13T12:45:19Z</time>
   </trkpt>
   <trkpt lat="49.8102240" lon="6.1084010">
    <ele>218.4</ele>
    <time>2025-09-13T12:45:26Z</time>
   </trkpt>
   <trkpt lat="49.8101460" lon="6.1085050">
    <ele>218.2</ele>
    <time>2025-09-13T12:45:28Z</time>
   </trkpt>
   <trkpt lat="49.8101180" lon="6.1085540">
    <ele>218.2</ele>
    <time>2025-09-13T12:45:29Z</time>
   </trkpt>
   <trkpt lat="49.8100850" lon="6.1086090">
    <ele>218.1</ele>
    <time>2025-09-13T12:45:30Z</time>
   </trkpt>
   <trkpt lat="49.8099960" lon="6.1087340">
    <ele>217.8</ele>
    <time>2025-09-13T12:45:32Z</time>
   </trkpt>
   <trkpt lat="49.8099620" lon="6.1087890">
    <ele>217.6</ele>
    <time>2025-09-13T12:45:33Z</time>
   </trkpt>
   <trkpt lat="49.8099310" lon="6.1088410">
    <ele>217.5</ele>
    <time>2025-09-13T12:45:34Z</time>
   </trkpt>
   <trkpt lat="49.8098480" lon="6.1089660">
    <ele>217.1</ele>
    <time>2025-09-13T12:45:36Z</time>
   </trkpt>
   <trkpt lat="49.8097200" lon="6.1091430">
    <ele>216.6</ele>
    <time>2025-09-13T12:45:39Z</time>
   </trkpt>
   <trkpt lat="49.8096690" lon="6.1092100">
    <ele>216.4</ele>
    <time>2025-09-13T12:45:40Z</time>
   </trkpt>
   <trkpt lat="49.8095830" lon="6.1093140">
    <ele>216.2</ele>
    <time>2025-09-13T12:45:42Z</time>
   </trkpt>
   <trkpt lat="49.8095420" lon="6.1093480">
    <ele>216.1</ele>
    <time>2025-09-13T12:45:43Z</time>
   </trkpt>
   <trkpt lat="49.8093630" lon="6.1094980">
    <ele>215.9</ele>
    <time>2025-09-13T12:45:47Z</time>
   </trkpt>
   <trkpt lat="49.8093100" lon="6.1095350">
    <ele>215.9</ele>
    <time>2025-09-13T12:45:48Z</time>
   </trkpt>
   <trkpt lat="49.8091500" lon="6.1096590">
    <ele>215.8</ele>
    <time>2025-09-13T12:45:51Z</time>
   </trkpt>
   <trkpt lat="49.8090930" lon="6.1097030">
    <ele>215.8</ele>
    <time>2025-09-13T12:45:52Z</time>
   </trkpt>
   <trkpt lat="49.8089700" lon="6.1097620">
    <ele>215.5</ele>
    <time>2025-09-13T12:45:54Z</time>
   </trkpt>
   <trkpt lat="49.8089070" lon="6.1097870">
    <ele>215.3</ele>
    <time>2025-09-13T12:45:55Z</time>
   </trkpt>
   <trkpt lat="49.8087680" lon="6.1098440">
    <ele>214.7</ele>
    <time>2025-09-13T12:45:57Z</time>
   </trkpt>
   <trkpt lat="49.8086310" lon="6.1098930">
    <ele>214.0</ele>
    <time>2025-09-13T12:45:59Z</time>
   </trkpt>
   <trkpt lat="49.8084840" lon="6.1099620">
    <ele>213.3</ele>
    <time>2025-09-13T12:46:01Z</time>
   </trkpt>
   <trkpt lat="49.8084080" lon="6.1100120">
    <ele>213.0</ele>
    <time>2025-09-13T12:46:02Z</time>
   </trkpt>
   <trkpt lat="49.8083380" lon="6.1100490">
    <ele>212.7</ele>
    <time>2025-09-13T12:46:03Z</time>
   </trkpt>
   <trkpt lat="49.8081970" lon="6.1101120">
    <ele>212.1</ele>
    <time>2025-09-13T12:46:05Z</time>
   </trkpt>
   <trkpt lat="49.8077680" lon="6.1102370">
    <ele>210.7</ele>
    <time>2025-09-13T12:46:10Z</time>
   </trkpt>
   <trkpt lat="49.8076880" lon="6.1102440">
    <ele>210.6</ele>
    <time>2025-09-13T12:46:11Z</time>
   </trkpt>
   <trkpt lat="49.8075560" lon="6.1102490">
    <ele>210.6</ele>
    <time>2025-09-13T12:46:13Z</time>
   </trkpt>
   <trkpt lat="49.8073970" lon="6.1102710">
    <ele>210.8</ele>
    <time>2025-09-13T12:46:16Z</time>
   </trkpt>
   <trkpt lat="49.8073430" lon="6.1102770">
    <ele>210.9</ele>
    <time>2025-09-13T12:46:17Z</time>
   </trkpt>
   <trkpt lat="49.8072890" lon="6.1102780">
    <ele>211.0</ele>
    <time>2025-09-13T12:46:18Z</time>
   </trkpt>
   <trkpt lat="49.8071450" lon="6.1102850">
    <ele>211.3</ele>
    <time>2025-09-13T12:46:21Z</time>
   </trkpt>
   <trkpt lat="49.8069470" lon="6.1103030">
    <ele>211.6</ele>
    <time>2025-09-13T12:46:25Z</time>
   </trkpt>
   <trkpt lat="49.8068370" lon="6.1103400">
    <ele>211.7</ele>
    <time>2025-09-13T12:46:27Z</time>
   </trkpt>
   <trkpt lat="49.8066700" lon="6.1104020">
    <ele>211.8</ele>
    <time>2025-09-13T12:46:30Z</time>
   </trkpt>
   <trkpt lat="49.8065220" lon="6.1104410">
    <ele>211.8</ele>
    <time>2025-09-13T12:46:33Z</time>
   </trkpt>
   <trkpt lat="49.8064680" lon="6.1104660">
    <ele>211.8</ele>
    <time>2025-09-13T12:46:34Z</time>
   </trkpt>
   <trkpt lat="49.8064150" lon="6.1104900">
    <ele>211.7</ele>
    <time>2025-09-13T12:46:35Z</time>
   </trkpt>
   <trkpt lat="49.8061870" lon="6.1106040">
    <ele>211.6</ele>
    <time>2025-09-13T12:46:39Z</time>
   </trkpt>
   <trkpt lat="49.8058320" lon="6.1108090">
    <ele>211.3</ele>
    <time>2025-09-13T12:46:45Z</time>
   </trkpt>
   <trkpt lat="49.8054250" lon="6.1110200">
    <ele>211.1</ele>
    <time>2025-09-13T12:46:52Z</time>
   </trkpt>
   <trkpt lat="49.8052690" lon="6.1110940">
    <ele>211.0</ele>
    <time>2025-09-13T12:46:55Z</time>
   </trkpt>
   <trkpt lat="49.8052190" lon="6.1111180">
    <ele>211.0</ele>
    <time>2025-09-13T12:46:56Z</time>
   </trkpt>
   <trkpt lat="49.8050050" lon="6.1112240">
    <ele>211.0</ele>
    <time>2025-09-13T12:47:00Z</time>
   </trkpt>
   <trkpt lat="49.8048470" lon="6.1112830">
    <ele>210.9</ele>
    <time>2025-09-13T12:47:04Z</time>
   </trkpt>
   <trkpt lat="49.8048170" lon="6.1112870">
    <ele>210.9</ele>
    <time>2025-09-13T12:47:05Z</time>
   </trkpt>
   <trkpt lat="49.8047920" lon="6.1112810">
    <ele>210.9</ele>
    <time>2025-09-13T12:47:07Z</time>
   </trkpt>
   <trkpt lat="49.8046930" lon="6.1113090">
    <ele>210.9</ele>
    <time>2025-09-13T12:47:12Z</time>
   </trkpt>
   <trkpt lat="49.8045740" lon="6.1114470">
    <ele>210.9</ele>
    <time>2025-09-13T12:47:15Z</time>
   </trkpt>
   <trkpt lat="49.8043970" lon="6.1116370">
    <ele>210.9</ele>
    <time>2025-09-13T12:47:19Z</time>
   </trkpt>
   <trkpt lat="49.8042680" lon="6.1117880">
    <ele>210.7</ele>
    <time>2025-09-13T12:47:22Z</time>
   </trkpt>
   <trkpt lat="49.8041740" lon="6.1119000">
    <ele>210.7</ele>
    <time>2025-09-13T12:47:24Z</time>
   </trkpt>
   <trkpt lat="49.8039410" lon="6.1121360">
    <ele>211.0</ele>
    <time>2025-09-13T12:47:29Z</time>
   </trkpt>
   <trkpt lat="49.8038300" lon="6.1121960">
    <ele>211.4</ele>
    <time>2025-09-13T12:47:32Z</time>
   </trkpt>
   <trkpt lat="49.8038030" lon="6.1122080">
    <ele>211.5</ele>
    <time>2025-09-13T12:47:33Z</time>
   </trkpt>
   <trkpt lat="49.8037650" lon="6.1122560">
    <ele>211.7</ele>
    <time>2025-09-13T12:47:34Z</time>
   </trkpt>
   <trkpt lat="49.8037350" lon="6.1123020">
    <ele>212.0</ele>
    <time>2025-09-13T12:47:36Z</time>
   </trkpt>
   <trkpt lat="49.8037120" lon="6.1123410">
    <ele>212.2</ele>
    <time>2025-09-13T12:47:37Z</time>
   </trkpt>
   <trkpt lat="49.8036880" lon="6.1123800">
    <ele>212.4</ele>
    <time>2025-09-13T12:47:41Z</time>
   </trkpt>
   <trkpt lat="49.8036650" lon="6.1124190">
    <ele>212.7</ele>
    <time>2025-09-13T12:47:42Z</time>
   </trkpt>
   <trkpt lat="49.8036320" lon="6.1124920">
    <ele>213.3</ele>
    <time>2025-09-13T12:47:43Z</time>
   </trkpt>
   <trkpt lat="49.8035700" lon="6.1126100">
    <ele>214.3</ele>
    <time>2025-09-13T12:47:45Z</time>
   </trkpt>
   <trkpt lat="49.8035310" lon="6.1126610">
    <ele>215.0</ele>
    <time>2025-09-13T12:47:47Z</time>
   </trkpt>
   <trkpt lat="49.8034900" lon="6.1126970">
    <ele>215.6</ele>
    <time>2025-09-13T12:47:49Z</time>
   </trkpt>
   <trkpt lat="49.8034340" lon="6.1127660">
    <ele>216.5</ele>
    <time>2025-09-13T12:47:51Z</time>
   </trkpt>
   <trkpt lat="49.8033490" lon="6.1128410">
    <ele>217.6</ele>
    <time>2025-09-13T12:47:53Z</time>
   </trkpt>
   <trkpt lat="49.8033010" lon="6.1129010">
    <ele>217.7</ele>
    <time>2025-09-13T12:47:55Z</time>
   </trkpt>
   <trkpt lat="49.8031470" lon="6.1131420">
    <ele>218.6</ele>
    <time>2025-09-13T12:48:00Z</time>
   </trkpt>
   <trkpt lat="49.8030020" lon="6.1133200">
    <ele>219.1</ele>
    <time>2025-09-13T12:48:04Z</time>
   </trkpt>
   <trkpt lat="49.8028920" lon="6.1134790">
    <ele>219.3</ele>
    <time>2025-09-13T12:48:06Z</time>
   </trkpt>
   <trkpt lat="49.8028150" lon="6.1136040">
    <ele>219.4</ele>
    <time>2025-09-13T12:48:08Z</time>
   </trkpt>
   <trkpt lat="49.8027170" lon="6.1137720">
    <ele>219.6</ele>
    <time>2025-09-13T12:48:11Z</time>
   </trkpt>
   <trkpt lat="49.8026240" lon="6.1139620">
    <ele>219.8</ele>
    <time>2025-09-13T12:48:15Z</time>
   </trkpt>
   <trkpt lat="49.8024520" lon="6.1142750">
    <ele>220.0</ele>
    <time>2025-09-13T12:48:19Z</time>
   </trkpt>
   <trkpt lat="49.8024070" lon="6.1143700">
    <ele>220.0</ele>
    <time>2025-09-13T12:48:20Z</time>
   </trkpt>
   <trkpt lat="49.8023340" lon="6.1145280">
    <ele>219.9</ele>
    <time>2025-09-13T12:48:22Z</time>
   </trkpt>
   <trkpt lat="49.8022950" lon="6.1146040">
    <ele>219.9</ele>
    <time>2025-09-13T12:48:23Z</time>
   </trkpt>
   <trkpt lat="49.8022440" lon="6.1146980">
    <ele>219.9</ele>
    <time>2025-09-13T12:48:25Z</time>
   </trkpt>
   <trkpt lat="49.8021420" lon="6.1148600">
    <ele>220.0</ele>
    <time>2025-09-13T12:48:28Z</time>
   </trkpt>
   <trkpt lat="49.8021230" lon="6.1149140">
    <ele>220.0</ele>
    <time>2025-09-13T12:48:29Z</time>
   </trkpt>
   <trkpt lat="49.8020740" lon="6.1150370">
    <ele>220.2</ele>
    <time>2025-09-13T12:48:31Z</time>
   </trkpt>
   <trkpt lat="49.8020320" lon="6.1151330">
    <ele>220.3</ele>
    <time>2025-09-13T12:48:33Z</time>
   </trkpt>
   <trkpt lat="49.8019870" lon="6.1152010">
    <ele>220.4</ele>
    <time>2025-09-13T12:48:34Z</time>
   </trkpt>
   <trkpt lat="49.8018440" lon="6.1154470">
    <ele>220.6</ele>
    <time>2025-09-13T12:48:37Z</time>
   </trkpt>
   <trkpt lat="49.8017970" lon="6.1155480">
    <ele>220.7</ele>
    <time>2025-09-13T12:48:38Z</time>
   </trkpt>
   <trkpt lat="49.8017570" lon="6.1156320">
    <ele>220.7</ele>
    <time>2025-09-13T12:48:39Z</time>
   </trkpt>
   <trkpt lat="49.8016460" lon="6.1158600">
    <ele>220.9</ele>
    <time>2025-09-13T12:48:42Z</time>
   </trkpt>
   <trkpt lat="49.8016130" lon="6.1159360">
    <ele>220.9</ele>
    <time>2025-09-13T12:48:43Z</time>
   </trkpt>
   <trkpt lat="49.8015550" lon="6.1160830">
    <ele>221.1</ele>
    <time>2025-09-13T12:48:45Z</time>
   </trkpt>
   <trkpt lat="49.8015170" lon="6.1161660">
    <ele>221.1</ele>
    <time>2025-09-13T12:48:46Z</time>
   </trkpt>
   <trkpt lat="49.8014570" lon="6.1163220">
    <ele>221.2</ele>
    <time>2025-09-13T12:48:48Z</time>
   </trkpt>
   <trkpt lat="49.8014270" lon="6.1164070">
    <ele>221.3</ele>
    <time>2025-09-13T12:48:49Z</time>
   </trkpt>
   <trkpt lat="49.8013810" lon="6.1165730">
    <ele>221.3</ele>
    <time>2025-09-13T12:48:51Z</time>
   </trkpt>
   <trkpt lat="49.8013460" lon="6.1167610">
    <ele>221.3</ele>
    <time>2025-09-13T12:48:53Z</time>
   </trkpt>
   <trkpt lat="49.8013050" lon="6.1170250">
    <ele>221.1</ele>
    <time>2025-09-13T12:48:56Z</time>
   </trkpt>
   <trkpt lat="49.8012570" lon="6.1171870">
    <ele>221.0</ele>
    <time>2025-09-13T12:48:58Z</time>
   </trkpt>
   <trkpt lat="49.8012330" lon="6.1172710">
    <ele>221.0</ele>
    <time>2025-09-13T12:48:59Z</time>
   </trkpt>
   <trkpt lat="49.8011810" lon="6.1173950">
    <ele>221.0</ele>
    <time>2025-09-13T12:49:01Z</time>
   </trkpt>
   <trkpt lat="49.8010810" lon="6.1175770">
    <ele>221.0</ele>
    <time>2025-09-13T12:49:04Z</time>
   </trkpt>
   <trkpt lat="49.8010510" lon="6.1176510">
    <ele>221.1</ele>
    <time>2025-09-13T12:49:05Z</time>
   </trkpt>
   <trkpt lat="49.8009700" lon="6.1179850">
    <ele>221.3</ele>
    <time>2025-09-13T12:49:09Z</time>
   </trkpt>
   <trkpt lat="49.8009700" lon="6.1180580">
    <ele>221.4</ele>
    <time>2025-09-13T12:49:10Z</time>
   </trkpt>
   <trkpt lat="49.8009760" lon="6.1181250">
    <ele>221.4</ele>
    <time>2025-09-13T12:49:11Z</time>
   </trkpt>
   <trkpt lat="49.8009890" lon="6.1182760">
    <ele>221.6</ele>
    <time>2025-09-13T12:49:13Z</time>
   </trkpt>
   <trkpt lat="49.8010030" lon="6.1183530">
    <ele>221.6</ele>
    <time>2025-09-13T12:49:14Z</time>
   </trkpt>
   <trkpt lat="49.8010710" lon="6.1186450">
    <ele>221.9</ele>
    <time>2025-09-13T12:49:18Z</time>
   </trkpt>
   <trkpt lat="49.8010970" lon="6.1188090">
    <ele>221.8</ele>
    <time>2025-09-13T12:49:20Z</time>
   </trkpt>
   <trkpt lat="49.8011080" lon="6.1188860">
    <ele>221.8</ele>
    <time>2025-09-13T12:49:21Z</time>
   </trkpt>
   <trkpt lat="49.8011270" lon="6.1191360">
    <ele>221.6</ele>
    <time>2025-09-13T12:49:24Z</time>
   </trkpt>
   <trkpt lat="49.8011290" lon="6.1192220">
    <ele>221.5</ele>
    <time>2025-09-13T12:49:25Z</time>
   </trkpt>
   <trkpt lat="49.8011120" lon="6.1196740">
    <ele>221.4</ele>
    <time>2025-09-13T12:49:30Z</time>
   </trkpt>
   <trkpt lat="49.8010700" lon="6.1202840">
    <ele>222.0</ele>
    <time>2025-09-13T12:49:37Z</time>
   </trkpt>
   <trkpt lat="49.8010670" lon="6.1204560">
    <ele>222.3</ele>
    <time>2025-09-13T12:49:39Z</time>
   </trkpt>
   <trkpt lat="49.8010330" lon="6.1206010">
    <ele>222.7</ele>
    <time>2025-09-13T12:49:41Z</time>
   </trkpt>
   <trkpt lat="49.8009720" lon="6.1207040">
    <ele>223.1</ele>
    <time>2025-09-13T12:49:43Z</time>
   </trkpt>
   <trkpt lat="49.8009070" lon="6.1207850">
    <ele>223.5</ele>
    <time>2025-09-13T12:49:45Z</time>
   </trkpt>
   <trkpt lat="49.8008750" lon="6.1208200">
    <ele>223.6</ele>
    <time>2025-09-13T12:49:46Z</time>
   </trkpt>
   <trkpt lat="49.8007780" lon="6.1210140">
    <ele>224.0</ele>
    <time>2025-09-13T12:49:51Z</time>
   </trkpt>
   <trkpt lat="49.8008120" lon="6.1211760">
    <ele>224.1</ele>
    <time>2025-09-13T12:49:54Z</time>
   </trkpt>
   <trkpt lat="49.8008330" lon="6.1212260">
    <ele>224.1</ele>
    <time>2025-09-13T12:49:55Z</time>
   </trkpt>
   <trkpt lat="49.8009100" lon="6.1212730">
    <ele>224.0</ele>
    <time>2025-09-13T12:49:57Z</time>
   </trkpt>
   <trkpt lat="49.8010000" lon="6.1212930">
    <ele>223.9</ele>
    <time>2025-09-13T12:49:59Z</time>
   </trkpt>
   <trkpt lat="49.8010730" lon="6.1213480">
    <ele>223.7</ele>
    <time>2025-09-13T12:50:01Z</time>
   </trkpt>
   <trkpt lat="49.8011360" lon="6.1215440">
    <ele>223.1</ele>
    <time>2025-09-13T12:50:04Z</time>
   </trkpt>
   <trkpt lat="49.8011570" lon="6.1216150">
    <ele>222.8</ele>
    <time>2025-09-13T12:50:05Z</time>
   </trkpt>
   <trkpt lat="49.8012590" lon="6.1218410">
    <ele>221.3</ele>
    <time>2025-09-13T12:50:08Z</time>
   </trkpt>
   <trkpt lat="49.8014480" lon="6.1220810">
    <ele>218.0</ele>
    <time>2025-09-13T12:50:11Z</time>
   </trkpt>
   <trkpt lat="49.8016010" lon="6.1222600">
    <ele>216.1</ele>
    <time>2025-09-13T12:50:13Z</time>
   </trkpt>
   <trkpt lat="49.8017170" lon="6.1225000">
    <ele>215.1</ele>
    <time>2025-09-13T12:50:15Z</time>
   </trkpt>
   <trkpt lat="49.8018370" lon="6.1230380">
    <ele>214.3</ele>
    <time>2025-09-13T12:50:19Z</time>
   </trkpt>
   <trkpt lat="49.8020220" lon="6.1236430">
    <ele>214.9</ele>
    <time>2025-09-13T12:50:24Z</time>
   </trkpt>
   <trkpt lat="49.8022000" lon="6.1241910">
    <ele>216.4</ele>
    <time>2025-09-13T12:50:30Z</time>
   </trkpt>
   <trkpt lat="49.8023750" lon="6.1248320">
    <ele>216.8</ele>
    <time>2025-09-13T12:50:37Z</time>
   </trkpt>
   <trkpt lat="49.8025140" lon="6.1254160">
    <ele>216.2</ele>
    <time>2025-09-13T12:50:43Z</time>
   </trkpt>
   <trkpt lat="49.8025480" lon="6.1254960">
    <ele>215.9</ele>
    <time>2025-09-13T12:50:44Z</time>
   </trkpt>
   <trkpt lat="49.8025910" lon="6.1255650">
    <ele>215.6</ele>
    <time>2025-09-13T12:50:45Z</time>
   </trkpt>
   <trkpt lat="49.8027170" lon="6.1256880">
    <ele>214.7</ele>
    <time>2025-09-13T12:50:47Z</time>
   </trkpt>
   <trkpt lat="49.8028120" lon="6.1258820">
    <ele>213.9</ele>
    <time>2025-09-13T12:50:49Z</time>
   </trkpt>
   <trkpt lat="49.8028370" lon="6.1259950">
    <ele>213.7</ele>
    <time>2025-09-13T12:50:50Z</time>
   </trkpt>
   <trkpt lat="49.8029150" lon="6.1265990">
    <ele>214.1</ele>
    <time>2025-09-13T12:50:56Z</time>
   </trkpt>
   <trkpt lat="49.8029310" lon="6.1270610">
    <ele>215.3</ele>
    <time>2025-09-13T12:51:01Z</time>
   </trkpt>
   <trkpt lat="49.8028820" lon="6.1277180">
    <ele>217.1</ele>
    <time>2025-09-13T12:51:09Z</time>
   </trkpt>
   <trkpt lat="49.8027940" lon="6.1282220">
    <ele>218.4</ele>
    <time>2025-09-13T12:51:16Z</time>
   </trkpt>
   <trkpt lat="49.8026880" lon="6.1286710">
    <ele>219.3</ele>
    <time>2025-09-13T12:51:23Z</time>
   </trkpt>
   <trkpt lat="49.8026470" lon="6.1287870">
    <ele>219.4</ele>
    <time>2025-09-13T12:51:25Z</time>
   </trkpt>
   <trkpt lat="49.8025720" lon="6.1289630">
    <ele>219.0</ele>
    <time>2025-09-13T12:51:28Z</time>
   </trkpt>
   <trkpt lat="49.8025010" lon="6.1290720">
    <ele>218.6</ele>
    <time>2025-09-13T12:51:30Z</time>
   </trkpt>
   <trkpt lat="49.8024630" lon="6.1291170">
    <ele>218.3</ele>
    <time>2025-09-13T12:51:31Z</time>
   </trkpt>
   <trkpt lat="49.8023790" lon="6.1291990">
    <ele>217.9</ele>
    <time>2025-09-13T12:51:34Z</time>
   </trkpt>
   <trkpt lat="49.8023230" lon="6.1292810">
    <ele>217.7</ele>
    <time>2025-09-13T12:51:38Z</time>
   </trkpt>
   <trkpt lat="49.8023230" lon="6.1293270">
    <ele>217.5</ele>
    <time>2025-09-13T12:51:39Z</time>
   </trkpt>
   <trkpt lat="49.8023500" lon="6.1294290">
    <ele>217.0</ele>
    <time>2025-09-13T12:51:41Z</time>
   </trkpt>
   <trkpt lat="49.8023990" lon="6.1295570">
    <ele>216.4</ele>
    <time>2025-09-13T12:51:43Z</time>
   </trkpt>
   <trkpt lat="49.8024270" lon="6.1297100">
    <ele>215.8</ele>
    <time>2025-09-13T12:51:45Z</time>
   </trkpt>
   <trkpt lat="49.8024160" lon="6.1298870">
    <ele>215.2</ele>
    <time>2025-09-13T12:51:47Z</time>
   </trkpt>
   <trkpt lat="49.8023580" lon="6.1300570">
    <ele>214.6</ele>
    <time>2025-09-13T12:51:49Z</time>
   </trkpt>
   <trkpt lat="49.8023090" lon="6.1301320">
    <ele>214.3</ele>
    <time>2025-09-13T12:51:50Z</time>
   </trkpt>
   <trkpt lat="49.8022510" lon="6.1301870">
    <ele>214.2</ele>
    <time>2025-09-13T12:51:51Z</time>
   </trkpt>
   <trkpt lat="49.8021260" lon="6.1302650">
    <ele>213.9</ele>
    <time>2025-09-13T12:51:53Z</time>
   </trkpt>
   <trkpt lat="49.8017150" lon="6.1305370">
    <ele>213.0</ele>
    <time>2025-09-13T12:52:00Z</time>
   </trkpt>
   <trkpt lat="49.8013050" lon="6.1308180">
    <ele>212.6</ele>
    <time>2025-09-13T12:52:07Z</time>
   </trkpt>
   <trkpt lat="49.8009100" lon="6.1310810">
    <ele>212.6</ele>
    <time>2025-09-13T12:52:14Z</time>
   </trkpt>
   <trkpt lat="49.8008140" lon="6.1311480">
    <ele>213.0</ele>
    <time>2025-09-13T12:52:16Z</time>
   </trkpt>
   <trkpt lat="49.8007100" lon="6.1312680">
    <ele>213.7</ele>
    <time>2025-09-13T12:52:19Z</time>
   </trkpt>
   <trkpt lat="49.8006140" lon="6.1313910">
    <ele>214.6</ele>
    <time>2025-09-13T12:52:23Z</time>
   </trkpt>
   <trkpt lat="49.8005890" lon="6.1313940">
    <ele>214.6</ele>
    <time>2025-09-13T12:52:24Z</time>
   </trkpt>
   <trkpt lat="49.8005260" lon="6.1313580">
    <ele>214.6</ele>
    <time>2025-09-13T12:52:26Z</time>
   </trkpt>
   <trkpt lat="49.8004910" lon="6.1313270">
    <ele>214.6</ele>
    <time>2025-09-13T12:52:27Z</time>
   </trkpt>
   <trkpt lat="49.8003340" lon="6.1311560">
    <ele>214.6</ele>
    <time>2025-09-13T12:52:31Z</time>
   </trkpt>
   <trkpt lat="49.7999660" lon="6.1307410">
    <ele>214.3</ele>
    <time>2025-09-13T12:52:39Z</time>
   </trkpt>
   <trkpt lat="49.7995840" lon="6.1302510">
    <ele>214.1</ele>
    <time>2025-09-13T12:52:47Z</time>
   </trkpt>
   <trkpt lat="49.7992710" lon="6.1297640">
    <ele>214.3</ele>
    <time>2025-09-13T12:52:54Z</time>
   </trkpt>
   <trkpt lat="49.7989570" lon="6.1291590">
    <ele>214.4</ele>
    <time>2025-09-13T12:53:02Z</time>
   </trkpt>
   <trkpt lat="49.7987850" lon="6.1286620">
    <ele>214.7</ele>
    <time>2025-09-13T12:53:08Z</time>
   </trkpt>
   <trkpt lat="49.7985550" lon="6.1279290">
    <ele>215.4</ele>
    <time>2025-09-13T12:53:17Z</time>
   </trkpt>
   <trkpt lat="49.7983620" lon="6.1272840">
    <ele>216.1</ele>
    <time>2025-09-13T12:53:25Z</time>
   </trkpt>
   <trkpt lat="49.7981490" lon="6.1265700">
    <ele>216.8</ele>
    <time>2025-09-13T12:53:34Z</time>
   </trkpt>
   <trkpt lat="49.7979780" lon="6.1259660">
    <ele>217.5</ele>
    <time>2025-09-13T12:53:42Z</time>
   </trkpt>
   <trkpt lat="49.7978940" lon="6.1256940">
    <ele>217.8</ele>
    <time>2025-09-13T12:53:46Z</time>
   </trkpt>
   <trkpt lat="49.7978740" lon="6.1256300">
    <ele>217.9</ele>
    <time>2025-09-13T12:53:47Z</time>
   </trkpt>
   <trkpt lat="49.7977960" lon="6.1254170">
    <ele>218.1</ele>
    <time>2025-09-13T12:53:50Z</time>
   </trkpt>
   <trkpt lat="49.7977120" lon="6.1252190">
    <ele>218.3</ele>
    <time>2025-09-13T12:53:53Z</time>
   </trkpt>
   <trkpt lat="49.7974840" lon="6.1247860">
    <ele>218.8</ele>
    <time>2025-09-13T12:54:00Z</time>
   </trkpt>
   <trkpt lat="49.7972680" lon="6.1244740">
    <ele>219.2</ele>
    <time>2025-09-13T12:54:06Z</time>
   </trkpt>
   <trkpt lat="49.7972280" lon="6.1244230">
    <ele>219.2</ele>
    <time>2025-09-13T12:54:07Z</time>
   </trkpt>
   <trkpt lat="49.7969800" lon="6.1240120">
    <ele>219.8</ele>
    <time>2025-09-13T12:54:14Z</time>
   </trkpt>
   <trkpt lat="49.7968500" lon="6.1237740">
    <ele>219.9</ele>
    <time>2025-09-13T12:54:18Z</time>
   </trkpt>
   <trkpt lat="49.7967790" lon="6.1236650">
    <ele>220.0</ele>
    <time>2025-09-13T12:54:20Z</time>
   </trkpt>
   <trkpt lat="49.7966050" lon="6.1233890">
    <ele>220.1</ele>
    <time>2025-09-13T12:54:25Z</time>
   </trkpt>
   <trkpt lat="49.7965350" lon="6.1232810">
    <ele>220.2</ele>
    <time>2025-09-13T12:54:27Z</time>
   </trkpt>
   <trkpt lat="49.7965150" lon="6.1231400">
    <ele>219.8</ele>
    <time>2025-09-13T12:54:29Z</time>
   </trkpt>
   <trkpt lat="49.7965150" lon="6.1230680">
    <ele>219.4</ele>
    <time>2025-09-13T12:54:30Z</time>
   </trkpt>
   <trkpt lat="49.7965090" lon="6.1229910">
    <ele>219.1</ele>
    <time>2025-09-13T12:54:31Z</time>
   </trkpt>
   <trkpt lat="49.7964630" lon="6.1228310">
    <ele>218.3</ele>
    <time>2025-09-13T12:54:33Z</time>
   </trkpt>
   <trkpt lat="49.7962310" lon="6.1222640">
    <ele>216.1</ele>
    <time>2025-09-13T12:54:39Z</time>
   </trkpt>
   <trkpt lat="49.7961020" lon="6.1216900">
    <ele>215.3</ele>
    <time>2025-09-13T12:54:44Z</time>
   </trkpt>
   <trkpt lat="49.7960790" lon="6.1211400">
    <ele>215.5</ele>
    <time>2025-09-13T12:54:49Z</time>
   </trkpt>
   <trkpt lat="49.7960800" lon="6.1204610">
    <ele>215.6</ele>
    <time>2025-09-13T12:54:56Z</time>
   </trkpt>
   <trkpt lat="49.7961190" lon="6.1202860">
    <ele>215.6</ele>
    <time>2025-09-13T12:54:58Z</time>
   </trkpt>
   <trkpt lat="49.7961370" lon="6.1201180">
    <ele>215.7</ele>
    <time>2025-09-13T12:55:00Z</time>
   </trkpt>
   <trkpt lat="49.7960710" lon="6.1200040">
    <ele>215.7</ele>
    <time>2025-09-13T12:55:02Z</time>
   </trkpt>
   <trkpt lat="49.7956590" lon="6.1196570">
    <ele>215.8</ele>
    <time>2025-09-13T12:55:10Z</time>
   </trkpt>
   <trkpt lat="49.7952600" lon="6.1193630">
    <ele>215.8</ele>
    <time>2025-09-13T12:55:17Z</time>
   </trkpt>
   <trkpt lat="49.7948110" lon="6.1189970">
    <ele>215.8</ele>
    <time>2025-09-13T12:55:25Z</time>
   </trkpt>
   <trkpt lat="49.7945900" lon="6.1188250">
    <ele>215.9</ele>
    <time>2025-09-13T12:55:29Z</time>
   </trkpt>
   <trkpt lat="49.7944720" lon="6.1187740">
    <ele>215.8</ele>
    <time>2025-09-13T12:55:31Z</time>
   </trkpt>
   <trkpt lat="49.7944110" lon="6.1187560">
    <ele>215.8</ele>
    <time>2025-09-13T12:55:32Z</time>
   </trkpt>
   <trkpt lat="49.7941590" lon="6.1187070">
    <ele>215.7</ele>
    <time>2025-09-13T12:55:36Z</time>
   </trkpt>
   <trkpt lat="49.7938460" lon="6.1186910">
    <ele>215.5</ele>
    <time>2025-09-13T12:55:41Z</time>
   </trkpt>
   <trkpt lat="49.7935340" lon="6.1187570">
    <ele>215.6</ele>
    <time>2025-09-13T12:55:46Z</time>
   </trkpt>
   <trkpt lat="49.7934850" lon="6.1187860">
    <ele>215.8</ele>
    <time>2025-09-13T12:55:47Z</time>
   </trkpt>
   <trkpt lat="49.7933770" lon="6.1188400">
    <ele>216.1</ele>
    <time>2025-09-13T12:55:49Z</time>
   </trkpt>
   <trkpt lat="49.7932060" lon="6.1189130">
    <ele>216.9</ele>
    <time>2025-09-13T12:55:52Z</time>
   </trkpt>
   <trkpt lat="49.7931570" lon="6.1189420">
    <ele>217.1</ele>
    <time>2025-09-13T12:55:53Z</time>
   </trkpt>
   <trkpt lat="49.7930110" lon="6.1190150">
    <ele>218.0</ele>
    <time>2025-09-13T12:55:56Z</time>
   </trkpt>
   <trkpt lat="49.7927390" lon="6.1190870">
    <ele>219.9</ele>
    <time>2025-09-13T12:56:02Z</time>
   </trkpt>
   <trkpt lat="49.7926580" lon="6.1190450">
    <ele>220.5</ele>
    <time>2025-09-13T12:56:04Z</time>
   </trkpt>
   <trkpt lat="49.7926280" lon="6.1190000">
    <ele>220.8</ele>
    <time>2025-09-13T12:56:05Z</time>
   </trkpt>
   <trkpt lat="49.7926060" lon="6.1189440">
    <ele>221.0</ele>
    <time>2025-09-13T12:56:06Z</time>
   </trkpt>
   <trkpt lat="49.7925780" lon="6.1188230">
    <ele>221.1</ele>
    <time>2025-09-13T12:56:08Z</time>
   </trkpt>
   <trkpt lat="49.7925680" lon="6.1187580">
    <ele>221.1</ele>
    <time>2025-09-13T12:56:09Z</time>
   </trkpt>
   <trkpt lat="49.7925490" lon="6.1186990">
    <ele>221.1</ele>
    <time>2025-09-13T12:56:10Z</time>
   </trkpt>
   <trkpt lat="49.7924740" lon="6.1186170">
    <ele>220.9</ele>
    <time>2025-09-13T12:56:12Z</time>
   </trkpt>
   <trkpt lat="49.7923630" lon="6.1186270">
    <ele>220.6</ele>
    <time>2025-09-13T12:56:14Z</time>
   </trkpt>
   <trkpt lat="49.7923060" lon="6.1186570">
    <ele>220.2</ele>
    <time>2025-09-13T12:56:15Z</time>
   </trkpt>
   <trkpt lat="49.7921910" lon="6.1187240">
    <ele>219.4</ele>
    <time>2025-09-13T12:56:17Z</time>
   </trkpt>
   <trkpt lat="49.7920510" lon="6.1188120">
    <ele>218.4</ele>
    <time>2025-09-13T12:56:19Z</time>
   </trkpt>
   <trkpt lat="49.7919040" lon="6.1188770">
    <ele>217.5</ele>
    <time>2025-09-13T12:56:21Z</time>
   </trkpt>
   <trkpt lat="49.7917270" lon="6.1189720">
    <ele>216.5</ele>
    <time>2025-09-13T12:56:23Z</time>
   </trkpt>
   <trkpt lat="49.7912840" lon="6.1191260">
    <ele>215.8</ele>
    <time>2025-09-13T12:56:28Z</time>
   </trkpt>
   <trkpt lat="49.7912070" lon="6.1191330">
    <ele>215.9</ele>
    <time>2025-09-13T12:56:29Z</time>
   </trkpt>
   <trkpt lat="49.7909790" lon="6.1191200">
    <ele>216.1</ele>
    <time>2025-09-13T12:56:32Z</time>
   </trkpt>
   <trkpt lat="49.7905740" lon="6.1190740">
    <ele>216.9</ele>
    <time>2025-09-13T12:56:38Z</time>
   </trkpt>
   <trkpt lat="49.7901650" lon="6.1189160">
    <ele>218.2</ele>
    <time>2025-09-13T12:56:45Z</time>
   </trkpt>
   <trkpt lat="49.7897490" lon="6.1186940">
    <ele>219.6</ele>
    <time>2025-09-13T12:56:53Z</time>
   </trkpt>
   <trkpt lat="49.7895970" lon="6.1186300">
    <ele>219.9</ele>
    <time>2025-09-13T12:56:56Z</time>
   </trkpt>
   <trkpt lat="49.7894410" lon="6.1185280">
    <ele>219.9</ele>
    <time>2025-09-13T12:56:59Z</time>
   </trkpt>
   <trkpt lat="49.7890200" lon="6.1181510">
    <ele>218.3</ele>
    <time>2025-09-13T12:57:07Z</time>
   </trkpt>
   <trkpt lat="49.7887440" lon="6.1177880">
    <ele>215.9</ele>
    <time>2025-09-13T12:57:12Z</time>
   </trkpt>
   <trkpt lat="49.7884060" lon="6.1172310">
    <ele>213.5</ele>
    <time>2025-09-13T12:57:18Z</time>
   </trkpt>
   <trkpt lat="49.7880900" lon="6.1167070">
    <ele>212.5</ele>
    <time>2025-09-13T12:57:24Z</time>
   </trkpt>
   <trkpt lat="49.7877570" lon="6.1161850">
    <ele>212.6</ele>
    <time>2025-09-13T12:57:31Z</time>
   </trkpt>
   <trkpt lat="49.7873830" lon="6.1157020">
    <ele>212.9</ele>
    <time>2025-09-13T12:57:39Z</time>
   </trkpt>
   <trkpt lat="49.7869570" lon="6.1153230">
    <ele>213.5</ele>
    <time>2025-09-13T12:57:47Z</time>
   </trkpt>
   <trkpt lat="49.7865250" lon="6.1150360">
    <ele>214.3</ele>
    <time>2025-09-13T12:57:55Z</time>
   </trkpt>
   <trkpt lat="49.7859890" lon="6.1148200">
    <ele>214.3</ele>
    <time>2025-09-13T12:58:04Z</time>
   </trkpt>
   <trkpt lat="49.7855300" lon="6.1147720">
    <ele>214.0</ele>
    <time>2025-09-13T12:58:11Z</time>
   </trkpt>
   <trkpt lat="49.7850340" lon="6.1148260">
    <ele>214.4</ele>
    <time>2025-09-13T12:58:19Z</time>
   </trkpt>
   <trkpt lat="49.7845830" lon="6.1149950">
    <ele>215.2</ele>
    <time>2025-09-13T12:58:27Z</time>
   </trkpt>
   <trkpt lat="49.7841220" lon="6.1152750">
    <ele>215.8</ele>
    <time>2025-09-13T12:58:36Z</time>
   </trkpt>
   <trkpt lat="49.7837870" lon="6.1154590">
    <ele>216.9</ele>
    <time>2025-09-13T12:58:43Z</time>
   </trkpt>
   <trkpt lat="49.7837450" lon="6.1154940">
    <ele>217.1</ele>
    <time>2025-09-13T12:58:44Z</time>
   </trkpt>
   <trkpt lat="49.7836310" lon="6.1156180">
    <ele>217.7</ele>
    <time>2025-09-13T12:58:47Z</time>
   </trkpt>
   <trkpt lat="49.7834950" lon="6.1157720">
    <ele>218.5</ele>
    <time>2025-09-13T12:58:51Z</time>
   </trkpt>
   <trkpt lat="49.7832280" lon="6.1159950">
    <ele>220.3</ele>
    <time>2025-09-13T12:58:59Z</time>
   </trkpt>
   <trkpt lat="49.7829020" lon="6.1162470">
    <ele>222.3</ele>
    <time>2025-09-13T12:59:09Z</time>
   </trkpt>
   <trkpt lat="49.7826720" lon="6.1163830">
    <ele>223.2</ele>
    <time>2025-09-13T12:59:16Z</time>
   </trkpt>
   <trkpt lat="49.7825210" lon="6.1164530">
    <ele>223.6</ele>
    <time>2025-09-13T12:59:21Z</time>
   </trkpt>
   <trkpt lat="49.7824090" lon="6.1164920">
    <ele>223.8</ele>
    <time>2025-09-13T12:59:25Z</time>
   </trkpt>
   <trkpt lat="49.7823500" lon="6.1165120">
    <ele>223.9</ele>
    <time>2025-09-13T12:59:27Z</time>
   </trkpt>
   <trkpt lat="49.7823230" lon="6.1165230">
    <ele>223.9</ele>
    <time>2025-09-13T12:59:28Z</time>
   </trkpt>
   <trkpt lat="49.7822280" lon="6.1165440">
    <ele>223.9</ele>
    <time>2025-09-13T12:59:31Z</time>
   </trkpt>
   <trkpt lat="49.7821900" lon="6.1165540">
    <ele>223.9</ele>
    <time>2025-09-13T12:59:32Z</time>
   </trkpt>
   <trkpt lat="49.7820650" lon="6.1165770">
    <ele>223.8</ele>
    <time>2025-09-13T12:59:36Z</time>
   </trkpt>
   <trkpt lat="49.7818600" lon="6.1166130">
    <ele>223.3</ele>
    <time>2025-09-13T12:59:42Z</time>
   </trkpt>
   <trkpt lat="49.7815220" lon="6.1166690">
    <ele>222.0</ele>
    <time>2025-09-13T12:59:49Z</time>
   </trkpt>
   <trkpt lat="49.7811520" lon="6.1167520">
    <ele>220.1</ele>
    <time>2025-09-13T12:59:55Z</time>
   </trkpt>
   <trkpt lat="49.7807170" lon="6.1167760">
    <ele>218.6</ele>
    <time>2025-09-13T13:00:01Z</time>
   </trkpt>
   <trkpt lat="49.7803710" lon="6.1166870">
    <ele>218.2</ele>
    <time>2025-09-13T13:00:06Z</time>
   </trkpt>
   <trkpt lat="49.7798980" lon="6.1165790">
    <ele>217.8</ele>
    <time>2025-09-13T13:00:13Z</time>
   </trkpt>
   <trkpt lat="49.7796520" lon="6.1165340">
    <ele>217.2</ele>
    <time>2025-09-13T13:00:17Z</time>
   </trkpt>
   <trkpt lat="49.7795260" lon="6.1165010">
    <ele>216.9</ele>
    <time>2025-09-13T13:00:19Z</time>
   </trkpt>
   <trkpt lat="49.7793370" lon="6.1164060">
    <ele>216.6</ele>
    <time>2025-09-13T13:00:22Z</time>
   </trkpt>
   <trkpt lat="49.7790250" lon="6.1162630">
    <ele>216.0</ele>
    <time>2025-09-13T13:00:27Z</time>
   </trkpt>
   <trkpt lat="49.7787590" lon="6.1160070">
    <ele>215.8</ele>
    <time>2025-09-13T13:00:32Z</time>
   </trkpt>
   <trkpt lat="49.7786340" lon="6.1158580">
    <ele>216.0</ele>
    <time>2025-09-13T13:00:35Z</time>
   </trkpt>
   <trkpt lat="49.7785880" lon="6.1157300">
    <ele>216.2</ele>
    <time>2025-09-13T13:00:37Z</time>
   </trkpt>
   <trkpt lat="49.7785980" lon="6.1155880">
    <ele>216.3</ele>
    <time>2025-09-13T13:00:39Z</time>
   </trkpt>
   <trkpt lat="49.7786300" lon="6.1154440">
    <ele>216.4</ele>
    <time>2025-09-13T13:00:41Z</time>
   </trkpt>
   <trkpt lat="49.7787640" lon="6.1149210">
    <ele>217.1</ele>
    <time>2025-09-13T13:00:48Z</time>
   </trkpt>
   <trkpt lat="49.7787970" lon="6.1147800">
    <ele>217.6</ele>
    <time>2025-09-13T13:00:50Z</time>
   </trkpt>
   <trkpt lat="49.7788520" lon="6.1145380">
    <ele>218.4</ele>
    <time>2025-09-13T13:00:54Z</time>
   </trkpt>
   <trkpt lat="49.7788500" lon="6.1143070">
    <ele>219.3</ele>
    <time>2025-09-13T13:00:58Z</time>
   </trkpt>
   <trkpt lat="49.7787700" lon="6.1141240">
    <ele>220.1</ele>
    <time>2025-09-13T13:01:02Z</time>
   </trkpt>
   <trkpt lat="49.7786260" lon="6.1138660">
    <ele>221.0</ele>
    <time>2025-09-13T13:01:08Z</time>
   </trkpt>
   <trkpt lat="49.7784390" lon="6.1135240">
    <ele>221.9</ele>
    <time>2025-09-13T13:01:15Z</time>
   </trkpt>
   <trkpt lat="49.7783910" lon="6.1134200">
    <ele>222.1</ele>
    <time>2025-09-13T13:01:17Z</time>
   </trkpt>
   <trkpt lat="49.7783260" lon="6.1132520">
    <ele>222.4</ele>
    <time>2025-09-13T13:01:20Z</time>
   </trkpt>
   <trkpt lat="49.7782610" lon="6.1130840">
    <ele>222.6</ele>
    <time>2025-09-13T13:01:23Z</time>
   </trkpt>
   <trkpt lat="49.7781880" lon="6.1129080">
    <ele>222.8</ele>
    <time>2025-09-13T13:01:26Z</time>
   </trkpt>
   <trkpt lat="49.7779840" lon="6.1124190">
    <ele>222.9</ele>
    <time>2025-09-13T13:01:34Z</time>
   </trkpt>
   <trkpt lat="49.7778570" lon="6.1120820">
    <ele>222.5</ele>
    <time>2025-09-13T13:01:39Z</time>
   </trkpt>
   <trkpt lat="49.7777410" lon="6.1118070">
    <ele>222.4</ele>
    <time>2025-09-13T13:01:43Z</time>
   </trkpt>
   <trkpt lat="49.7775410" lon="6.1113390">
    <ele>222.5</ele>
    <time>2025-09-13T13:01:50Z</time>
   </trkpt>
   <trkpt lat="49.7774120" lon="6.1110000">
    <ele>222.9</ele>
    <time>2025-09-13T13:01:55Z</time>
   </trkpt>
   <trkpt lat="49.7772410" lon="6.1104680">
    <ele>223.9</ele>
    <time>2025-09-13T13:02:03Z</time>
   </trkpt>
   <trkpt lat="49.7772240" lon="6.1104040">
    <ele>224.0</ele>
    <time>2025-09-13T13:02:04Z</time>
   </trkpt>
   <trkpt lat="49.7771480" lon="6.1101250">
    <ele>224.5</ele>
    <time>2025-09-13T13:02:08Z</time>
   </trkpt>
   <trkpt lat="49.7769690" lon="6.1096830">
    <ele>225.1</ele>
    <time>2025-09-13T13:02:15Z</time>
   </trkpt>
   <trkpt lat="49.7767500" lon="6.1091520">
    <ele>225.1</ele>
    <time>2025-09-13T13:02:23Z</time>
   </trkpt>
   <trkpt lat="49.7765030" lon="6.1085470">
    <ele>224.3</ele>
    <time>2025-09-13T13:02:31Z</time>
   </trkpt>
   <trkpt lat="49.7763550" lon="6.1082510">
    <ele>223.2</ele>
    <time>2025-09-13T13:02:35Z</time>
   </trkpt>
   <trkpt lat="49.7763050" lon="6.1081740">
    <ele>222.7</ele>
    <time>2025-09-13T13:02:36Z</time>
   </trkpt>
   <trkpt lat="49.7761940" lon="6.1080150">
    <ele>221.6</ele>
    <time>2025-09-13T13:02:38Z</time>
   </trkpt>
   <trkpt lat="49.7760590" lon="6.1078570">
    <ele>220.6</ele>
    <time>2025-09-13T13:02:40Z</time>
   </trkpt>
   <trkpt lat="49.7758290" lon="6.1074640">
    <ele>220.5</ele>
    <time>2025-09-13T13:02:44Z</time>
   </trkpt>
   <trkpt lat="49.7757050" lon="6.1071900">
    <ele>220.9</ele>
    <time>2025-09-13T13:02:47Z</time>
   </trkpt>
   <trkpt lat="49.7756650" lon="6.1070970">
    <ele>221.1</ele>
    <time>2025-09-13T13:02:48Z</time>
   </trkpt>
   <trkpt lat="49.7755430" lon="6.1068540">
    <ele>221.2</ele>
    <time>2025-09-13T13:02:51Z</time>
   </trkpt>
   <trkpt lat="49.7752970" lon="6.1064290">
    <ele>220.3</ele>
    <time>2025-09-13T13:02:57Z</time>
   </trkpt>
   <trkpt lat="49.7751140" lon="6.1061070">
    <ele>219.2</ele>
    <time>2025-09-13T13:03:01Z</time>
   </trkpt>
   <trkpt lat="49.7750010" lon="6.1059400">
    <ele>218.8</ele>
    <time>2025-09-13T13:03:03Z</time>
   </trkpt>
   <trkpt lat="49.7749000" lon="6.1057750">
    <ele>218.6</ele>
    <time>2025-09-13T13:03:05Z</time>
   </trkpt>
   <trkpt lat="49.7748530" lon="6.1056900">
    <ele>218.4</ele>
    <time>2025-09-13T13:03:06Z</time>
   </trkpt>
   <trkpt lat="49.7748010" lon="6.1056110">
    <ele>218.3</ele>
    <time>2025-09-13T13:03:07Z</time>
   </trkpt>
   <trkpt lat="49.7746280" lon="6.1054080">
    <ele>217.9</ele>
    <time>2025-09-13T13:03:10Z</time>
   </trkpt>
   <trkpt lat="49.7745650" lon="6.1053430">
    <ele>217.8</ele>
    <time>2025-09-13T13:03:11Z</time>
   </trkpt>
   <trkpt lat="49.7744300" lon="6.1052250">
    <ele>217.4</ele>
    <time>2025-09-13T13:03:13Z</time>
   </trkpt>
   <trkpt lat="49.7740200" lon="6.1050350">
    <ele>216.7</ele>
    <time>2025-09-13T13:03:18Z</time>
   </trkpt>
   <trkpt lat="49.7736210" lon="6.1049670">
    <ele>216.6</ele>
    <time>2025-09-13T13:03:23Z</time>
   </trkpt>
   <trkpt lat="49.7732570" lon="6.1049990">
    <ele>216.8</ele>
    <time>2025-09-13T13:03:28Z</time>
   </trkpt>
   <trkpt lat="49.7731860" lon="6.1050240">
    <ele>216.8</ele>
    <time>2025-09-13T13:03:29Z</time>
   </trkpt>
   <trkpt lat="49.7728570" lon="6.1051860">
    <ele>217.2</ele>
    <time>2025-09-13T13:03:34Z</time>
   </trkpt>
   <trkpt lat="49.7727900" lon="6.1052290">
    <ele>217.2</ele>
    <time>2025-09-13T13:03:35Z</time>
   </trkpt>
   <trkpt lat="49.7726800" lon="6.1053030">
    <ele>217.3</ele>
    <time>2025-09-13T13:03:37Z</time>
   </trkpt>
   <trkpt lat="49.7723930" lon="6.1055370">
    <ele>217.5</ele>
    <time>2025-09-13T13:03:42Z</time>
   </trkpt>
   <trkpt lat="49.7719500" lon="6.1059770">
    <ele>217.8</ele>
    <time>2025-09-13T13:03:50Z</time>
   </trkpt>
   <trkpt lat="49.7714510" lon="6.1063860">
    <ele>217.9</ele>
    <time>2025-09-13T13:03:59Z</time>
   </trkpt>
   <trkpt lat="49.7713430" lon="6.1064740">
    <ele>217.9</ele>
    <time>2025-09-13T13:04:01Z</time>
   </trkpt>
   <trkpt lat="49.7711900" lon="6.1066210">
    <ele>218.0</ele>
    <time>2025-09-13T13:04:04Z</time>
   </trkpt>
   <trkpt lat="49.7708630" lon="6.1067770">
    <ele>218.5</ele>
    <time>2025-09-13T13:04:10Z</time>
   </trkpt>
   <trkpt lat="49.7707670" lon="6.1067750">
    <ele>218.8</ele>
    <time>2025-09-13T13:04:12Z</time>
   </trkpt>
   <trkpt lat="49.7707000" lon="6.1068230">
    <ele>219.0</ele>
    <time>2025-09-13T13:04:14Z</time>
   </trkpt>
   <trkpt lat="49.7706640" lon="6.1070140">
    <ele>219.1</ele>
    <time>2025-09-13T13:04:17Z</time>
   </trkpt>
   <trkpt lat="49.7706030" lon="6.1071200">
    <ele>219.2</ele>
    <time>2025-09-13T13:04:19Z</time>
   </trkpt>
   <trkpt lat="49.7705240" lon="6.1072020">
    <ele>219.3</ele>
    <time>2025-09-13T13:04:21Z</time>
   </trkpt>
   <trkpt lat="49.7702400" lon="6.1075440">
    <ele>219.7</ele>
    <time>2025-09-13T13:04:28Z</time>
   </trkpt>
   <trkpt lat="49.7702040" lon="6.1076020">
    <ele>219.7</ele>
    <time>2025-09-13T13:04:29Z</time>
   </trkpt>
   <trkpt lat="49.7701720" lon="6.1076670">
    <ele>219.8</ele>
    <time>2025-09-13T13:04:30Z</time>
   </trkpt>
   <trkpt lat="49.7701260" lon="6.1078150">
    <ele>219.9</ele>
    <time>2025-09-13T13:04:32Z</time>
   </trkpt>
   <trkpt lat="49.7701110" lon="6.1078910">
    <ele>219.9</ele>
    <time>2025-09-13T13:04:33Z</time>
   </trkpt>
   <trkpt lat="49.7699550" lon="6.1084180">
    <ele>220.2</ele>
    <time>2025-09-13T13:04:40Z</time>
   </trkpt>
   <trkpt lat="49.7697920" lon="6.1088150">
    <ele>220.3</ele>
    <time>2025-09-13T13:04:45Z</time>
   </trkpt>
   <trkpt lat="49.7697120" lon="6.1089480">
    <ele>220.5</ele>
    <time>2025-09-13T13:04:47Z</time>
   </trkpt>
   <trkpt lat="49.7696750" lon="6.1090100">
    <ele>220.6</ele>
    <time>2025-09-13T13:04:48Z</time>
   </trkpt>
   <trkpt lat="49.7695590" lon="6.1091750">
    <ele>220.7</ele>
    <time>2025-09-13T13:04:51Z</time>
   </trkpt>
   <trkpt lat="49.7692430" lon="6.1095630">
    <ele>220.1</ele>
    <time>2025-09-13T13:04:58Z</time>
   </trkpt>
   <trkpt lat="49.7689580" lon="6.1099740">
    <ele>219.1</ele>
    <time>2025-09-13T13:05:04Z</time>
   </trkpt>
   <trkpt lat="49.7688520" lon="6.1101080">
    <ele>218.9</ele>
    <time>2025-09-13T13:05:06Z</time>
   </trkpt>
   <trkpt lat="49.7687290" lon="6.1102100">
    <ele>218.7</ele>
    <time>2025-09-13T13:05:08Z</time>
   </trkpt>
   <trkpt lat="49.7686660" lon="6.1102490">
    <ele>218.7</ele>
    <time>2025-09-13T13:05:09Z</time>
   </trkpt>
   <trkpt lat="49.7684530" lon="6.1103730">
    <ele>218.7</ele>
    <time>2025-09-13T13:05:13Z</time>
   </trkpt>
   <trkpt lat="49.7684200" lon="6.1104240">
    <ele>218.8</ele>
    <time>2025-09-13T13:05:14Z</time>
   </trkpt>
   <trkpt lat="49.7684090" lon="6.1104910">
    <ele>218.8</ele>
    <time>2025-09-13T13:05:15Z</time>
   </trkpt>
   <trkpt lat="49.7684120" lon="6.1106270">
    <ele>218.7</ele>
    <time>2025-09-13T13:05:17Z</time>
   </trkpt>
   <trkpt lat="49.7684180" lon="6.1108120">
    <ele>218.6</ele>
    <time>2025-09-13T13:05:20Z</time>
   </trkpt>
   <trkpt lat="49.7684020" lon="6.1108730">
    <ele>218.6</ele>
    <time>2025-09-13T13:05:21Z</time>
   </trkpt>
   <trkpt lat="49.7683510" lon="6.1109570">
    <ele>218.2</ele>
    <time>2025-09-13T13:05:23Z</time>
   </trkpt>
   <trkpt lat="49.7683060" lon="6.1109920">
    <ele>218.0</ele>
    <time>2025-09-13T13:05:24Z</time>
   </trkpt>
   <trkpt lat="49.7681940" lon="6.1110460">
    <ele>217.6</ele>
    <time>2025-09-13T13:05:26Z</time>
   </trkpt>
   <trkpt lat="49.7679740" lon="6.1111910">
    <ele>217.3</ele>
    <time>2025-09-13T13:05:30Z</time>
   </trkpt>
   <trkpt lat="49.7677650" lon="6.1113500">
    <ele>217.2</ele>
    <time>2025-09-13T13:05:34Z</time>
   </trkpt>
   <trkpt lat="49.7676670" lon="6.1114460">
    <ele>217.2</ele>
    <time>2025-09-13T13:05:36Z</time>
   </trkpt>
   <trkpt lat="49.7675640" lon="6.1114940">
    <ele>217.0</ele>
    <time>2025-09-13T13:05:38Z</time>
   </trkpt>
   <trkpt lat="49.7675060" lon="6.1114680">
    <ele>216.9</ele>
    <time>2025-09-13T13:05:39Z</time>
   </trkpt>
   <trkpt lat="49.7670920" lon="6.1112110">
    <ele>216.6</ele>
    <time>2025-09-13T13:05:46Z</time>
   </trkpt>
   <trkpt lat="49.7666790" lon="6.1109770">
    <ele>216.6</ele>
    <time>2025-09-13T13:05:53Z</time>
   </trkpt>
   <trkpt lat="49.7665540" lon="6.1109480">
    <ele>216.7</ele>
    <time>2025-09-13T13:05:55Z</time>
   </trkpt>
   <trkpt lat="49.7659800" lon="6.1109120">
    <ele>216.8</ele>
    <time>2025-09-13T13:06:04Z</time>
   </trkpt>
   <trkpt lat="49.7654640" lon="6.1108780">
    <ele>217.0</ele>
    <time>2025-09-13T13:06:12Z</time>
   </trkpt>
   <trkpt lat="49.7648840" lon="6.1108340">
    <ele>217.2</ele>
    <time>2025-09-13T13:06:21Z</time>
   </trkpt>
   <trkpt lat="49.7643670" lon="6.1107520">
    <ele>217.4</ele>
    <time>2025-09-13T13:06:29Z</time>
   </trkpt>
   <trkpt lat="49.7638570" lon="6.1105820">
    <ele>217.6</ele>
    <time>2025-09-13T13:06:37Z</time>
   </trkpt>
   <trkpt lat="49.7634310" lon="6.1103330">
    <ele>217.8</ele>
    <time>2025-09-13T13:06:44Z</time>
   </trkpt>
   <trkpt lat="49.7629620" lon="6.1100200">
    <ele>218.1</ele>
    <time>2025-09-13T13:06:52Z</time>
   </trkpt>
   <trkpt lat="49.7626110" lon="6.1097750">
    <ele>218.0</ele>
    <time>2025-09-13T13:06:58Z</time>
   </trkpt>
   <trkpt lat="49.7621250" lon="6.1094440">
    <ele>218.1</ele>
    <time>2025-09-13T13:07:06Z</time>
   </trkpt>
   <trkpt lat="49.7616900" lon="6.1091410">
    <ele>218.1</ele>
    <time>2025-09-13T13:07:13Z</time>
   </trkpt>
   <trkpt lat="49.7613250" lon="6.1088960">
    <ele>218.1</ele>
    <time>2025-09-13T13:07:19Z</time>
   </trkpt>
   <trkpt lat="49.7609480" lon="6.1086820">
    <ele>218.0</ele>
    <time>2025-09-13T13:07:25Z</time>
   </trkpt>
   <trkpt lat="49.7605520" lon="6.1085490">
    <ele>217.8</ele>
    <time>2025-09-13T13:07:31Z</time>
   </trkpt>
   <trkpt lat="49.7601950" lon="6.1085160">
    <ele>217.5</ele>
    <time>2025-09-13T13:07:36Z</time>
   </trkpt>
   <trkpt lat="49.7597020" lon="6.1085400">
    <ele>218.0</ele>
    <time>2025-09-13T13:07:43Z</time>
   </trkpt>
   <trkpt lat="49.7592370" lon="6.1086760">
    <ele>218.7</ele>
    <time>2025-09-13T13:07:50Z</time>
   </trkpt>
   <trkpt lat="49.7588210" lon="6.1089340">
    <ele>219.1</ele>
    <time>2025-09-13T13:07:57Z</time>
   </trkpt>
   <trkpt lat="49.7583990" lon="6.1092740">
    <ele>219.1</ele>
    <time>2025-09-13T13:08:04Z</time>
   </trkpt>
   <trkpt lat="49.7579220" lon="6.1096840">
    <ele>219.4</ele>
    <time>2025-09-13T13:08:12Z</time>
   </trkpt>
   <trkpt lat="49.7578660" lon="6.1097340">
    <ele>219.4</ele>
    <time>2025-09-13T13:08:13Z</time>
   </trkpt>
   <trkpt lat="49.7574290" lon="6.1100860">
    <ele>220.3</ele>
    <time>2025-09-13T13:08:21Z</time>
   </trkpt>
   <trkpt lat="49.7572590" lon="6.1101900">
    <ele>220.5</ele>
    <time>2025-09-13T13:08:24Z</time>
   </trkpt>
   <trkpt lat="49.7571380" lon="6.1102420">
    <ele>220.6</ele>
    <time>2025-09-13T13:08:26Z</time>
   </trkpt>
   <trkpt lat="49.7567000" lon="6.1104260">
    <ele>220.6</ele>
    <time>2025-09-13T13:08:33Z</time>
   </trkpt>
   <trkpt lat="49.7562000" lon="6.1106510">
    <ele>220.7</ele>
    <time>2025-09-13T13:08:41Z</time>
   </trkpt>
   <trkpt lat="49.7559160" lon="6.1107210">
    <ele>220.6</ele>
    <time>2025-09-13T13:08:46Z</time>
   </trkpt>
   <trkpt lat="49.7557980" lon="6.1107220">
    <ele>220.6</ele>
    <time>2025-09-13T13:08:48Z</time>
   </trkpt>
   <trkpt lat="49.7554700" lon="6.1106790">
    <ele>220.3</ele>
    <time>2025-09-13T13:08:53Z</time>
   </trkpt>
   <trkpt lat="49.7552040" lon="6.1106690">
    <ele>220.7</ele>
    <time>2025-09-13T13:08:57Z</time>
   </trkpt>
   <trkpt lat="49.7550930" lon="6.1106430">
    <ele>220.8</ele>
    <time>2025-09-13T13:08:59Z</time>
   </trkpt>
   <trkpt lat="49.7550450" lon="6.1106270">
    <ele>220.8</ele>
    <time>2025-09-13T13:09:00Z</time>
   </trkpt>
   <trkpt lat="49.7549070" lon="6.1106250">
    <ele>220.8</ele>
    <time>2025-09-13T13:09:03Z</time>
   </trkpt>
   <trkpt lat="49.7548110" lon="6.1106360">
    <ele>220.7</ele>
    <time>2025-09-13T13:09:05Z</time>
   </trkpt>
   <trkpt lat="49.7547200" lon="6.1106760">
    <ele>220.6</ele>
    <time>2025-09-13T13:09:07Z</time>
   </trkpt>
   <trkpt lat="49.7546840" lon="6.1107160">
    <ele>220.6</ele>
    <time>2025-09-13T13:09:08Z</time>
   </trkpt>
   <trkpt lat="49.7545640" lon="6.1108390">
    <ele>220.7</ele>
    <time>2025-09-13T13:09:12Z</time>
   </trkpt>
   <trkpt lat="49.7544250" lon="6.1107240">
    <ele>221.0</ele>
    <time>2025-09-13T13:09:17Z</time>
   </trkpt>
   <trkpt lat="49.7543850" lon="6.1107320">
    <ele>221.0</ele>
    <time>2025-09-13T13:09:19Z</time>
   </trkpt>
   <trkpt lat="49.7543620" lon="6.1107490">
    <ele>221.1</ele>
    <time>2025-09-13T13:09:21Z</time>
   </trkpt>
   <trkpt lat="49.7543940" lon="6.1107090">
    <ele>221.0</ele>
    <time>2025-09-13T13:09:36Z</time>
   </trkpt>
   <trkpt lat="49.7544260" lon="6.1107360">
    <ele>221.0</ele>
    <time>2025-09-13T13:09:38Z</time>
   </trkpt>
   <trkpt lat="49.7545600" lon="6.1108470">
    <ele>220.8</ele>
    <time>2025-09-13T13:09:44Z</time>
   </trkpt>
   <trkpt lat="49.7546420" lon="6.1108260">
    <ele>220.7</ele>
    <time>2025-09-13T13:09:47Z</time>
   </trkpt>
   <trkpt lat="49.7546590" lon="6.1107940">
    <ele>220.6</ele>
    <time>2025-09-13T13:09:48Z</time>
   </trkpt>
   <trkpt lat="49.7546630" lon="6.1107530">
    <ele>220.6</ele>
    <time>2025-09-13T13:09:49Z</time>
   </trkpt>
   <trkpt lat="49.7546360" lon="6.1106830">
    <ele>220.5</ele>
    <time>2025-09-13T13:09:51Z</time>
   </trkpt>
   <trkpt lat="49.7545190" lon="6.1106150">
    <ele>220.0</ele>
    <time>2025-09-13T13:09:55Z</time>
   </trkpt>
   <trkpt lat="49.7543580" lon="6.1105860">
    <ele>219.3</ele>
    <time>2025-09-13T13:09:59Z</time>
   </trkpt>
   <trkpt lat="49.7543260" lon="6.1105080">
    <ele>219.0</ele>
    <time>2025-09-13T13:10:00Z</time>
   </trkpt>
   <trkpt lat="49.7542940" lon="6.1104230">
    <ele>218.8</ele>
    <time>2025-09-13T13:10:01Z</time>
   </trkpt>
   <trkpt lat="49.7542600" lon="6.1103710">
    <ele>218.8</ele>
    <time>2025-09-13T13:10:02Z</time>
   </trkpt>
   <trkpt lat="49.7542320" lon="6.1102850">
    <ele>218.8</ele>
    <time>2025-09-13T13:10:04Z</time>
   </trkpt>
   <trkpt lat="49.7541720" lon="6.1102450">
    <ele>219.1</ele>
    <time>2025-09-13T13:10:06Z</time>
   </trkpt>
   <trkpt lat="49.7540720" lon="6.1102280">
    <ele>219.5</ele>
    <time>2025-09-13T13:10:09Z</time>
   </trkpt>
   <trkpt lat="49.7540540" lon="6.1101990">
    <ele>219.7</ele>
    <time>2025-09-13T13:10:10Z</time>
   </trkpt>
   <trkpt lat="49.7539140" lon="6.1100650">
    <ele>220.8</ele>
    <time>2025-09-13T13:10:15Z</time>
   </trkpt>
   <trkpt lat="49.7537400" lon="6.1100170">
    <ele>221.4</ele>
    <time>2025-09-13T13:10:21Z</time>
   </trkpt>
   <trkpt lat="49.7535690" lon="6.1099060">
    <ele>221.5</ele>
    <time>2025-09-13T13:10:26Z</time>
   </trkpt>
   <trkpt lat="49.7533030" lon="6.1098880">
    <ele>221.5</ele>
    <time>2025-09-13T13:10:32Z</time>
   </trkpt>
   <trkpt lat="49.7532060" lon="6.1098870">
    <ele>221.5</ele>
    <time>2025-09-13T13:10:34Z</time>
   </trkpt>
   <trkpt lat="49.7529620" lon="6.1098750">
    <ele>221.4</ele>
    <time>2025-09-13T13:10:39Z</time>
   </trkpt>
   <trkpt lat="49.7525220" lon="6.1099100">
    <ele>221.3</ele>
    <time>2025-09-13T13:10:47Z</time>
   </trkpt>
   <trkpt lat="49.7520120" lon="6.1099630">
    <ele>221.1</ele>
    <time>2025-09-13T13:10:55Z</time>
   </trkpt>
   <trkpt lat="49.7519460" lon="6.1099590">
    <ele>221.1</ele>
    <time>2025-09-13T13:10:56Z</time>
   </trkpt>
   <trkpt lat="49.7518250" lon="6.1099160">
    <ele>221.1</ele>
    <time>2025-09-13T13:10:58Z</time>
   </trkpt>
   <trkpt lat="49.7517650" lon="6.1098720">
    <ele>221.1</ele>
    <time>2025-09-13T13:10:59Z</time>
   </trkpt>
   <trkpt lat="49.7517130" lon="6.1098240">
    <ele>221.0</ele>
    <time>2025-09-13T13:11:00Z</time>
   </trkpt>
   <trkpt lat="49.7515870" lon="6.1096510">
    <ele>220.9</ele>
    <time>2025-09-13T13:11:03Z</time>
   </trkpt>
   <trkpt lat="49.7513630" lon="6.1093860">
    <ele>220.9</ele>
    <time>2025-09-13T13:11:09Z</time>
   </trkpt>
   <trkpt lat="49.7513340" lon="6.1093230">
    <ele>220.8</ele>
    <time>2025-09-13T13:11:12Z</time>
   </trkpt>
   <trkpt lat="49.7513100" lon="6.1092950">
    <ele>220.9</ele>
    <time>2025-09-13T13:11:27Z</time>
   </trkpt>
   <trkpt lat="49.7512750" lon="6.1092720">
    <ele>220.8</ele>
    <time>2025-09-13T13:11:29Z</time>
   </trkpt>
   <trkpt lat="49.7512590" lon="6.1092740">
    <ele>220.8</ele>
    <time>2025-09-13T13:11:30Z</time>
   </trkpt>
   <trkpt lat="49.7512240" lon="6.1093190">
    <ele>220.7</ele>
    <time>2025-09-13T13:11:32Z</time>
   </trkpt>
   <trkpt lat="49.7511870" lon="6.1094010">
    <ele>220.5</ele>
    <time>2025-09-13T13:11:35Z</time>
   </trkpt>
   <trkpt lat="49.7511510" lon="6.1094150">
    <ele>220.4</ele>
    <time>2025-09-13T13:11:37Z</time>
   </trkpt>
   <trkpt lat="49.7511300" lon="6.1094410">
    <ele>220.3</ele>
    <time>2025-09-13T13:11:38Z</time>
   </trkpt>
   <trkpt lat="49.7510550" lon="6.1095710">
    <ele>220.1</ele>
    <time>2025-09-13T13:11:41Z</time>
   </trkpt>
   <trkpt lat="49.7510240" lon="6.1096230">
    <ele>220.0</ele>
    <time>2025-09-13T13:11:42Z</time>
   </trkpt>
   <trkpt lat="49.7508440" lon="6.1099020">
    <ele>219.9</ele>
    <time>2025-09-13T13:11:47Z</time>
   </trkpt>
   <trkpt lat="49.7508060" lon="6.1099510">
    <ele>219.9</ele>
    <time>2025-09-13T13:11:48Z</time>
   </trkpt>
   <trkpt lat="49.7506420" lon="6.1101010">
    <ele>219.9</ele>
    <time>2025-09-13T13:11:52Z</time>
   </trkpt>
   <trkpt lat="49.7505050" lon="6.1101360">
    <ele>219.8</ele>
    <time>2025-09-13T13:11:56Z</time>
   </trkpt>
   <trkpt lat="49.7503180" lon="6.1101680">
    <ele>219.8</ele>
    <time>2025-09-13T13:12:01Z</time>
   </trkpt>
   <trkpt lat="49.7502070" lon="6.1102200">
    <ele>219.8</ele>
    <time>2025-09-13T13:12:03Z</time>
   </trkpt>
   <trkpt lat="49.7501090" lon="6.1102470">
    <ele>219.7</ele>
    <time>2025-09-13T13:12:05Z</time>
   </trkpt>
   <trkpt lat="49.7498390" lon="6.1103010">
    <ele>219.6</ele>
    <time>2025-09-13T13:12:11Z</time>
   </trkpt>
   <trkpt lat="49.7497000" lon="6.1102870">
    <ele>219.7</ele>
    <time>2025-09-13T13:12:15Z</time>
   </trkpt>
   <trkpt lat="49.7496000" lon="6.1102990">
    <ele>219.7</ele>
    <time>2025-09-13T13:12:18Z</time>
   </trkpt>
   <trkpt lat="49.7494710" lon="6.1103300">
    <ele>219.5</ele>
    <time>2025-09-13T13:12:21Z</time>
   </trkpt>
   <trkpt lat="49.7493870" lon="6.1103430">
    <ele>219.4</ele>
    <time>2025-09-13T13:12:23Z</time>
   </trkpt>
   <trkpt lat="49.7493450" lon="6.1103400">
    <ele>219.4</ele>
    <time>2025-09-13T13:12:24Z</time>
   </trkpt>
   <trkpt lat="49.7491890" lon="6.1102750">
    <ele>219.2</ele>
    <time>2025-09-13T13:12:27Z</time>
   </trkpt>
   <trkpt lat="49.7489810" lon="6.1101960">
    <ele>219.2</ele>
    <time>2025-09-13T13:12:31Z</time>
   </trkpt>
   <trkpt lat="49.7488830" lon="6.1101940">
    <ele>219.3</ele>
    <time>2025-09-13T13:12:33Z</time>
   </trkpt>
   <trkpt lat="49.7486060" lon="6.1102590">
    <ele>220.0</ele>
    <time>2025-09-13T13:12:39Z</time>
   </trkpt>
   <trkpt lat="49.7483490" lon="6.1103290">
    <ele>220.6</ele>
    <time>2025-09-13T13:12:46Z</time>
   </trkpt>
   <trkpt lat="49.7480490" lon="6.1103500">
    <ele>220.1</ele>
    <time>2025-09-13T13:12:52Z</time>
   </trkpt>
   <trkpt lat="49.7477230" lon="6.1103740">
    <ele>219.6</ele>
    <time>2025-09-13T13:12:57Z</time>
   </trkpt>
   <trkpt lat="49.7472560" lon="6.1103770">
    <ele>219.5</ele>
    <time>2025-09-13T13:13:04Z</time>
   </trkpt>
   <trkpt lat="49.7467760" lon="6.1103810">
    <ele>219.6</ele>
    <time>2025-09-13T13:13:11Z</time>
   </trkpt>
   <trkpt lat="49.7464890" lon="6.1104270">
    <ele>220.5</ele>
    <time>2025-09-13T13:13:16Z</time>
   </trkpt>
   <trkpt lat="49.7461560" lon="6.1104710">
    <ele>220.7</ele>
    <time>2025-09-13T13:13:22Z</time>
   </trkpt>
   <trkpt lat="49.7456720" lon="6.1105710">
    <ele>220.3</ele>
    <time>2025-09-13T13:13:30Z</time>
   </trkpt>
   <trkpt lat="49.7453260" lon="6.1106220">
    <ele>219.3</ele>
    <time>2025-09-13T13:13:35Z</time>
   </trkpt>
   <trkpt lat="49.7447240" lon="6.1107580">
    <ele>219.1</ele>
    <time>2025-09-13T13:13:43Z</time>
   </trkpt>
   <trkpt lat="49.7441620" lon="6.1108800">
    <ele>219.2</ele>
    <time>2025-09-13T13:13:51Z</time>
   </trkpt>
   <trkpt lat="49.7440950" lon="6.1108940">
    <ele>219.3</ele>
    <time>2025-09-13T13:13:52Z</time>
   </trkpt>
   <trkpt lat="49.7436190" lon="6.1110060">
    <ele>219.4</ele>
    <time>2025-09-13T13:13:59Z</time>
   </trkpt>
   <trkpt lat="49.7430820" lon="6.1111250">
    <ele>219.6</ele>
    <time>2025-09-13T13:14:07Z</time>
   </trkpt>
   <trkpt lat="49.7430150" lon="6.1111400">
    <ele>219.6</ele>
    <time>2025-09-13T13:14:08Z</time>
   </trkpt>
   <trkpt lat="49.7425430" lon="6.1112550">
    <ele>219.7</ele>
    <time>2025-09-13T13:14:15Z</time>
   </trkpt>
   <trkpt lat="49.7422110" lon="6.1113280">
    <ele>219.7</ele>
    <time>2025-09-13T13:14:20Z</time>
   </trkpt>
   <trkpt lat="49.7418070" lon="6.1114160">
    <ele>219.5</ele>
    <time>2025-09-13T13:14:26Z</time>
   </trkpt>
   <trkpt lat="49.7412800" lon="6.1115380">
    <ele>219.8</ele>
    <time>2025-09-13T13:14:34Z</time>
   </trkpt>
   <trkpt lat="49.7408400" lon="6.1116400">
    <ele>220.3</ele>
    <time>2025-09-13T13:14:41Z</time>
   </trkpt>
   <trkpt lat="49.7403180" lon="6.1117690">
    <ele>220.9</ele>
    <time>2025-09-13T13:14:50Z</time>
   </trkpt>
   <trkpt lat="49.7398990" lon="6.1118990">
    <ele>220.7</ele>
    <time>2025-09-13T13:14:57Z</time>
   </trkpt>
   <trkpt lat="49.7394240" lon="6.1121480">
    <ele>220.1</ele>
    <time>2025-09-13T13:15:05Z</time>
   </trkpt>
   <trkpt lat="49.7390540" lon="6.1124030">
    <ele>219.9</ele>
    <time>2025-09-13T13:15:11Z</time>
   </trkpt>
   <trkpt lat="49.7386330" lon="6.1127440">
    <ele>219.9</ele>
    <time>2025-09-13T13:15:18Z</time>
   </trkpt>
   <trkpt lat="49.7381810" lon="6.1132020">
    <ele>219.7</ele>
    <time>2025-09-13T13:15:26Z</time>
   </trkpt>
   <trkpt lat="49.7381260" lon="6.1132590">
    <ele>219.7</ele>
    <time>2025-09-13T13:15:27Z</time>
   </trkpt>
   <trkpt lat="49.7376630" lon="6.1137390">
    <ele>219.4</ele>
    <time>2025-09-13T13:15:35Z</time>
   </trkpt>
   <trkpt lat="49.7371900" lon="6.1142340">
    <ele>219.4</ele>
    <time>2025-09-13T13:15:43Z</time>
   </trkpt>
   <trkpt lat="49.7371320" lon="6.1142980">
    <ele>219.5</ele>
    <time>2025-09-13T13:15:44Z</time>
   </trkpt>
   <trkpt lat="49.7366620" lon="6.1147990">
    <ele>219.7</ele>
    <time>2025-09-13T13:15:52Z</time>
   </trkpt>
   <trkpt lat="49.7362510" lon="6.1152420">
    <ele>220.2</ele>
    <time>2025-09-13T13:15:59Z</time>
   </trkpt>
   <trkpt lat="49.7357900" lon="6.1157190">
    <ele>220.6</ele>
    <time>2025-09-13T13:16:07Z</time>
   </trkpt>
   <trkpt lat="49.7357330" lon="6.1157810">
    <ele>220.7</ele>
    <time>2025-09-13T13:16:08Z</time>
   </trkpt>
   <trkpt lat="49.7352840" lon="6.1162790">
    <ele>220.9</ele>
    <time>2025-09-13T13:16:16Z</time>
   </trkpt>
   <trkpt lat="49.7351730" lon="6.1164000">
    <ele>220.9</ele>
    <time>2025-09-13T13:16:18Z</time>
   </trkpt>
   <trkpt lat="49.7347170" lon="6.1168780">
    <ele>221.1</ele>
    <time>2025-09-13T13:16:26Z</time>
   </trkpt>
   <trkpt lat="49.7344880" lon="6.1170990">
    <ele>221.2</ele>
    <time>2025-09-13T13:16:30Z</time>
   </trkpt>
   <trkpt lat="49.7340360" lon="6.1175760">
    <ele>221.3</ele>
    <time>2025-09-13T13:16:38Z</time>
   </trkpt>
   <trkpt lat="49.7339790" lon="6.1176370">
    <ele>221.3</ele>
    <time>2025-09-13T13:16:39Z</time>
   </trkpt>
   <trkpt lat="49.7335620" lon="6.1180660">
    <ele>221.2</ele>
    <time>2025-09-13T13:16:46Z</time>
   </trkpt>
   <trkpt lat="49.7331400" lon="6.1185240">
    <ele>221.3</ele>
    <time>2025-09-13T13:16:53Z</time>
   </trkpt>
   <trkpt lat="49.7327820" lon="6.1188920">
    <ele>221.5</ele>
    <time>2025-09-13T13:16:59Z</time>
   </trkpt>
   <trkpt lat="49.7323200" lon="6.1193650">
    <ele>221.6</ele>
    <time>2025-09-13T13:17:07Z</time>
   </trkpt>
   <trkpt lat="49.7318780" lon="6.1198090">
    <ele>221.6</ele>
    <time>2025-09-13T13:17:15Z</time>
   </trkpt>
   <trkpt lat="49.7314470" lon="6.1201530">
    <ele>221.4</ele>
    <time>2025-09-13T13:17:22Z</time>
   </trkpt>
   <trkpt lat="49.7309900" lon="6.1204660">
    <ele>221.5</ele>
    <time>2025-09-13T13:17:29Z</time>
   </trkpt>
   <trkpt lat="49.7305210" lon="6.1207250">
    <ele>221.5</ele>
    <time>2025-09-13T13:17:36Z</time>
   </trkpt>
   <trkpt lat="49.7300620" lon="6.1209250">
    <ele>221.6</ele>
    <time>2025-09-13T13:17:43Z</time>
   </trkpt>
   <trkpt lat="49.7295140" lon="6.1211080">
    <ele>221.5</ele>
    <time>2025-09-13T13:17:51Z</time>
   </trkpt>
   <trkpt lat="49.7294450" lon="6.1211210">
    <ele>221.5</ele>
    <time>2025-09-13T13:17:52Z</time>
   </trkpt>
   <trkpt lat="49.7290430" lon="6.1212100">
    <ele>221.2</ele>
    <time>2025-09-13T13:17:58Z</time>
   </trkpt>
   <trkpt lat="49.7286210" lon="6.1212820">
    <ele>220.9</ele>
    <time>2025-09-13T13:18:05Z</time>
   </trkpt>
   <trkpt lat="49.7282140" lon="6.1213530">
    <ele>220.9</ele>
    <time>2025-09-13T13:18:12Z</time>
   </trkpt>
   <trkpt lat="49.7276390" lon="6.1214620">
    <ele>221.1</ele>
    <time>2025-09-13T13:18:21Z</time>
   </trkpt>
   <trkpt lat="49.7270400" lon="6.1215810">
    <ele>221.4</ele>
    <time>2025-09-13T13:18:30Z</time>
   </trkpt>
   <trkpt lat="49.7269070" lon="6.1216020">
    <ele>221.5</ele>
    <time>2025-09-13T13:18:32Z</time>
   </trkpt>
   <trkpt lat="49.7263690" lon="6.1216950">
    <ele>221.7</ele>
    <time>2025-09-13T13:18:40Z</time>
   </trkpt>
   <trkpt lat="49.7261650" lon="6.1217320">
    <ele>221.7</ele>
    <time>2025-09-13T13:18:43Z</time>
   </trkpt>
   <trkpt lat="49.7256160" lon="6.1218420">
    <ele>221.8</ele>
    <time>2025-09-13T13:18:51Z</time>
   </trkpt>
   <trkpt lat="49.7254780" lon="6.1218650">
    <ele>221.8</ele>
    <time>2025-09-13T13:18:53Z</time>
   </trkpt>
   <trkpt lat="49.7250060" lon="6.1219660">
    <ele>221.8</ele>
    <time>2025-09-13T13:19:00Z</time>
   </trkpt>
   <trkpt lat="49.7245360" lon="6.1220500">
    <ele>221.9</ele>
    <time>2025-09-13T13:19:07Z</time>
   </trkpt>
   <trkpt lat="49.7240780" lon="6.1221380">
    <ele>222.0</ele>
    <time>2025-09-13T13:19:14Z</time>
   </trkpt>
   <trkpt lat="49.7236450" lon="6.1222170">
    <ele>222.3</ele>
    <time>2025-09-13T13:19:21Z</time>
   </trkpt>
   <trkpt lat="49.7232000" lon="6.1222930">
    <ele>222.6</ele>
    <time>2025-09-13T13:19:28Z</time>
   </trkpt>
   <trkpt lat="49.7226890" lon="6.1223810">
    <ele>223.1</ele>
    <time>2025-09-13T13:19:36Z</time>
   </trkpt>
   <trkpt lat="49.7222400" lon="6.1224440">
    <ele>223.3</ele>
    <time>2025-09-13T13:19:43Z</time>
   </trkpt>
   <trkpt lat="49.7217300" lon="6.1225540">
    <ele>223.1</ele>
    <time>2025-09-13T13:19:51Z</time>
   </trkpt>
   <trkpt lat="49.7211540" lon="6.1226950">
    <ele>222.8</ele>
    <time>2025-09-13T13:20:00Z</time>
   </trkpt>
   <trkpt lat="49.7207740" lon="6.1228140">
    <ele>223.0</ele>
    <time>2025-09-13T13:20:06Z</time>
   </trkpt>
   <trkpt lat="49.7205360" lon="6.1228610">
    <ele>223.4</ele>
    <time>2025-09-13T13:20:11Z</time>
   </trkpt>
   <trkpt lat="49.7205040" lon="6.1228290">
    <ele>223.2</ele>
    <time>2025-09-13T13:20:12Z</time>
   </trkpt>
   <trkpt lat="49.7204890" lon="6.1227770">
    <ele>223.1</ele>
    <time>2025-09-13T13:20:13Z</time>
   </trkpt>
   <trkpt lat="49.7204210" lon="6.1225670">
    <ele>223.8</ele>
    <time>2025-09-13T13:20:17Z</time>
   </trkpt>
   <trkpt lat="49.7204030" lon="6.1225050">
    <ele>223.8</ele>
    <time>2025-09-13T13:20:18Z</time>
   </trkpt>
   <trkpt lat="49.7203550" lon="6.1222150">
    <ele>223.9</ele>
    <time>2025-09-13T13:20:22Z</time>
   </trkpt>
   <trkpt lat="49.7202680" lon="6.1216310">
    <ele>224.0</ele>
    <time>2025-09-13T13:20:29Z</time>
   </trkpt>
   <trkpt lat="49.7201700" lon="6.1209100">
    <ele>224.0</ele>
    <time>2025-09-13T13:20:37Z</time>
   </trkpt>
   <trkpt lat="49.7201010" lon="6.1204120">
    <ele>224.1</ele>
    <time>2025-09-13T13:20:43Z</time>
   </trkpt>
   <trkpt lat="49.7200590" lon="6.1201230">
    <ele>224.1</ele>
    <time>2025-09-13T13:20:47Z</time>
   </trkpt>
   <trkpt lat="49.7200470" lon="6.1200520">
    <ele>224.1</ele>
    <time>2025-09-13T13:20:48Z</time>
   </trkpt>
   <trkpt lat="49.7200420" lon="6.1199840">
    <ele>224.1</ele>
    <time>2025-09-13T13:20:49Z</time>
   </trkpt>
   <trkpt lat="49.7200100" lon="6.1197370">
    <ele>224.1</ele>
    <time>2025-09-13T13:20:53Z</time>
   </trkpt>
   <trkpt lat="49.7199370" lon="6.1192210">
    <ele>223.8</ele>
    <time>2025-09-13T13:21:00Z</time>
   </trkpt>
   <trkpt lat="49.7199190" lon="6.1191560">
    <ele>223.8</ele>
    <time>2025-09-13T13:21:01Z</time>
   </trkpt>
   <trkpt lat="49.7198760" lon="6.1190720">
    <ele>223.6</ele>
    <time>2025-09-13T13:21:03Z</time>
   </trkpt>
   <trkpt lat="49.7198440" lon="6.1190660">
    <ele>223.6</ele>
    <time>2025-09-13T13:21:04Z</time>
   </trkpt>
   <trkpt lat="49.7197200" lon="6.1191060">
    <ele>223.5</ele>
    <time>2025-09-13T13:21:08Z</time>
   </trkpt>
   <trkpt lat="49.7196760" lon="6.1191130">
    <ele>223.4</ele>
    <time>2025-09-13T13:21:09Z</time>
   </trkpt>
   <trkpt lat="49.7195460" lon="6.1192160">
    <ele>223.2</ele>
    <time>2025-09-13T13:21:12Z</time>
   </trkpt>
   <trkpt lat="49.7192750" lon="6.1193950">
    <ele>222.9</ele>
    <time>2025-09-13T13:21:17Z</time>
   </trkpt>
   <trkpt lat="49.7187880" lon="6.1195640">
    <ele>222.9</ele>
    <time>2025-09-13T13:21:25Z</time>
   </trkpt>
   <trkpt lat="49.7182930" lon="6.1197250">
    <ele>222.8</ele>
    <time>2025-09-13T13:21:33Z</time>
   </trkpt>
   <trkpt lat="49.7179180" lon="6.1197960">
    <ele>222.8</ele>
    <time>2025-09-13T13:21:39Z</time>
   </trkpt>
   <trkpt lat="49.7177970" lon="6.1198000">
    <ele>222.8</ele>
    <time>2025-09-13T13:21:41Z</time>
   </trkpt>
   <trkpt lat="49.7176300" lon="6.1198540">
    <ele>222.9</ele>
    <time>2025-09-13T13:21:44Z</time>
   </trkpt>
   <trkpt lat="49.7175810" lon="6.1198840">
    <ele>222.9</ele>
    <time>2025-09-13T13:21:45Z</time>
   </trkpt>
   <trkpt lat="49.7174430" lon="6.1200100">
    <ele>222.9</ele>
    <time>2025-09-13T13:21:48Z</time>
   </trkpt>
   <trkpt lat="49.7173480" lon="6.1201050">
    <ele>222.9</ele>
    <time>2025-09-13T13:21:50Z</time>
   </trkpt>
   <trkpt lat="49.7172870" lon="6.1201990">
    <ele>222.7</ele>
    <time>2025-09-13T13:21:52Z</time>
   </trkpt>
   <trkpt lat="49.7172760" lon="6.1202250">
    <ele>222.3</ele>
    <time>2025-09-13T13:21:53Z</time>
   </trkpt>
   <trkpt lat="49.7172730" lon="6.1202390">
    <ele>222.1</ele>
    <time>2025-09-13T13:21:55Z</time>
   </trkpt>
   <trkpt lat="49.7171600" lon="6.1204270">
    <ele>221.9</ele>
    <time>2025-09-13T13:25:26Z</time>
   </trkpt>
   <trkpt lat="49.7171130" lon="6.1204630">
    <ele>221.9</ele>
    <time>2025-09-13T13:25:28Z</time>
   </trkpt>
   <trkpt lat="49.7169220" lon="6.1206050">
    <ele>221.9</ele>
    <time>2025-09-13T13:25:34Z</time>
   </trkpt>
   <trkpt lat="49.7166840" lon="6.1207290">
    <ele>221.8</ele>
    <time>2025-09-13T13:25:40Z</time>
   </trkpt>
   <trkpt lat="49.7166030" lon="6.1207720">
    <ele>221.8</ele>
    <time>2025-09-13T13:25:42Z</time>
   </trkpt>
   <trkpt lat="49.7165290" lon="6.1208240">
    <ele>221.8</ele>
    <time>2025-09-13T13:25:44Z</time>
   </trkpt>
   <trkpt lat="49.7164890" lon="6.1208410">
    <ele>221.8</ele>
    <time>2025-09-13T13:25:45Z</time>
   </trkpt>
   <trkpt lat="49.7161960" lon="6.1209970">
    <ele>221.8</ele>
    <time>2025-09-13T13:25:52Z</time>
   </trkpt>
   <trkpt lat="49.7158600" lon="6.1211860">
    <ele>221.9</ele>
    <time>2025-09-13T13:25:59Z</time>
   </trkpt>
   <trkpt lat="49.7154420" lon="6.1213990">
    <ele>221.8</ele>
    <time>2025-09-13T13:26:07Z</time>
   </trkpt>
   <trkpt lat="49.7150120" lon="6.1215520">
    <ele>221.8</ele>
    <time>2025-09-13T13:26:15Z</time>
   </trkpt>
   <trkpt lat="49.7144950" lon="6.1217050">
    <ele>221.8</ele>
    <time>2025-09-13T13:26:24Z</time>
   </trkpt>
   <trkpt lat="49.7140740" lon="6.1217560">
    <ele>221.9</ele>
    <time>2025-09-13T13:26:31Z</time>
   </trkpt>
   <trkpt lat="49.7137050" lon="6.1217430">
    <ele>222.0</ele>
    <time>2025-09-13T13:26:37Z</time>
   </trkpt>
   <trkpt lat="49.7135820" lon="6.1217310">
    <ele>222.2</ele>
    <time>2025-09-13T13:26:39Z</time>
   </trkpt>
   <trkpt lat="49.7134610" lon="6.1216820">
    <ele>222.4</ele>
    <time>2025-09-13T13:26:41Z</time>
   </trkpt>
   <trkpt lat="49.7134070" lon="6.1216450">
    <ele>222.5</ele>
    <time>2025-09-13T13:26:42Z</time>
   </trkpt>
   <trkpt lat="49.7133060" lon="6.1215750">
    <ele>222.8</ele>
    <time>2025-09-13T13:26:44Z</time>
   </trkpt>
   <trkpt lat="49.7131500" lon="6.1215170">
    <ele>222.9</ele>
    <time>2025-09-13T13:26:47Z</time>
   </trkpt>
   <trkpt lat="49.7127560" lon="6.1213620">
    <ele>222.8</ele>
    <time>2025-09-13T13:26:54Z</time>
   </trkpt>
   <trkpt lat="49.7123470" lon="6.1212040">
    <ele>222.6</ele>
    <time>2025-09-13T13:27:01Z</time>
   </trkpt>
   <trkpt lat="49.7120060" lon="6.1210190">
    <ele>222.7</ele>
    <time>2025-09-13T13:27:07Z</time>
   </trkpt>
   <trkpt lat="49.7118270" lon="6.1209820">
    <ele>222.9</ele>
    <time>2025-09-13T13:27:10Z</time>
   </trkpt>
   <trkpt lat="49.7117060" lon="6.1209870">
    <ele>223.0</ele>
    <time>2025-09-13T13:27:12Z</time>
   </trkpt>
   <trkpt lat="49.7114720" lon="6.1210280">
    <ele>223.1</ele>
    <time>2025-09-13T13:27:16Z</time>
   </trkpt>
   <trkpt lat="49.7112950" lon="6.1210550">
    <ele>223.1</ele>
    <time>2025-09-13T13:27:19Z</time>
   </trkpt>
   <trkpt lat="49.7108670" lon="6.1210750">
    <ele>223.4</ele>
    <time>2025-09-13T13:27:26Z</time>
   </trkpt>
   <trkpt lat="49.7104440" lon="6.1210390">
    <ele>223.6</ele>
    <time>2025-09-13T13:27:33Z</time>
   </trkpt>
   <trkpt lat="49.7100870" lon="6.1210030">
    <ele>223.8</ele>
    <time>2025-09-13T13:27:39Z</time>
   </trkpt>
   <trkpt lat="49.7097900" lon="6.1209640">
    <ele>223.9</ele>
    <time>2025-09-13T13:27:44Z</time>
   </trkpt>
   <trkpt lat="49.7097290" lon="6.1209560">
    <ele>223.9</ele>
    <time>2025-09-13T13:27:45Z</time>
   </trkpt>
   <trkpt lat="49.7093680" lon="6.1209330">
    <ele>224.0</ele>
    <time>2025-09-13T13:27:51Z</time>
   </trkpt>
   <trkpt lat="49.7091830" lon="6.1209400">
    <ele>223.9</ele>
    <time>2025-09-13T13:27:55Z</time>
   </trkpt>
   <trkpt lat="49.7090760" lon="6.1209840">
    <ele>223.8</ele>
    <time>2025-09-13T13:27:59Z</time>
   </trkpt>
   <trkpt lat="49.7090640" lon="6.1209860">
    <ele>223.8</ele>
    <time>2025-09-13T13:28:01Z</time>
   </trkpt>
   <trkpt lat="49.7089690" lon="6.1210240">
    <ele>223.7</ele>
    <time>2025-09-13T13:28:14Z</time>
   </trkpt>
   <trkpt lat="49.7088150" lon="6.1210850">
    <ele>223.5</ele>
    <time>2025-09-13T13:28:18Z</time>
   </trkpt>
   <trkpt lat="49.7085380" lon="6.1212590">
    <ele>223.2</ele>
    <time>2025-09-13T13:28:24Z</time>
   </trkpt>
   <trkpt lat="49.7082920" lon="6.1214340">
    <ele>222.9</ele>
    <time>2025-09-13T13:28:30Z</time>
   </trkpt>
   <trkpt lat="49.7082650" lon="6.1214450">
    <ele>222.9</ele>
    <time>2025-09-13T13:28:32Z</time>
   </trkpt>
   <trkpt lat="49.7083240" lon="6.1214370">
    <ele>222.9</ele>
    <time>2025-09-13T13:28:41Z</time>
   </trkpt>
   <trkpt lat="49.7084470" lon="6.1213620">
    <ele>223.1</ele>
    <time>2025-09-13T13:28:46Z</time>
   </trkpt>
   <trkpt lat="49.7086330" lon="6.1212680">
    <ele>223.3</ele>
    <time>2025-09-13T13:28:51Z</time>
   </trkpt>
   <trkpt lat="49.7089150" lon="6.1211110">
    <ele>223.6</ele>
    <time>2025-09-13T13:28:58Z</time>
   </trkpt>
   <trkpt lat="49.7090810" lon="6.1210390">
    <ele>223.8</ele>
    <time>2025-09-13T13:29:03Z</time>
   </trkpt>
   <trkpt lat="49.7091350" lon="6.1209740">
    <ele>223.9</ele>
    <time>2025-09-13T13:29:05Z</time>
   </trkpt>
   <trkpt lat="49.7091490" lon="6.1209240">
    <ele>224.0</ele>
    <time>2025-09-13T13:29:06Z</time>
   </trkpt>
   <trkpt lat="49.7091110" lon="6.1208170">
    <ele>225.0</ele>
    <time>2025-09-13T13:29:09Z</time>
   </trkpt>
   <trkpt lat="49.7090870" lon="6.1207920">
    <ele>224.9</ele>
    <time>2025-09-13T13:29:10Z</time>
   </trkpt>
   <trkpt lat="49.7090500" lon="6.1207910">
    <ele>224.9</ele>
    <time>2025-09-13T13:29:11Z</time>
   </trkpt>
   <trkpt lat="49.7089650" lon="6.1208140">
    <ele>224.7</ele>
    <time>2025-09-13T13:29:13Z</time>
   </trkpt>
   <trkpt lat="49.7089230" lon="6.1208340">
    <ele>224.6</ele>
    <time>2025-09-13T13:29:14Z</time>
   </trkpt>
   <trkpt lat="49.7086050" lon="6.1209580">
    <ele>224.1</ele>
    <time>2025-09-13T13:29:20Z</time>
   </trkpt>
   <trkpt lat="49.7084860" lon="6.1209680">
    <ele>224.1</ele>
    <time>2025-09-13T13:29:22Z</time>
   </trkpt>
   <trkpt lat="49.7083690" lon="6.1209420">
    <ele>224.2</ele>
    <time>2025-09-13T13:29:24Z</time>
   </trkpt>
   <trkpt lat="49.7083200" lon="6.1209160">
    <ele>224.3</ele>
    <time>2025-09-13T13:29:25Z</time>
   </trkpt>
   <trkpt lat="49.7082300" lon="6.1208520">
    <ele>224.4</ele>
    <time>2025-09-13T13:29:27Z</time>
   </trkpt>
   <trkpt lat="49.7080790" lon="6.1207640">
    <ele>224.4</ele>
    <time>2025-09-13T13:29:30Z</time>
   </trkpt>
   <trkpt lat="49.7080210" lon="6.1207480">
    <ele>224.4</ele>
    <time>2025-09-13T13:29:31Z</time>
   </trkpt>
   <trkpt lat="49.7079590" lon="6.1207340">
    <ele>224.5</ele>
    <time>2025-09-13T13:29:32Z</time>
   </trkpt>
   <trkpt lat="49.7078420" lon="6.1207210">
    <ele>224.5</ele>
    <time>2025-09-13T13:29:34Z</time>
   </trkpt>
   <trkpt lat="49.7077240" lon="6.1207300">
    <ele>224.6</ele>
    <time>2025-09-13T13:29:36Z</time>
   </trkpt>
   <trkpt lat="49.7071850" lon="6.1208010">
    <ele>224.6</ele>
    <time>2025-09-13T13:29:45Z</time>
   </trkpt>
   <trkpt lat="49.7066920" lon="6.1209160">
    <ele>224.6</ele>
    <time>2025-09-13T13:29:53Z</time>
   </trkpt>
   <trkpt lat="49.7063930" lon="6.1209820">
    <ele>224.6</ele>
    <time>2025-09-13T13:29:58Z</time>
   </trkpt>
   <trkpt lat="49.7062700" lon="6.1209810">
    <ele>224.7</ele>
    <time>2025-09-13T13:30:00Z</time>
   </trkpt>
   <trkpt lat="49.7061510" lon="6.1209690">
    <ele>224.7</ele>
    <time>2025-09-13T13:30:02Z</time>
   </trkpt>
   <trkpt lat="49.7059730" lon="6.1209940">
    <ele>224.7</ele>
    <time>2025-09-13T13:30:05Z</time>
   </trkpt>
   <trkpt lat="49.7058620" lon="6.1210490">
    <ele>224.6</ele>
    <time>2025-09-13T13:30:07Z</time>
   </trkpt>
   <trkpt lat="49.7057530" lon="6.1211450">
    <ele>224.5</ele>
    <time>2025-09-13T13:30:09Z</time>
   </trkpt>
   <trkpt lat="49.7052570" lon="6.1216410">
    <ele>224.5</ele>
    <time>2025-09-13T13:30:18Z</time>
   </trkpt>
   <trkpt lat="49.7051460" lon="6.1217480">
    <ele>224.5</ele>
    <time>2025-09-13T13:30:20Z</time>
   </trkpt>
   <trkpt lat="49.7048270" lon="6.1220920">
    <ele>224.5</ele>
    <time>2025-09-13T13:30:26Z</time>
   </trkpt>
   <trkpt lat="49.7047810" lon="6.1221680">
    <ele>224.5</ele>
    <time>2025-09-13T13:30:27Z</time>
   </trkpt>
   <trkpt lat="49.7045170" lon="6.1227890">
    <ele>224.3</ele>
    <time>2025-09-13T13:30:34Z</time>
   </trkpt>
   <trkpt lat="49.7044780" lon="6.1228790">
    <ele>224.2</ele>
    <time>2025-09-13T13:30:35Z</time>
   </trkpt>
   <trkpt lat="49.7042910" lon="6.1231990">
    <ele>224.0</ele>
    <time>2025-09-13T13:30:39Z</time>
   </trkpt>
   <trkpt lat="49.7038490" lon="6.1238060">
    <ele>224.2</ele>
    <time>2025-09-13T13:30:48Z</time>
   </trkpt>
   <trkpt lat="49.7034720" lon="6.1242050">
    <ele>224.2</ele>
    <time>2025-09-13T13:30:55Z</time>
   </trkpt>
   <trkpt lat="49.7031580" lon="6.1246080">
    <ele>224.3</ele>
    <time>2025-09-13T13:31:01Z</time>
   </trkpt>
   <trkpt lat="49.7029170" lon="6.1251160">
    <ele>224.5</ele>
    <time>2025-09-13T13:31:07Z</time>
   </trkpt>
   <trkpt lat="49.7027320" lon="6.1257770">
    <ele>224.5</ele>
    <time>2025-09-13T13:31:14Z</time>
   </trkpt>
   <trkpt lat="49.7025950" lon="6.1264950">
    <ele>224.6</ele>
    <time>2025-09-13T13:31:21Z</time>
   </trkpt>
   <trkpt lat="49.7024360" lon="6.1272850">
    <ele>224.9</ele>
    <time>2025-09-13T13:31:29Z</time>
   </trkpt>
   <trkpt lat="49.7023600" lon="6.1274560">
    <ele>224.9</ele>
    <time>2025-09-13T13:31:31Z</time>
   </trkpt>
   <trkpt lat="49.7022600" lon="6.1276040">
    <ele>225.0</ele>
    <time>2025-09-13T13:31:33Z</time>
   </trkpt>
   <trkpt lat="49.7021670" lon="6.1277620">
    <ele>225.1</ele>
    <time>2025-09-13T13:31:35Z</time>
   </trkpt>
   <trkpt lat="49.7020930" lon="6.1279410">
    <ele>225.2</ele>
    <time>2025-09-13T13:31:37Z</time>
   </trkpt>
   <trkpt lat="49.7019430" lon="6.1285330">
    <ele>225.4</ele>
    <time>2025-09-13T13:31:43Z</time>
   </trkpt>
   <trkpt lat="49.7018870" lon="6.1287300">
    <ele>225.5</ele>
    <time>2025-09-13T13:31:45Z</time>
   </trkpt>
   <trkpt lat="49.7017950" lon="6.1288820">
    <ele>225.5</ele>
    <time>2025-09-13T13:31:47Z</time>
   </trkpt>
   <trkpt lat="49.7016690" lon="6.1289640">
    <ele>225.6</ele>
    <time>2025-09-13T13:31:49Z</time>
   </trkpt>
   <trkpt lat="49.7015390" lon="6.1290150">
    <ele>225.6</ele>
    <time>2025-09-13T13:31:51Z</time>
   </trkpt>
   <trkpt lat="49.7010950" lon="6.1291630">
    <ele>225.8</ele>
    <time>2025-09-13T13:31:58Z</time>
   </trkpt>
   <trkpt lat="49.7009670" lon="6.1291840">
    <ele>225.8</ele>
    <time>2025-09-13T13:32:00Z</time>
   </trkpt>
   <trkpt lat="49.7008400" lon="6.1291720">
    <ele>225.8</ele>
    <time>2025-09-13T13:32:02Z</time>
   </trkpt>
   <trkpt lat="49.7007780" lon="6.1291520">
    <ele>225.8</ele>
    <time>2025-09-13T13:32:03Z</time>
   </trkpt>
   <trkpt lat="49.7004660" lon="6.1289880">
    <ele>225.9</ele>
    <time>2025-09-13T13:32:08Z</time>
   </trkpt>
   <trkpt lat="49.7001560" lon="6.1288930">
    <ele>226.2</ele>
    <time>2025-09-13T13:32:13Z</time>
   </trkpt>
   <trkpt lat="49.6996790" lon="6.1289400">
    <ele>226.5</ele>
    <time>2025-09-13T13:32:21Z</time>
   </trkpt>
   <trkpt lat="49.6992520" lon="6.1288690">
    <ele>226.3</ele>
    <time>2025-09-13T13:32:28Z</time>
   </trkpt>
   <trkpt lat="49.6987330" lon="6.1287640">
    <ele>226.2</ele>
    <time>2025-09-13T13:32:36Z</time>
   </trkpt>
   <trkpt lat="49.6983380" lon="6.1286690">
    <ele>226.9</ele>
    <time>2025-09-13T13:32:43Z</time>
   </trkpt>
   <trkpt lat="49.6982420" lon="6.1286820">
    <ele>227.0</ele>
    <time>2025-09-13T13:32:45Z</time>
   </trkpt>
   <trkpt lat="49.6981490" lon="6.1287330">
    <ele>227.0</ele>
    <time>2025-09-13T13:32:47Z</time>
   </trkpt>
   <trkpt lat="49.6978800" lon="6.1290070">
    <ele>227.0</ele>
    <time>2025-09-13T13:32:53Z</time>
   </trkpt>
   <trkpt lat="49.6975520" lon="6.1293300">
    <ele>226.8</ele>
    <time>2025-09-13T13:33:00Z</time>
   </trkpt>
   <trkpt lat="49.6974900" lon="6.1294640">
    <ele>226.6</ele>
    <time>2025-09-13T13:33:02Z</time>
   </trkpt>
   <trkpt lat="49.6974720" lon="6.1295530">
    <ele>226.5</ele>
    <time>2025-09-13T13:33:03Z</time>
   </trkpt>
   <trkpt lat="49.6974640" lon="6.1296500">
    <ele>226.4</ele>
    <time>2025-09-13T13:33:04Z</time>
   </trkpt>
   <trkpt lat="49.6974640" lon="6.1299100">
    <ele>226.2</ele>
    <time>2025-09-13T13:33:07Z</time>
   </trkpt>
   <trkpt lat="49.6974680" lon="6.1300270">
    <ele>226.1</ele>
    <time>2025-09-13T13:33:10Z</time>
   </trkpt>
   <trkpt lat="49.6974760" lon="6.1300560">
    <ele>226.1</ele>
    <time>2025-09-13T13:33:11Z</time>
   </trkpt>
   <trkpt lat="49.6975160" lon="6.1300810">
    <ele>226.0</ele>
    <time>2025-09-13T13:33:13Z</time>
   </trkpt>
   <trkpt lat="49.6976790" lon="6.1300540">
    <ele>225.8</ele>
    <time>2025-09-13T13:33:19Z</time>
   </trkpt>
   <trkpt lat="49.6979040" lon="6.1300040">
    <ele>225.6</ele>
    <time>2025-09-13T13:33:25Z</time>
   </trkpt>
   <trkpt lat="49.6979420" lon="6.1299970">
    <ele>225.6</ele>
    <time>2025-09-13T13:33:26Z</time>
   </trkpt>
   <trkpt lat="49.6980340" lon="6.1300010">
    <ele>225.6</ele>
    <time>2025-09-13T13:33:28Z</time>
   </trkpt>
   <trkpt lat="49.6981010" lon="6.1300770">
    <ele>225.5</ele>
    <time>2025-09-13T13:33:30Z</time>
   </trkpt>
   <trkpt lat="49.6981280" lon="6.1301400">
    <ele>225.5</ele>
    <time>2025-09-13T13:33:31Z</time>
   </trkpt>
   <trkpt lat="49.6981430" lon="6.1302080">
    <ele>225.5</ele>
    <time>2025-09-13T13:33:32Z</time>
   </trkpt>
   <trkpt lat="49.6981860" lon="6.1304270">
    <ele>225.4</ele>
    <time>2025-09-13T13:33:35Z</time>
   </trkpt>
   <trkpt lat="49.6983720" lon="6.1311250">
    <ele>225.6</ele>
    <time>2025-09-13T13:33:44Z</time>
   </trkpt>
   <trkpt lat="49.6984360" lon="6.1313600">
    <ele>225.7</ele>
    <time>2025-09-13T13:33:47Z</time>
   </trkpt>
   <trkpt lat="49.6985060" lon="6.1315900">
    <ele>225.7</ele>
    <time>2025-09-13T13:33:50Z</time>
   </trkpt>
   <trkpt lat="49.6986610" lon="6.1321850">
    <ele>225.8</ele>
    <time>2025-09-13T13:33:57Z</time>
   </trkpt>
   <trkpt lat="49.6988360" lon="6.1328900">
    <ele>226.1</ele>
    <time>2025-09-13T13:34:05Z</time>
   </trkpt>
   <trkpt lat="49.6988920" lon="6.1330530">
    <ele>226.1</ele>
    <time>2025-09-13T13:34:07Z</time>
   </trkpt>
   <trkpt lat="49.6989360" lon="6.1333400">
    <ele>226.2</ele>
    <time>2025-09-13T13:34:10Z</time>
   </trkpt>
   <trkpt lat="49.6990110" lon="6.1339780">
    <ele>226.1</ele>
    <time>2025-09-13T13:34:17Z</time>
   </trkpt>
   <trkpt lat="49.6990250" lon="6.1340700">
    <ele>226.1</ele>
    <time>2025-09-13T13:34:18Z</time>
   </trkpt>
   <trkpt lat="49.6990570" lon="6.1342570">
    <ele>226.0</ele>
    <time>2025-09-13T13:34:20Z</time>
   </trkpt>
   <trkpt lat="49.6990880" lon="6.1344320">
    <ele>225.9</ele>
    <time>2025-09-13T13:34:22Z</time>
   </trkpt>
   <trkpt lat="49.6991060" lon="6.1345170">
    <ele>225.9</ele>
    <time>2025-09-13T13:34:23Z</time>
   </trkpt>
   <trkpt lat="49.6991600" lon="6.1347490">
    <ele>225.8</ele>
    <time>2025-09-13T13:34:26Z</time>
   </trkpt>
   <trkpt lat="49.6991710" lon="6.1348010">
    <ele>225.8</ele>
    <time>2025-09-13T13:34:27Z</time>
   </trkpt>
   <trkpt lat="49.6991440" lon="6.1348540">
    <ele>225.5</ele>
    <time>2025-09-13T13:34:29Z</time>
   </trkpt>
   <trkpt lat="49.6989700" lon="6.1349330">
    <ele>224.8</ele>
    <time>2025-09-13T13:34:33Z</time>
   </trkpt>
   <trkpt lat="49.6986850" lon="6.1350720">
    <ele>223.9</ele>
    <time>2025-09-13T13:34:38Z</time>
   </trkpt>
   <trkpt lat="49.6983590" lon="6.1351470">
    <ele>223.8</ele>
    <time>2025-09-13T13:34:44Z</time>
   </trkpt>
   <trkpt lat="49.6978200" lon="6.1352610">
    <ele>223.4</ele>
    <time>2025-09-13T13:34:54Z</time>
   </trkpt>
   <trkpt lat="49.6973010" lon="6.1353530">
    <ele>223.2</ele>
    <time>2025-09-13T13:35:03Z</time>
   </trkpt>
   <trkpt lat="49.6970710" lon="6.1354070">
    <ele>223.2</ele>
    <time>2025-09-13T13:35:07Z</time>
   </trkpt>
   <trkpt lat="49.6968890" lon="6.1354230">
    <ele>223.3</ele>
    <time>2025-09-13T13:35:10Z</time>
   </trkpt>
   <trkpt lat="49.6965770" lon="6.1353520">
    <ele>223.3</ele>
    <time>2025-09-13T13:35:15Z</time>
   </trkpt>
   <trkpt lat="49.6965150" lon="6.1353400">
    <ele>223.3</ele>
    <time>2025-09-13T13:35:16Z</time>
   </trkpt>
   <trkpt lat="49.6963910" lon="6.1353520">
    <ele>223.4</ele>
    <time>2025-09-13T13:35:18Z</time>
   </trkpt>
   <trkpt lat="49.6963310" lon="6.1353700">
    <ele>223.4</ele>
    <time>2025-09-13T13:35:19Z</time>
   </trkpt>
   <trkpt lat="49.6957910" lon="6.1355330">
    <ele>223.8</ele>
    <time>2025-09-13T13:35:28Z</time>
   </trkpt>
   <trkpt lat="49.6956140" lon="6.1356050">
    <ele>223.9</ele>
    <time>2025-09-13T13:35:31Z</time>
   </trkpt>
   <trkpt lat="49.6955090" lon="6.1356930">
    <ele>223.9</ele>
    <time>2025-09-13T13:35:33Z</time>
   </trkpt>
   <trkpt lat="49.6951020" lon="6.1361140">
    <ele>224.0</ele>
    <time>2025-09-13T13:35:41Z</time>
   </trkpt>
   <trkpt lat="49.6947110" lon="6.1364230">
    <ele>224.1</ele>
    <time>2025-09-13T13:35:48Z</time>
   </trkpt>
   <trkpt lat="49.6942740" lon="6.1367730">
    <ele>224.5</ele>
    <time>2025-09-13T13:35:56Z</time>
   </trkpt>
   <trkpt lat="49.6941970" lon="6.1368910">
    <ele>224.5</ele>
    <time>2025-09-13T13:35:58Z</time>
   </trkpt>
   <trkpt lat="49.6941480" lon="6.1370300">
    <ele>224.5</ele>
    <time>2025-09-13T13:36:00Z</time>
   </trkpt>
   <trkpt lat="49.6940400" lon="6.1375970">
    <ele>224.6</ele>
    <time>2025-09-13T13:36:07Z</time>
   </trkpt>
   <trkpt lat="49.6939370" lon="6.1383230">
    <ele>225.1</ele>
    <time>2025-09-13T13:36:16Z</time>
   </trkpt>
   <trkpt lat="49.6938620" lon="6.1388580">
    <ele>225.4</ele>
    <time>2025-09-13T13:36:23Z</time>
   </trkpt>
   <trkpt lat="49.6937860" lon="6.1394680">
    <ele>225.9</ele>
    <time>2025-09-13T13:36:31Z</time>
   </trkpt>
   <trkpt lat="49.6937360" lon="6.1396690">
    <ele>226.1</ele>
    <time>2025-09-13T13:36:35Z</time>
   </trkpt>
   <trkpt lat="49.6936170" lon="6.1396360">
    <ele>225.9</ele>
    <time>2025-09-13T13:36:38Z</time>
   </trkpt>
   <trkpt lat="49.6934000" lon="6.1395390">
    <ele>225.4</ele>
    <time>2025-09-13T13:36:42Z</time>
   </trkpt>
   <trkpt lat="49.6933450" lon="6.1395130">
    <ele>225.4</ele>
    <time>2025-09-13T13:36:43Z</time>
   </trkpt>
   <trkpt lat="49.6930450" lon="6.1393640">
    <ele>225.4</ele>
    <time>2025-09-13T13:36:49Z</time>
   </trkpt>
   <trkpt lat="49.6929950" lon="6.1393350">
    <ele>225.5</ele>
    <time>2025-09-13T13:36:50Z</time>
   </trkpt>
   <trkpt lat="49.6925790" lon="6.1390440">
    <ele>225.6</ele>
    <time>2025-09-13T13:36:58Z</time>
   </trkpt>
   <trkpt lat="49.6921480" lon="6.1386600">
    <ele>225.1</ele>
    <time>2025-09-13T13:37:06Z</time>
   </trkpt>
   <trkpt lat="49.6916510" lon="6.1381650">
    <ele>224.7</ele>
    <time>2025-09-13T13:37:15Z</time>
   </trkpt>
   <trkpt lat="49.6911500" lon="6.1376860">
    <ele>224.5</ele>
    <time>2025-09-13T13:37:24Z</time>
   </trkpt>
   <trkpt lat="49.6910930" lon="6.1376310">
    <ele>224.4</ele>
    <time>2025-09-13T13:37:25Z</time>
   </trkpt>
   <trkpt lat="49.6907030" lon="6.1372690">
    <ele>224.5</ele>
    <time>2025-09-13T13:37:32Z</time>
   </trkpt>
   <trkpt lat="49.6902430" lon="6.1369490">
    <ele>224.9</ele>
    <time>2025-09-13T13:37:40Z</time>
   </trkpt>
   <trkpt lat="49.6898180" lon="6.1367240">
    <ele>225.2</ele>
    <time>2025-09-13T13:37:47Z</time>
   </trkpt>
   <trkpt lat="49.6894200" lon="6.1365690">
    <ele>226.0</ele>
    <time>2025-09-13T13:37:54Z</time>
   </trkpt>
   <trkpt lat="49.6893340" lon="6.1365300">
    <ele>226.2</ele>
    <time>2025-09-13T13:37:56Z</time>
   </trkpt>
   <trkpt lat="49.6893130" lon="6.1364860">
    <ele>226.3</ele>
    <time>2025-09-13T13:37:57Z</time>
   </trkpt>
   <trkpt lat="49.6893340" lon="6.1362960">
    <ele>226.3</ele>
    <time>2025-09-13T13:38:00Z</time>
   </trkpt>
   <trkpt lat="49.6892770" lon="6.1361970">
    <ele>226.2</ele>
    <time>2025-09-13T13:38:02Z</time>
   </trkpt>
   <trkpt lat="49.6892300" lon="6.1361820">
    <ele>226.2</ele>
    <time>2025-09-13T13:38:03Z</time>
   </trkpt>
   <trkpt lat="49.6891300" lon="6.1362020">
    <ele>226.0</ele>
    <time>2025-09-13T13:38:05Z</time>
   </trkpt>
   <trkpt lat="49.6889650" lon="6.1362730">
    <ele>226.0</ele>
    <time>2025-09-13T13:38:09Z</time>
   </trkpt>
   <trkpt lat="49.6889270" lon="6.1363000">
    <ele>226.0</ele>
    <time>2025-09-13T13:38:10Z</time>
   </trkpt>
   <trkpt lat="49.6888330" lon="6.1363690">
    <ele>226.1</ele>
    <time>2025-09-13T13:38:12Z</time>
   </trkpt>
   <trkpt lat="49.6887790" lon="6.1363850">
    <ele>226.2</ele>
    <time>2025-09-13T13:38:13Z</time>
   </trkpt>
   <trkpt lat="49.6887250" lon="6.1363890">
    <ele>226.3</ele>
    <time>2025-09-13T13:38:14Z</time>
   </trkpt>
   <trkpt lat="49.6883900" lon="6.1363870">
    <ele>226.6</ele>
    <time>2025-09-13T13:38:20Z</time>
   </trkpt>
   <trkpt lat="49.6882200" lon="6.1363630">
    <ele>226.8</ele>
    <time>2025-09-13T13:38:23Z</time>
   </trkpt>
   <trkpt lat="49.6881080" lon="6.1363420">
    <ele>226.8</ele>
    <time>2025-09-13T13:38:25Z</time>
   </trkpt>
   <trkpt lat="49.6876130" lon="6.1362970">
    <ele>226.5</ele>
    <time>2025-09-13T13:38:33Z</time>
   </trkpt>
   <trkpt lat="49.6870460" lon="6.1362570">
    <ele>226.3</ele>
    <time>2025-09-13T13:38:42Z</time>
   </trkpt>
   <trkpt lat="49.6864480" lon="6.1362360">
    <ele>226.2</ele>
    <time>2025-09-13T13:38:51Z</time>
   </trkpt>
   <trkpt lat="49.6858720" lon="6.1362650">
    <ele>226.5</ele>
    <time>2025-09-13T13:39:00Z</time>
   </trkpt>
   <trkpt lat="49.6858080" lon="6.1362680">
    <ele>226.5</ele>
    <time>2025-09-13T13:39:01Z</time>
   </trkpt>
   <trkpt lat="49.6853770" lon="6.1363150">
    <ele>226.9</ele>
    <time>2025-09-13T13:39:08Z</time>
   </trkpt>
   <trkpt lat="49.6849730" lon="6.1363850">
    <ele>227.8</ele>
    <time>2025-09-13T13:39:15Z</time>
   </trkpt>
   <trkpt lat="49.6845270" lon="6.1364130">
    <ele>228.5</ele>
    <time>2025-09-13T13:39:23Z</time>
   </trkpt>
   <trkpt lat="49.6844690" lon="6.1364140">
    <ele>228.6</ele>
    <time>2025-09-13T13:39:24Z</time>
   </trkpt>
   <trkpt lat="49.6842370" lon="6.1364560">
    <ele>228.7</ele>
    <time>2025-09-13T13:39:28Z</time>
   </trkpt>
   <trkpt lat="49.6837370" lon="6.1365570">
    <ele>229.4</ele>
    <time>2025-09-13T13:39:37Z</time>
   </trkpt>
   <trkpt lat="49.6831980" lon="6.1366990">
    <ele>230.2</ele>
    <time>2025-09-13T13:39:47Z</time>
   </trkpt>
   <trkpt lat="49.6827480" lon="6.1368400">
    <ele>230.6</ele>
    <time>2025-09-13T13:39:55Z</time>
   </trkpt>
   <trkpt lat="49.6823320" lon="6.1369420">
    <ele>230.5</ele>
    <time>2025-09-13T13:40:02Z</time>
   </trkpt>
   <trkpt lat="49.6817540" lon="6.1371170">
    <ele>230.7</ele>
    <time>2025-09-13T13:40:12Z</time>
   </trkpt>
   <trkpt lat="49.6814120" lon="6.1372240">
    <ele>230.7</ele>
    <time>2025-09-13T13:40:18Z</time>
   </trkpt>
   <trkpt lat="49.6810840" lon="6.1373280">
    <ele>230.4</ele>
    <time>2025-09-13T13:40:24Z</time>
   </trkpt>
   <trkpt lat="49.6809200" lon="6.1373730">
    <ele>230.1</ele>
    <time>2025-09-13T13:40:27Z</time>
   </trkpt>
   <trkpt lat="49.6808050" lon="6.1373340">
    <ele>229.9</ele>
    <time>2025-09-13T13:40:29Z</time>
   </trkpt>
   <trkpt lat="49.6806920" lon="6.1372780">
    <ele>229.6</ele>
    <time>2025-09-13T13:40:31Z</time>
   </trkpt>
   <trkpt lat="49.6806280" lon="6.1372690">
    <ele>229.4</ele>
    <time>2025-09-13T13:40:32Z</time>
   </trkpt>
   <trkpt lat="49.6802440" lon="6.1372990">
    <ele>229.1</ele>
    <time>2025-09-13T13:40:38Z</time>
   </trkpt>
   <trkpt lat="49.6801810" lon="6.1373090">
    <ele>229.0</ele>
    <time>2025-09-13T13:40:39Z</time>
   </trkpt>
   <trkpt lat="49.6799210" lon="6.1373600">
    <ele>228.9</ele>
    <time>2025-09-13T13:40:43Z</time>
   </trkpt>
   <trkpt lat="49.6795420" lon="6.1374640">
    <ele>228.8</ele>
    <time>2025-09-13T13:40:49Z</time>
   </trkpt>
   <trkpt lat="49.6792830" lon="6.1375680">
    <ele>228.7</ele>
    <time>2025-09-13T13:40:54Z</time>
   </trkpt>
   <trkpt lat="49.6791280" lon="6.1376010">
    <ele>228.8</ele>
    <time>2025-09-13T13:40:58Z</time>
   </trkpt>
   <trkpt lat="49.6791280" lon="6.1374800">
    <ele>228.7</ele>
    <time>2025-09-13T13:41:01Z</time>
   </trkpt>
   <trkpt lat="49.6791860" lon="6.1372630">
    <ele>228.5</ele>
    <time>2025-09-13T13:41:05Z</time>
   </trkpt>
   <trkpt lat="49.6791970" lon="6.1371910">
    <ele>228.5</ele>
    <time>2025-09-13T13:41:06Z</time>
   </trkpt>
   <trkpt lat="49.6792050" lon="6.1369460">
    <ele>228.3</ele>
    <time>2025-09-13T13:41:09Z</time>
   </trkpt>
   <trkpt lat="49.6791920" lon="6.1362690">
    <ele>228.0</ele>
    <time>2025-09-13T13:41:17Z</time>
   </trkpt>
   <trkpt lat="49.6792040" lon="6.1356190">
    <ele>227.7</ele>
    <time>2025-09-13T13:41:24Z</time>
   </trkpt>
   <trkpt lat="49.6792240" lon="6.1354610">
    <ele>227.5</ele>
    <time>2025-09-13T13:41:26Z</time>
   </trkpt>
   <trkpt lat="49.6792570" lon="6.1354090">
    <ele>227.4</ele>
    <time>2025-09-13T13:41:27Z</time>
   </trkpt>
   <trkpt lat="49.6792980" lon="6.1353870">
    <ele>227.4</ele>
    <time>2025-09-13T13:41:28Z</time>
   </trkpt>
   <trkpt lat="49.6793950" lon="6.1353880">
    <ele>227.3</ele>
    <time>2025-09-13T13:41:30Z</time>
   </trkpt>
   <trkpt lat="49.6795390" lon="6.1353970">
    <ele>227.1</ele>
    <time>2025-09-13T13:41:33Z</time>
   </trkpt>
   <trkpt lat="49.6796100" lon="6.1353180">
    <ele>227.1</ele>
    <time>2025-09-13T13:41:35Z</time>
   </trkpt>
   <trkpt lat="49.6796200" lon="6.1350790">
    <ele>226.9</ele>
    <time>2025-09-13T13:41:38Z</time>
   </trkpt>
   <trkpt lat="49.6796250" lon="6.1344720">
    <ele>227.0</ele>
    <time>2025-09-13T13:41:45Z</time>
   </trkpt>
   <trkpt lat="49.6796240" lon="6.1343810">
    <ele>227.0</ele>
    <time>2025-09-13T13:41:46Z</time>
   </trkpt>
   <trkpt lat="49.6796260" lon="6.1336520">
    <ele>227.3</ele>
    <time>2025-09-13T13:41:54Z</time>
   </trkpt>
   <trkpt lat="49.6796200" lon="6.1335800">
    <ele>227.3</ele>
    <time>2025-09-13T13:41:55Z</time>
   </trkpt>
   <trkpt lat="49.6795580" lon="6.1334760">
    <ele>227.4</ele>
    <time>2025-09-13T13:41:57Z</time>
   </trkpt>
   <trkpt lat="49.6793480" lon="6.1334580">
    <ele>227.4</ele>
    <time>2025-09-13T13:42:01Z</time>
   </trkpt>
   <trkpt lat="49.6788950" lon="6.1334470">
    <ele>227.5</ele>
    <time>2025-09-13T13:42:09Z</time>
   </trkpt>
   <trkpt lat="49.6784260" lon="6.1334000">
    <ele>227.6</ele>
    <time>2025-09-13T13:42:17Z</time>
   </trkpt>
   <trkpt lat="49.6783100" lon="6.1333700">
    <ele>227.7</ele>
    <time>2025-09-13T13:42:19Z</time>
   </trkpt>
   <trkpt lat="49.6782140" lon="6.1332960">
    <ele>227.8</ele>
    <time>2025-09-13T13:42:21Z</time>
   </trkpt>
   <trkpt lat="49.6780810" lon="6.1331290">
    <ele>228.1</ele>
    <time>2025-09-13T13:42:25Z</time>
   </trkpt>
   <trkpt lat="49.6779840" lon="6.1330960">
    <ele>228.2</ele>
    <time>2025-09-13T13:42:29Z</time>
   </trkpt>
   <trkpt lat="49.6778530" lon="6.1331550">
    <ele>228.1</ele>
    <time>2025-09-13T13:42:34Z</time>
   </trkpt>
   <trkpt lat="49.6778290" lon="6.1331640">
    <ele>228.1</ele>
    <time>2025-09-13T13:42:35Z</time>
   </trkpt>
   <trkpt lat="49.6777370" lon="6.1332000">
    <ele>228.0</ele>
    <time>2025-09-13T13:42:38Z</time>
   </trkpt>
   <trkpt lat="49.6775290" lon="6.1333530">
    <ele>228.0</ele>
    <time>2025-09-13T13:42:43Z</time>
   </trkpt>
   <trkpt lat="49.6773620" lon="6.1334450">
    <ele>228.1</ele>
    <time>2025-09-13T13:42:47Z</time>
   </trkpt>
   <trkpt lat="49.6773180" lon="6.1334760">
    <ele>228.1</ele>
    <time>2025-09-13T13:42:48Z</time>
   </trkpt>
   <trkpt lat="49.6770490" lon="6.1336870">
    <ele>228.4</ele>
    <time>2025-09-13T13:42:54Z</time>
   </trkpt>
   <trkpt lat="49.6768470" lon="6.1339000">
    <ele>228.6</ele>
    <time>2025-09-13T13:42:59Z</time>
   </trkpt>
   <trkpt lat="49.6767620" lon="6.1338870">
    <ele>228.6</ele>
    <time>2025-09-13T13:43:01Z</time>
   </trkpt>
   <trkpt lat="49.6767250" lon="6.1338590">
    <ele>228.6</ele>
    <time>2025-09-13T13:43:02Z</time>
   </trkpt>
   <trkpt lat="49.6766060" lon="6.1336230">
    <ele>228.3</ele>
    <time>2025-09-13T13:43:06Z</time>
   </trkpt>
   <trkpt lat="49.6764820" lon="6.1333610">
    <ele>228.3</ele>
    <time>2025-09-13T13:43:10Z</time>
   </trkpt>
   <trkpt lat="49.6763730" lon="6.1331780">
    <ele>228.3</ele>
    <time>2025-09-13T13:43:13Z</time>
   </trkpt>
   <trkpt lat="49.6762500" lon="6.1330280">
    <ele>228.2</ele>
    <time>2025-09-13T13:43:16Z</time>
   </trkpt>
   <trkpt lat="49.6761570" lon="6.1329490">
    <ele>228.1</ele>
    <time>2025-09-13T13:43:18Z</time>
   </trkpt>
   <trkpt lat="49.6761030" lon="6.1329140">
    <ele>228.0</ele>
    <time>2025-09-13T13:43:19Z</time>
   </trkpt>
   <trkpt lat="49.6758650" lon="6.1327790">
    <ele>227.6</ele>
    <time>2025-09-13T13:43:23Z</time>
   </trkpt>
   <trkpt lat="49.6753680" lon="6.1325410">
    <ele>227.4</ele>
    <time>2025-09-13T13:43:31Z</time>
   </trkpt>
   <trkpt lat="49.6750150" lon="6.1323970">
    <ele>227.5</ele>
    <time>2025-09-13T13:43:37Z</time>
   </trkpt>
   <trkpt lat="49.6749570" lon="6.1323600">
    <ele>227.5</ele>
    <time>2025-09-13T13:43:38Z</time>
   </trkpt>
   <trkpt lat="49.6747840" lon="6.1322330">
    <ele>227.5</ele>
    <time>2025-09-13T13:43:41Z</time>
   </trkpt>
   <trkpt lat="49.6746100" lon="6.1321570">
    <ele>227.6</ele>
    <time>2025-09-13T13:43:44Z</time>
   </trkpt>
   <trkpt lat="49.6744890" lon="6.1321280">
    <ele>227.6</ele>
    <time>2025-09-13T13:43:46Z</time>
   </trkpt>
   <trkpt lat="49.6744310" lon="6.1321240">
    <ele>227.6</ele>
    <time>2025-09-13T13:43:47Z</time>
   </trkpt>
   <trkpt lat="49.6743730" lon="6.1321150">
    <ele>227.6</ele>
    <time>2025-09-13T13:43:48Z</time>
   </trkpt>
   <trkpt lat="49.6740650" lon="6.1320410">
    <ele>227.7</ele>
    <time>2025-09-13T13:43:53Z</time>
   </trkpt>
   <trkpt lat="49.6735770" lon="6.1318670">
    <ele>227.8</ele>
    <time>2025-09-13T13:44:01Z</time>
   </trkpt>
   <trkpt lat="49.6730430" lon="6.1316550">
    <ele>227.9</ele>
    <time>2025-09-13T13:44:10Z</time>
   </trkpt>
   <trkpt lat="49.6725110" lon="6.1314490">
    <ele>227.9</ele>
    <time>2025-09-13T13:44:19Z</time>
   </trkpt>
   <trkpt lat="49.6724540" lon="6.1314240">
    <ele>227.9</ele>
    <time>2025-09-13T13:44:20Z</time>
   </trkpt>
   <trkpt lat="49.6720640" lon="6.1312710">
    <ele>228.0</ele>
    <time>2025-09-13T13:44:27Z</time>
   </trkpt>
   <trkpt lat="49.6719690" lon="6.1312280">
    <ele>228.1</ele>
    <time>2025-09-13T13:44:29Z</time>
   </trkpt>
   <trkpt lat="49.6719150" lon="6.1311540">
    <ele>228.2</ele>
    <time>2025-09-13T13:44:31Z</time>
   </trkpt>
   <trkpt lat="49.6719230" lon="6.1310390">
    <ele>228.2</ele>
    <time>2025-09-13T13:44:33Z</time>
   </trkpt>
   <trkpt lat="49.6719400" lon="6.1309780">
    <ele>228.3</ele>
    <time>2025-09-13T13:44:34Z</time>
   </trkpt>
   <trkpt lat="49.6719830" lon="6.1306890">
    <ele>228.5</ele>
    <time>2025-09-13T13:44:38Z</time>
   </trkpt>
   <trkpt lat="49.6719950" lon="6.1305500">
    <ele>228.7</ele>
    <time>2025-09-13T13:44:40Z</time>
   </trkpt>
   <trkpt lat="49.6719720" lon="6.1304300">
    <ele>228.8</ele>
    <time>2025-09-13T13:44:42Z</time>
   </trkpt>
   <trkpt lat="49.6719390" lon="6.1303970">
    <ele>228.8</ele>
    <time>2025-09-13T13:44:43Z</time>
   </trkpt>
   <trkpt lat="49.6718150" lon="6.1303570">
    <ele>229.0</ele>
    <time>2025-09-13T13:44:46Z</time>
   </trkpt>
   <trkpt lat="49.6717710" lon="6.1303410">
    <ele>229.0</ele>
    <time>2025-09-13T13:44:47Z</time>
   </trkpt>
   <trkpt lat="49.6715770" lon="6.1302840">
    <ele>229.2</ele>
    <time>2025-09-13T13:44:51Z</time>
   </trkpt>
   <trkpt lat="49.6714760" lon="6.1302560">
    <ele>229.3</ele>
    <time>2025-09-13T13:44:53Z</time>
   </trkpt>
   <trkpt lat="49.6713770" lon="6.1302260">
    <ele>229.4</ele>
    <time>2025-09-13T13:44:55Z</time>
   </trkpt>
   <trkpt lat="49.6713270" lon="6.1302170">
    <ele>229.4</ele>
    <time>2025-09-13T13:44:56Z</time>
   </trkpt>
   <trkpt lat="49.6712330" lon="6.1302220">
    <ele>229.4</ele>
    <time>2025-09-13T13:44:58Z</time>
   </trkpt>
   <trkpt lat="49.6711960" lon="6.1302410">
    <ele>229.4</ele>
    <time>2025-09-13T13:44:59Z</time>
   </trkpt>
   <trkpt lat="49.6711220" lon="6.1302710">
    <ele>229.4</ele>
    <time>2025-09-13T13:45:01Z</time>
   </trkpt>
   <trkpt lat="49.6709720" lon="6.1302670">
    <ele>229.4</ele>
    <time>2025-09-13T13:45:04Z</time>
   </trkpt>
   <trkpt lat="49.6706490" lon="6.1301950">
    <ele>229.4</ele>
    <time>2025-09-13T13:45:10Z</time>
   </trkpt>
   <trkpt lat="49.6702820" lon="6.1301340">
    <ele>229.5</ele>
    <time>2025-09-13T13:45:16Z</time>
   </trkpt>
   <trkpt lat="49.6698540" lon="6.1300810">
    <ele>229.5</ele>
    <time>2025-09-13T13:45:23Z</time>
   </trkpt>
   <trkpt lat="49.6694200" lon="6.1300310">
    <ele>229.4</ele>
    <time>2025-09-13T13:45:30Z</time>
   </trkpt>
   <trkpt lat="49.6693610" lon="6.1300340">
    <ele>229.4</ele>
    <time>2025-09-13T13:45:31Z</time>
   </trkpt>
   <trkpt lat="49.6692580" lon="6.1300860">
    <ele>229.4</ele>
    <time>2025-09-13T13:45:33Z</time>
   </trkpt>
   <trkpt lat="49.6692120" lon="6.1301230">
    <ele>229.3</ele>
    <time>2025-09-13T13:45:34Z</time>
   </trkpt>
   <trkpt lat="49.6691120" lon="6.1302020">
    <ele>229.4</ele>
    <time>2025-09-13T13:45:36Z</time>
   </trkpt>
   <trkpt lat="49.6690620" lon="6.1302320">
    <ele>229.4</ele>
    <time>2025-09-13T13:45:37Z</time>
   </trkpt>
   <trkpt lat="49.6688590" lon="6.1303560">
    <ele>229.8</ele>
    <time>2025-09-13T13:45:42Z</time>
   </trkpt>
   <trkpt lat="49.6687100" lon="6.1304100">
    <ele>230.3</ele>
    <time>2025-09-13T13:45:47Z</time>
   </trkpt>
   <trkpt lat="49.6685660" lon="6.1303650">
    <ele>230.0</ele>
    <time>2025-09-13T13:45:51Z</time>
   </trkpt>
   <trkpt lat="49.6683770" lon="6.1302790">
    <ele>229.7</ele>
    <time>2025-09-13T13:45:55Z</time>
   </trkpt>
   <trkpt lat="49.6680610" lon="6.1301470">
    <ele>229.5</ele>
    <time>2025-09-13T13:46:01Z</time>
   </trkpt>
   <trkpt lat="49.6680160" lon="6.1300970">
    <ele>229.5</ele>
    <time>2025-09-13T13:46:02Z</time>
   </trkpt>
   <trkpt lat="49.6679310" lon="6.1299960">
    <ele>229.5</ele>
    <time>2025-09-13T13:46:04Z</time>
   </trkpt>
   <trkpt lat="49.6678360" lon="6.1299270">
    <ele>229.4</ele>
    <time>2025-09-13T13:46:06Z</time>
   </trkpt>
   <trkpt lat="49.6677930" lon="6.1298750">
    <ele>229.4</ele>
    <time>2025-09-13T13:46:07Z</time>
   </trkpt>
   <trkpt lat="49.6677260" lon="6.1297470">
    <ele>229.4</ele>
    <time>2025-09-13T13:46:09Z</time>
   </trkpt>
   <trkpt lat="49.6676350" lon="6.1296750">
    <ele>229.3</ele>
    <time>2025-09-13T13:46:11Z</time>
   </trkpt>
   <trkpt lat="49.6675860" lon="6.1296780">
    <ele>229.3</ele>
    <time>2025-09-13T13:46:12Z</time>
   </trkpt>
   <trkpt lat="49.6675400" lon="6.1297000">
    <ele>229.3</ele>
    <time>2025-09-13T13:46:13Z</time>
   </trkpt>
   <trkpt lat="49.6674570" lon="6.1297630">
    <ele>229.4</ele>
    <time>2025-09-13T13:46:15Z</time>
   </trkpt>
   <trkpt lat="49.6674160" lon="6.1297960">
    <ele>229.4</ele>
    <time>2025-09-13T13:46:16Z</time>
   </trkpt>
   <trkpt lat="49.6673300" lon="6.1298150">
    <ele>229.4</ele>
    <time>2025-09-13T13:46:18Z</time>
   </trkpt>
   <trkpt lat="49.6671690" lon="6.1298020">
    <ele>229.4</ele>
    <time>2025-09-13T13:46:21Z</time>
   </trkpt>
   <trkpt lat="49.6670610" lon="6.1298060">
    <ele>229.4</ele>
    <time>2025-09-13T13:46:23Z</time>
   </trkpt>
   <trkpt lat="49.6665780" lon="6.1298360">
    <ele>229.8</ele>
    <time>2025-09-13T13:46:32Z</time>
   </trkpt>
   <trkpt lat="49.6664800" lon="6.1298250">
    <ele>230.0</ele>
    <time>2025-09-13T13:46:34Z</time>
   </trkpt>
   <trkpt lat="49.6664150" lon="6.1297430">
    <ele>230.1</ele>
    <time>2025-09-13T13:46:36Z</time>
   </trkpt>
   <trkpt lat="49.6663990" lon="6.1296200">
    <ele>230.3</ele>
    <time>2025-09-13T13:46:38Z</time>
   </trkpt>
   <trkpt lat="49.6663480" lon="6.1295260">
    <ele>230.4</ele>
    <time>2025-09-13T13:46:40Z</time>
   </trkpt>
   <trkpt lat="49.6662680" lon="6.1294970">
    <ele>230.4</ele>
    <time>2025-09-13T13:46:42Z</time>
   </trkpt>
   <trkpt lat="49.6661820" lon="6.1294770">
    <ele>230.4</ele>
    <time>2025-09-13T13:46:44Z</time>
   </trkpt>
   <trkpt lat="49.6660880" lon="6.1294590">
    <ele>230.5</ele>
    <time>2025-09-13T13:46:46Z</time>
   </trkpt>
   <trkpt lat="49.6659890" lon="6.1294510">
    <ele>230.5</ele>
    <time>2025-09-13T13:46:48Z</time>
   </trkpt>
   <trkpt lat="49.6659420" lon="6.1294570">
    <ele>230.5</ele>
    <time>2025-09-13T13:46:49Z</time>
   </trkpt>
   <trkpt lat="49.6658440" lon="6.1294580">
    <ele>230.6</ele>
    <time>2025-09-13T13:46:51Z</time>
   </trkpt>
   <trkpt lat="49.6656920" lon="6.1294220">
    <ele>230.6</ele>
    <time>2025-09-13T13:46:54Z</time>
   </trkpt>
   <trkpt lat="49.6654290" lon="6.1293450">
    <ele>230.7</ele>
    <time>2025-09-13T13:46:59Z</time>
   </trkpt>
   <trkpt lat="49.6653280" lon="6.1293180">
    <ele>230.8</ele>
    <time>2025-09-13T13:47:01Z</time>
   </trkpt>
   <trkpt lat="49.6648960" lon="6.1292100">
    <ele>230.9</ele>
    <time>2025-09-13T13:47:09Z</time>
   </trkpt>
   <trkpt lat="49.6644350" lon="6.1291100">
    <ele>231.1</ele>
    <time>2025-09-13T13:47:17Z</time>
   </trkpt>
   <trkpt lat="49.6642560" lon="6.1290700">
    <ele>231.2</ele>
    <time>2025-09-13T13:47:20Z</time>
   </trkpt>
   <trkpt lat="49.6640730" lon="6.1290570">
    <ele>231.3</ele>
    <time>2025-09-13T13:47:23Z</time>
   </trkpt>
   <trkpt lat="49.6637680" lon="6.1290360">
    <ele>231.4</ele>
    <time>2025-09-13T13:47:28Z</time>
   </trkpt>
   <trkpt lat="49.6636510" lon="6.1290280">
    <ele>231.4</ele>
    <time>2025-09-13T13:47:30Z</time>
   </trkpt>
   <trkpt lat="49.6634820" lon="6.1290240">
    <ele>231.5</ele>
    <time>2025-09-13T13:47:33Z</time>
   </trkpt>
   <trkpt lat="49.6633780" lon="6.1290580">
    <ele>231.6</ele>
    <time>2025-09-13T13:47:35Z</time>
   </trkpt>
   <trkpt lat="49.6632960" lon="6.1291720">
    <ele>231.6</ele>
    <time>2025-09-13T13:47:37Z</time>
   </trkpt>
   <trkpt lat="49.6632760" lon="6.1292500">
    <ele>231.6</ele>
    <time>2025-09-13T13:47:38Z</time>
   </trkpt>
   <trkpt lat="49.6632150" lon="6.1298990">
    <ele>231.6</ele>
    <time>2025-09-13T13:47:45Z</time>
   </trkpt>
   <trkpt lat="49.6631670" lon="6.1303510">
    <ele>231.9</ele>
    <time>2025-09-13T13:47:50Z</time>
   </trkpt>
   <trkpt lat="49.6631490" lon="6.1304280">
    <ele>232.0</ele>
    <time>2025-09-13T13:47:51Z</time>
   </trkpt>
   <trkpt lat="49.6631160" lon="6.1304920">
    <ele>232.1</ele>
    <time>2025-09-13T13:47:52Z</time>
   </trkpt>
   <trkpt lat="49.6630700" lon="6.1305250">
    <ele>232.0</ele>
    <time>2025-09-13T13:47:53Z</time>
   </trkpt>
   <trkpt lat="49.6630180" lon="6.1305360">
    <ele>232.0</ele>
    <time>2025-09-13T13:47:54Z</time>
   </trkpt>
   <trkpt lat="49.6628500" lon="6.1305350">
    <ele>231.8</ele>
    <time>2025-09-13T13:47:57Z</time>
   </trkpt>
   <trkpt lat="49.6626720" lon="6.1305250">
    <ele>231.8</ele>
    <time>2025-09-13T13:48:00Z</time>
   </trkpt>
   <trkpt lat="49.6624420" lon="6.1305490">
    <ele>231.9</ele>
    <time>2025-09-13T13:48:04Z</time>
   </trkpt>
   <trkpt lat="49.6619730" lon="6.1305120">
    <ele>231.9</ele>
    <time>2025-09-13T13:48:12Z</time>
   </trkpt>
   <trkpt lat="49.6616740" lon="6.1304210">
    <ele>232.0</ele>
    <time>2025-09-13T13:48:17Z</time>
   </trkpt>
   <trkpt lat="49.6615650" lon="6.1303840">
    <ele>232.0</ele>
    <time>2025-09-13T13:48:19Z</time>
   </trkpt>
   <trkpt lat="49.6615130" lon="6.1303490">
    <ele>232.0</ele>
    <time>2025-09-13T13:48:20Z</time>
   </trkpt>
   <trkpt lat="49.6614380" lon="6.1302180">
    <ele>232.0</ele>
    <time>2025-09-13T13:48:22Z</time>
   </trkpt>
   <trkpt lat="49.6613810" lon="6.1300660">
    <ele>231.9</ele>
    <time>2025-09-13T13:48:24Z</time>
   </trkpt>
   <trkpt lat="49.6612950" lon="6.1299490">
    <ele>231.9</ele>
    <time>2025-09-13T13:48:26Z</time>
   </trkpt>
   <trkpt lat="49.6611820" lon="6.1298940">
    <ele>231.8</ele>
    <time>2025-09-13T13:48:28Z</time>
   </trkpt>
   <trkpt lat="49.6610670" lon="6.1298930">
    <ele>231.9</ele>
    <time>2025-09-13T13:48:30Z</time>
   </trkpt>
   <trkpt lat="49.6609640" lon="6.1299530">
    <ele>231.9</ele>
    <time>2025-09-13T13:48:32Z</time>
   </trkpt>
   <trkpt lat="49.6609160" lon="6.1299930">
    <ele>231.9</ele>
    <time>2025-09-13T13:48:33Z</time>
   </trkpt>
   <trkpt lat="49.6608710" lon="6.1300280">
    <ele>232.0</ele>
    <time>2025-09-13T13:48:34Z</time>
   </trkpt>
   <trkpt lat="49.6607780" lon="6.1300730">
    <ele>232.0</ele>
    <time>2025-09-13T13:48:36Z</time>
   </trkpt>
   <trkpt lat="49.6607310" lon="6.1300820">
    <ele>232.1</ele>
    <time>2025-09-13T13:48:37Z</time>
   </trkpt>
   <trkpt lat="49.6606310" lon="6.1301060">
    <ele>232.1</ele>
    <time>2025-09-13T13:48:39Z</time>
   </trkpt>
   <trkpt lat="49.6605130" lon="6.1301230">
    <ele>232.1</ele>
    <time>2025-09-13T13:48:41Z</time>
   </trkpt>
   <trkpt lat="49.6603900" lon="6.1301310">
    <ele>232.1</ele>
    <time>2025-09-13T13:48:43Z</time>
   </trkpt>
   <trkpt lat="49.6602060" lon="6.1301160">
    <ele>232.1</ele>
    <time>2025-09-13T13:48:46Z</time>
   </trkpt>
   <trkpt lat="49.6601460" lon="6.1301090">
    <ele>232.0</ele>
    <time>2025-09-13T13:48:47Z</time>
   </trkpt>
   <trkpt lat="49.6599540" lon="6.1300960">
    <ele>232.0</ele>
    <time>2025-09-13T13:48:50Z</time>
   </trkpt>
   <trkpt lat="49.6596660" lon="6.1301500">
    <ele>232.5</ele>
    <time>2025-09-13T13:48:55Z</time>
   </trkpt>
   <trkpt lat="49.6595320" lon="6.1301470">
    <ele>232.9</ele>
    <time>2025-09-13T13:48:59Z</time>
   </trkpt>
   <trkpt lat="49.6593320" lon="6.1301750">
    <ele>233.1</ele>
    <time>2025-09-13T13:49:05Z</time>
   </trkpt>
   <trkpt lat="49.6592380" lon="6.1302210">
    <ele>233.1</ele>
    <time>2025-09-13T13:49:10Z</time>
   </trkpt>
   <trkpt lat="49.6592270" lon="6.1302410">
    <ele>233.1</ele>
    <time>2025-09-13T13:49:11Z</time>
   </trkpt>
   <trkpt lat="49.6592400" lon="6.1303590">
    <ele>233.3</ele>
    <time>2025-09-13T13:49:14Z</time>
   </trkpt>
   <trkpt lat="49.6592340" lon="6.1306390">
    <ele>233.2</ele>
    <time>2025-09-13T13:49:20Z</time>
   </trkpt>
   <trkpt lat="49.6591540" lon="6.1306980">
    <ele>233.2</ele>
    <time>2025-09-13T13:49:24Z</time>
   </trkpt>
   <trkpt lat="49.6590950" lon="6.1307140">
    <ele>232.9</ele>
    <time>2025-09-13T13:49:27Z</time>
   </trkpt>
   <trkpt lat="49.6590880" lon="6.1307150">
    <ele>232.9</ele>
    <time>2025-09-13T13:49:28Z</time>
   </trkpt>
   <trkpt lat="49.6591050" lon="6.1307840">
    <ele>232.9</ele>
    <time>2025-09-13T13:49:42Z</time>
   </trkpt>
   <trkpt lat="49.6591140" lon="6.1308400">
    <ele>232.8</ele>
    <time>2025-09-13T13:49:44Z</time>
   </trkpt>
   <trkpt lat="49.6591290" lon="6.1310120">
    <ele>232.8</ele>
    <time>2025-09-13T13:49:50Z</time>
   </trkpt>
   <trkpt lat="49.6591270" lon="6.1312070">
    <ele>232.8</ele>
    <time>2025-09-13T13:49:56Z</time>
   </trkpt>
   <trkpt lat="49.6591050" lon="6.1313390">
    <ele>232.8</ele>
    <time>2025-09-13T13:50:02Z</time>
   </trkpt>
   <trkpt lat="49.6590400" lon="6.1308610">
    <ele>232.8</ele>
    <time>2025-09-13T13:55:16Z</time>
   </trkpt>
   <trkpt lat="49.6590150" lon="6.1308210">
    <ele>232.9</ele>
    <time>2025-09-13T13:55:18Z</time>
   </trkpt>
   <trkpt lat="49.6589620" lon="6.1308080">
    <ele>232.9</ele>
    <time>2025-09-13T13:55:21Z</time>
   </trkpt>
   <trkpt lat="49.6588850" lon="6.1307460">
    <ele>232.9</ele>
    <time>2025-09-13T13:55:25Z</time>
   </trkpt>
   <trkpt lat="49.6588880" lon="6.1306800">
    <ele>232.8</ele>
    <time>2025-09-13T13:55:27Z</time>
   </trkpt>
   <trkpt lat="49.6589260" lon="6.1306220">
    <ele>232.7</ele>
    <time>2025-09-13T13:55:29Z</time>
   </trkpt>
   <trkpt lat="49.6589740" lon="6.1305170">
    <ele>232.6</ele>
    <time>2025-09-13T13:55:32Z</time>
   </trkpt>
   <trkpt lat="49.6589750" lon="6.1304670">
    <ele>232.6</ele>
    <time>2025-09-13T13:55:33Z</time>
   </trkpt>
   <trkpt lat="49.6588920" lon="6.1303420">
    <ele>232.2</ele>
    <time>2025-09-13T13:55:37Z</time>
   </trkpt>
   <trkpt lat="49.6587210" lon="6.1302510">
    <ele>231.9</ele>
    <time>2025-09-13T13:55:42Z</time>
   </trkpt>
   <trkpt lat="49.6585840" lon="6.1301450">
    <ele>231.8</ele>
    <time>2025-09-13T13:55:46Z</time>
   </trkpt>
   <trkpt lat="49.6584540" lon="6.1300940">
    <ele>231.7</ele>
    <time>2025-09-13T13:55:50Z</time>
   </trkpt>
   <trkpt lat="49.6582270" lon="6.1300540">
    <ele>231.6</ele>
    <time>2025-09-13T13:55:56Z</time>
   </trkpt>
   <trkpt lat="49.6581020" lon="6.1300340">
    <ele>231.7</ele>
    <time>2025-09-13T13:55:59Z</time>
   </trkpt>
   <trkpt lat="49.6580270" lon="6.1300280">
    <ele>231.8</ele>
    <time>2025-09-13T13:56:01Z</time>
   </trkpt>
   <trkpt lat="49.6578780" lon="6.1300060">
    <ele>232.3</ele>
    <time>2025-09-13T13:56:05Z</time>
   </trkpt>
   <trkpt lat="49.6576210" lon="6.1298270">
    <ele>232.4</ele>
    <time>2025-09-13T13:56:12Z</time>
   </trkpt>
   <trkpt lat="49.6573880" lon="6.1298950">
    <ele>232.5</ele>
    <time>2025-09-13T13:56:17Z</time>
   </trkpt>
   <trkpt lat="49.6572900" lon="6.1298980">
    <ele>232.5</ele>
    <time>2025-09-13T13:56:19Z</time>
   </trkpt>
   <trkpt lat="49.6572010" lon="6.1298760">
    <ele>232.6</ele>
    <time>2025-09-13T13:56:21Z</time>
   </trkpt>
   <trkpt lat="49.6571580" lon="6.1298730">
    <ele>232.6</ele>
    <time>2025-09-13T13:56:22Z</time>
   </trkpt>
   <trkpt lat="49.6570330" lon="6.1299120">
    <ele>232.6</ele>
    <time>2025-09-13T13:56:25Z</time>
   </trkpt>
   <trkpt lat="49.6567870" lon="6.1299170">
    <ele>232.6</ele>
    <time>2025-09-13T13:56:30Z</time>
   </trkpt>
   <trkpt lat="49.6567400" lon="6.1298940">
    <ele>232.6</ele>
    <time>2025-09-13T13:56:31Z</time>
   </trkpt>
   <trkpt lat="49.6566980" lon="6.1298580">
    <ele>232.5</ele>
    <time>2025-09-13T13:56:32Z</time>
   </trkpt>
   <trkpt lat="49.6566340" lon="6.1297660">
    <ele>232.5</ele>
    <time>2025-09-13T13:56:34Z</time>
   </trkpt>
   <trkpt lat="49.6566110" lon="6.1296620">
    <ele>232.5</ele>
    <time>2025-09-13T13:56:37Z</time>
   </trkpt>
   <trkpt lat="49.6566140" lon="6.1296110">
    <ele>232.5</ele>
    <time>2025-09-13T13:56:40Z</time>
   </trkpt>
   <trkpt lat="49.6566210" lon="6.1296490">
    <ele>232.5</ele>
    <time>2025-09-13T13:56:45Z</time>
   </trkpt>
   <trkpt lat="49.6566210" lon="6.1297110">
    <ele>232.5</ele>
    <time>2025-09-13T13:56:47Z</time>
   </trkpt>
   <trkpt lat="49.6565890" lon="6.1297280">
    <ele>232.5</ele>
    <time>2025-09-13T13:56:49Z</time>
   </trkpt>
   <trkpt lat="49.6564920" lon="6.1297060">
    <ele>232.4</ele>
    <time>2025-09-13T13:56:52Z</time>
   </trkpt>
   <trkpt lat="49.6564480" lon="6.1296930">
    <ele>232.3</ele>
    <time>2025-09-13T13:56:53Z</time>
   </trkpt>
   <trkpt lat="49.6563540" lon="6.1296350">
    <ele>232.1</ele>
    <time>2025-09-13T13:56:55Z</time>
   </trkpt>
   <trkpt lat="49.6562610" lon="6.1295630">
    <ele>232.0</ele>
    <time>2025-09-13T13:56:57Z</time>
   </trkpt>
   <trkpt lat="49.6562190" lon="6.1295160">
    <ele>231.9</ele>
    <time>2025-09-13T13:56:58Z</time>
   </trkpt>
   <trkpt lat="49.6560740" lon="6.1293130">
    <ele>231.7</ele>
    <time>2025-09-13T13:57:02Z</time>
   </trkpt>
   <trkpt lat="49.6559290" lon="6.1290320">
    <ele>231.7</ele>
    <time>2025-09-13T13:57:06Z</time>
   </trkpt>
   <trkpt lat="49.6558780" lon="6.1289760">
    <ele>231.8</ele>
    <time>2025-09-13T13:57:07Z</time>
   </trkpt>
   <trkpt lat="49.6555500" lon="6.1287720">
    <ele>231.7</ele>
    <time>2025-09-13T13:57:13Z</time>
   </trkpt>
   <trkpt lat="49.6554320" lon="6.1287550">
    <ele>231.7</ele>
    <time>2025-09-13T13:57:15Z</time>
   </trkpt>
   <trkpt lat="49.6553170" lon="6.1287830">
    <ele>231.7</ele>
    <time>2025-09-13T13:57:17Z</time>
   </trkpt>
   <trkpt lat="49.6552050" lon="6.1288160">
    <ele>231.9</ele>
    <time>2025-09-13T13:57:19Z</time>
   </trkpt>
   <trkpt lat="49.6550600" lon="6.1288760">
    <ele>232.2</ele>
    <time>2025-09-13T13:57:22Z</time>
   </trkpt>
   <trkpt lat="49.6550130" lon="6.1288800">
    <ele>232.4</ele>
    <time>2025-09-13T13:57:23Z</time>
   </trkpt>
   <trkpt lat="49.6549710" lon="6.1288680">
    <ele>232.6</ele>
    <time>2025-09-13T13:57:24Z</time>
   </trkpt>
   <trkpt lat="49.6548930" lon="6.1288670">
    <ele>232.9</ele>
    <time>2025-09-13T13:57:26Z</time>
   </trkpt>
   <trkpt lat="49.6548700" lon="6.1289540">
    <ele>233.0</ele>
    <time>2025-09-13T13:57:28Z</time>
   </trkpt>
   <trkpt lat="49.6548710" lon="6.1292450">
    <ele>233.4</ele>
    <time>2025-09-13T13:57:33Z</time>
   </trkpt>
   <trkpt lat="49.6548700" lon="6.1293140">
    <ele>233.4</ele>
    <time>2025-09-13T13:57:34Z</time>
   </trkpt>
   <trkpt lat="49.6548750" lon="6.1294370">
    <ele>233.6</ele>
    <time>2025-09-13T13:57:36Z</time>
   </trkpt>
   <trkpt lat="49.6548620" lon="6.1295670">
    <ele>233.7</ele>
    <time>2025-09-13T13:57:38Z</time>
   </trkpt>
   <trkpt lat="49.6548340" lon="6.1300770">
    <ele>233.8</ele>
    <time>2025-09-13T13:57:44Z</time>
   </trkpt>
   <trkpt lat="49.6548070" lon="6.1306460">
    <ele>233.9</ele>
    <time>2025-09-13T13:57:50Z</time>
   </trkpt>
   <trkpt lat="49.6548030" lon="6.1308940">
    <ele>233.9</ele>
    <time>2025-09-13T13:57:54Z</time>
   </trkpt>
   <trkpt lat="49.6548110" lon="6.1310360">
    <ele>234.0</ele>
    <time>2025-09-13T13:58:00Z</time>
   </trkpt>
   <trkpt lat="49.6548070" lon="6.1312980">
    <ele>234.1</ele>
    <time>2025-09-13T13:58:05Z</time>
   </trkpt>
   <trkpt lat="49.6547950" lon="6.1315700">
    <ele>234.1</ele>
    <time>2025-09-13T13:58:10Z</time>
   </trkpt>
   <trkpt lat="49.6547850" lon="6.1319350">
    <ele>234.1</ele>
    <time>2025-09-13T13:58:16Z</time>
   </trkpt>
   <trkpt lat="49.6547680" lon="6.1322260">
    <ele>234.3</ele>
    <time>2025-09-13T13:58:20Z</time>
   </trkpt>
   <trkpt lat="49.6547340" lon="6.1323350">
    <ele>234.4</ele>
    <time>2025-09-13T13:58:22Z</time>
   </trkpt>
   <trkpt lat="49.6547050" lon="6.1323640">
    <ele>234.4</ele>
    <time>2025-09-13T13:58:23Z</time>
   </trkpt>
   <trkpt lat="49.6546240" lon="6.1323930">
    <ele>234.5</ele>
    <time>2025-09-13T13:58:25Z</time>
   </trkpt>
   <trkpt lat="49.6545320" lon="6.1323990">
    <ele>234.6</ele>
    <time>2025-09-13T13:58:27Z</time>
   </trkpt>
   <trkpt lat="49.6544010" lon="6.1324230">
    <ele>234.7</ele>
    <time>2025-09-13T13:58:30Z</time>
   </trkpt>
   <trkpt lat="49.6540720" lon="6.1325320">
    <ele>234.9</ele>
    <time>2025-09-13T13:58:37Z</time>
   </trkpt>
   <trkpt lat="49.6538690" lon="6.1325860">
    <ele>234.8</ele>
    <time>2025-09-13T13:58:41Z</time>
   </trkpt>
   <trkpt lat="49.6534400" lon="6.1326990">
    <ele>234.4</ele>
    <time>2025-09-13T13:58:49Z</time>
   </trkpt>
   <trkpt lat="49.6530440" lon="6.1328290">
    <ele>234.3</ele>
    <time>2025-09-13T13:58:56Z</time>
   </trkpt>
   <trkpt lat="49.6528930" lon="6.1329010">
    <ele>234.4</ele>
    <time>2025-09-13T13:58:59Z</time>
   </trkpt>
   <trkpt lat="49.6527900" lon="6.1329210">
    <ele>234.4</ele>
    <time>2025-09-13T13:59:01Z</time>
   </trkpt>
   <trkpt lat="49.6526910" lon="6.1329210">
    <ele>234.4</ele>
    <time>2025-09-13T13:59:03Z</time>
   </trkpt>
   <trkpt lat="49.6525430" lon="6.1329590">
    <ele>234.4</ele>
    <time>2025-09-13T13:59:06Z</time>
   </trkpt>
   <trkpt lat="49.6522250" lon="6.1330740">
    <ele>234.2</ele>
    <time>2025-09-13T13:59:12Z</time>
   </trkpt>
   <trkpt lat="49.6519530" lon="6.1331700">
    <ele>234.1</ele>
    <time>2025-09-13T13:59:17Z</time>
   </trkpt>
   <trkpt lat="49.6518970" lon="6.1331820">
    <ele>234.0</ele>
    <time>2025-09-13T13:59:18Z</time>
   </trkpt>
   <trkpt lat="49.6515680" lon="6.1332790">
    <ele>234.0</ele>
    <time>2025-09-13T13:59:24Z</time>
   </trkpt>
   <trkpt lat="49.6515170" lon="6.1333020">
    <ele>233.9</ele>
    <time>2025-09-13T13:59:25Z</time>
   </trkpt>
   <trkpt lat="49.6513710" lon="6.1333930">
    <ele>233.9</ele>
    <time>2025-09-13T13:59:28Z</time>
   </trkpt>
   <trkpt lat="49.6511120" lon="6.1336740">
    <ele>233.9</ele>
    <time>2025-09-13T13:59:34Z</time>
   </trkpt>
   <trkpt lat="49.6509550" lon="6.1338960">
    <ele>233.8</ele>
    <time>2025-09-13T13:59:38Z</time>
   </trkpt>
   <trkpt lat="49.6509140" lon="6.1339420">
    <ele>233.8</ele>
    <time>2025-09-13T13:59:39Z</time>
   </trkpt>
   <trkpt lat="49.6507840" lon="6.1340630">
    <ele>233.7</ele>
    <time>2025-09-13T13:59:42Z</time>
   </trkpt>
   <trkpt lat="49.6506830" lon="6.1341190">
    <ele>233.7</ele>
    <time>2025-09-13T13:59:44Z</time>
   </trkpt>
   <trkpt lat="49.6505730" lon="6.1341600">
    <ele>233.6</ele>
    <time>2025-09-13T13:59:46Z</time>
   </trkpt>
   <trkpt lat="49.6504570" lon="6.1341960">
    <ele>233.6</ele>
    <time>2025-09-13T13:59:48Z</time>
   </trkpt>
   <trkpt lat="49.6503330" lon="6.1342410">
    <ele>233.6</ele>
    <time>2025-09-13T13:59:50Z</time>
   </trkpt>
   <trkpt lat="49.6501970" lon="6.1342860">
    <ele>233.6</ele>
    <time>2025-09-13T13:59:52Z</time>
   </trkpt>
   <trkpt lat="49.6499260" lon="6.1343310">
    <ele>233.7</ele>
    <time>2025-09-13T13:59:56Z</time>
   </trkpt>
   <trkpt lat="49.6496490" lon="6.1343180">
    <ele>233.7</ele>
    <time>2025-09-13T14:00:00Z</time>
   </trkpt>
   <trkpt lat="49.6495080" lon="6.1343250">
    <ele>233.8</ele>
    <time>2025-09-13T14:00:02Z</time>
   </trkpt>
   <trkpt lat="49.6491090" lon="6.1342680">
    <ele>233.8</ele>
    <time>2025-09-13T14:00:08Z</time>
   </trkpt>
   <trkpt lat="49.6489800" lon="6.1342440">
    <ele>233.8</ele>
    <time>2025-09-13T14:00:10Z</time>
   </trkpt>
   <trkpt lat="49.6488590" lon="6.1342300">
    <ele>233.8</ele>
    <time>2025-09-13T14:00:12Z</time>
   </trkpt>
   <trkpt lat="49.6486130" lon="6.1341830">
    <ele>233.8</ele>
    <time>2025-09-13T14:00:16Z</time>
   </trkpt>
   <trkpt lat="49.6484880" lon="6.1341590">
    <ele>233.7</ele>
    <time>2025-09-13T14:00:18Z</time>
   </trkpt>
   <trkpt lat="49.6484280" lon="6.1341460">
    <ele>233.7</ele>
    <time>2025-09-13T14:00:19Z</time>
   </trkpt>
   <trkpt lat="49.6482390" lon="6.1341230">
    <ele>233.7</ele>
    <time>2025-09-13T14:00:22Z</time>
   </trkpt>
   <trkpt lat="49.6478840" lon="6.1341300">
    <ele>233.6</ele>
    <time>2025-09-13T14:00:27Z</time>
   </trkpt>
   <trkpt lat="49.6478220" lon="6.1341120">
    <ele>233.6</ele>
    <time>2025-09-13T14:00:28Z</time>
   </trkpt>
   <trkpt lat="49.6477560" lon="6.1341060">
    <ele>233.6</ele>
    <time>2025-09-13T14:00:29Z</time>
   </trkpt>
   <trkpt lat="49.6476310" lon="6.1340740">
    <ele>233.6</ele>
    <time>2025-09-13T14:00:31Z</time>
   </trkpt>
   <trkpt lat="49.6474890" lon="6.1340770">
    <ele>233.6</ele>
    <time>2025-09-13T14:00:33Z</time>
   </trkpt>
   <trkpt lat="49.6471540" lon="6.1340640">
    <ele>233.7</ele>
    <time>2025-09-13T14:00:38Z</time>
   </trkpt>
   <trkpt lat="49.6468400" lon="6.1340840">
    <ele>233.8</ele>
    <time>2025-09-13T14:00:43Z</time>
   </trkpt>
   <trkpt lat="49.6467760" lon="6.1340890">
    <ele>233.7</ele>
    <time>2025-09-13T14:00:44Z</time>
   </trkpt>
   <trkpt lat="49.6462960" lon="6.1341820">
    <ele>233.7</ele>
    <time>2025-09-13T14:00:52Z</time>
   </trkpt>
   <trkpt lat="49.6458120" lon="6.1342860">
    <ele>233.9</ele>
    <time>2025-09-13T14:01:00Z</time>
   </trkpt>
   <trkpt lat="49.6455260" lon="6.1343440">
    <ele>233.9</ele>
    <time>2025-09-13T14:01:05Z</time>
   </trkpt>
   <trkpt lat="49.6453010" lon="6.1343900">
    <ele>234.0</ele>
    <time>2025-09-13T14:01:09Z</time>
   </trkpt>
   <trkpt lat="49.6451850" lon="6.1344090">
    <ele>234.1</ele>
    <time>2025-09-13T14:01:11Z</time>
   </trkpt>
   <trkpt lat="49.6448450" lon="6.1344910">
    <ele>234.2</ele>
    <time>2025-09-13T14:01:17Z</time>
   </trkpt>
   <trkpt lat="49.6444170" lon="6.1345650">
    <ele>234.7</ele>
    <time>2025-09-13T14:01:25Z</time>
   </trkpt>
   <trkpt lat="49.6442390" lon="6.1345920">
    <ele>235.0</ele>
    <time>2025-09-13T14:01:30Z</time>
   </trkpt>
   <trkpt lat="49.6442220" lon="6.1345850">
    <ele>235.0</ele>
    <time>2025-09-13T14:01:32Z</time>
   </trkpt>
   <trkpt lat="49.6441820" lon="6.1347040">
    <ele>235.2</ele>
    <time>2025-09-13T14:01:48Z</time>
   </trkpt>
   <trkpt lat="49.6441920" lon="6.1347400">
    <ele>235.2</ele>
    <time>2025-09-13T14:01:49Z</time>
   </trkpt>
   <trkpt lat="49.6441990" lon="6.1349290">
    <ele>235.3</ele>
    <time>2025-09-13T14:01:54Z</time>
   </trkpt>
   <trkpt lat="49.6441930" lon="6.1351140">
    <ele>235.4</ele>
    <time>2025-09-13T14:01:58Z</time>
   </trkpt>
   <trkpt lat="49.6441960" lon="6.1352470">
    <ele>235.5</ele>
    <time>2025-09-13T14:02:00Z</time>
   </trkpt>
   <trkpt lat="49.6441850" lon="6.1353930">
    <ele>235.7</ele>
    <time>2025-09-13T14:02:02Z</time>
   </trkpt>
   <trkpt lat="49.6441220" lon="6.1356840">
    <ele>236.3</ele>
    <time>2025-09-13T14:02:07Z</time>
   </trkpt>
   <trkpt lat="49.6440090" lon="6.1357240">
    <ele>236.4</ele>
    <time>2025-09-13T14:02:10Z</time>
   </trkpt>
   <trkpt lat="49.6438670" lon="6.1357290">
    <ele>236.4</ele>
    <time>2025-09-13T14:02:13Z</time>
   </trkpt>
   <trkpt lat="49.6438170" lon="6.1357290">
    <ele>236.4</ele>
    <time>2025-09-13T14:02:14Z</time>
   </trkpt>
   <trkpt lat="49.6436610" lon="6.1357250">
    <ele>236.4</ele>
    <time>2025-09-13T14:02:17Z</time>
   </trkpt>
   <trkpt lat="49.6435550" lon="6.1356720">
    <ele>236.5</ele>
    <time>2025-09-13T14:02:19Z</time>
   </trkpt>
   <trkpt lat="49.6434530" lon="6.1356080">
    <ele>236.4</ele>
    <time>2025-09-13T14:02:21Z</time>
   </trkpt>
   <trkpt lat="49.6433530" lon="6.1355930">
    <ele>236.4</ele>
    <time>2025-09-13T14:02:23Z</time>
   </trkpt>
   <trkpt lat="49.6432600" lon="6.1356090">
    <ele>236.3</ele>
    <time>2025-09-13T14:02:25Z</time>
   </trkpt>
   <trkpt lat="49.6431770" lon="6.1356620">
    <ele>236.2</ele>
    <time>2025-09-13T14:02:27Z</time>
   </trkpt>
   <trkpt lat="49.6430890" lon="6.1357170">
    <ele>236.4</ele>
    <time>2025-09-13T14:02:29Z</time>
   </trkpt>
   <trkpt lat="49.6429900" lon="6.1357240">
    <ele>236.4</ele>
    <time>2025-09-13T14:02:31Z</time>
   </trkpt>
   <trkpt lat="49.6426140" lon="6.1357090">
    <ele>236.5</ele>
    <time>2025-09-13T14:02:38Z</time>
   </trkpt>
   <trkpt lat="49.6422850" lon="6.1356770">
    <ele>236.9</ele>
    <time>2025-09-13T14:02:45Z</time>
   </trkpt>
   <trkpt lat="49.6421570" lon="6.1356920">
    <ele>237.0</ele>
    <time>2025-09-13T14:02:49Z</time>
   </trkpt>
   <trkpt lat="49.6419260" lon="6.1356910">
    <ele>237.1</ele>
    <time>2025-09-13T14:02:54Z</time>
   </trkpt>
   <trkpt lat="49.6418790" lon="6.1356890">
    <ele>237.2</ele>
    <time>2025-09-13T14:02:55Z</time>
   </trkpt>
   <trkpt lat="49.6417160" lon="6.1356750">
    <ele>237.6</ele>
    <time>2025-09-13T14:02:59Z</time>
   </trkpt>
   <trkpt lat="49.6416650" lon="6.1357240">
    <ele>237.9</ele>
    <time>2025-09-13T14:03:01Z</time>
   </trkpt>
   <trkpt lat="49.6416540" lon="6.1357620">
    <ele>237.9</ele>
    <time>2025-09-13T14:03:02Z</time>
   </trkpt>
   <trkpt lat="49.6416350" lon="6.1359230">
    <ele>238.3</ele>
    <time>2025-09-13T14:03:05Z</time>
   </trkpt>
   <trkpt lat="49.6416120" lon="6.1359800">
    <ele>238.4</ele>
    <time>2025-09-13T14:03:06Z</time>
   </trkpt>
   <trkpt lat="49.6415810" lon="6.1360060">
    <ele>238.5</ele>
    <time>2025-09-13T14:03:07Z</time>
   </trkpt>
   <trkpt lat="49.6415500" lon="6.1360160">
    <ele>238.6</ele>
    <time>2025-09-13T14:03:08Z</time>
   </trkpt>
   <trkpt lat="49.6413620" lon="6.1360540">
    <ele>238.6</ele>
    <time>2025-09-13T14:03:12Z</time>
   </trkpt>
   <trkpt lat="49.6410430" lon="6.1360560">
    <ele>238.4</ele>
    <time>2025-09-13T14:03:18Z</time>
   </trkpt>
   <trkpt lat="49.6406980" lon="6.1360580">
    <ele>238.1</ele>
    <time>2025-09-13T14:03:24Z</time>
   </trkpt>
   <trkpt lat="49.6402780" lon="6.1360450">
    <ele>237.9</ele>
    <time>2025-09-13T14:03:31Z</time>
   </trkpt>
   <trkpt lat="49.6397420" lon="6.1359990">
    <ele>237.9</ele>
    <time>2025-09-13T14:03:40Z</time>
   </trkpt>
   <trkpt lat="49.6391520" lon="6.1359670">
    <ele>238.1</ele>
    <time>2025-09-13T14:03:50Z</time>
   </trkpt>
   <trkpt lat="49.6390900" lon="6.1359620">
    <ele>238.1</ele>
    <time>2025-09-13T14:03:51Z</time>
   </trkpt>
   <trkpt lat="49.6385970" lon="6.1359630">
    <ele>238.1</ele>
    <time>2025-09-13T14:03:59Z</time>
   </trkpt>
   <trkpt lat="49.6380900" lon="6.1359680">
    <ele>238.5</ele>
    <time>2025-09-13T14:04:07Z</time>
   </trkpt>
   <trkpt lat="49.6375440" lon="6.1359570">
    <ele>238.9</ele>
    <time>2025-09-13T14:04:16Z</time>
   </trkpt>
   <trkpt lat="49.6374190" lon="6.1359580">
    <ele>239.0</ele>
    <time>2025-09-13T14:04:18Z</time>
   </trkpt>
   <trkpt lat="49.6371140" lon="6.1359590">
    <ele>239.2</ele>
    <time>2025-09-13T14:04:23Z</time>
   </trkpt>
   <trkpt lat="49.6370530" lon="6.1359490">
    <ele>239.2</ele>
    <time>2025-09-13T14:04:24Z</time>
   </trkpt>
   <trkpt lat="49.6369940" lon="6.1359440">
    <ele>239.2</ele>
    <time>2025-09-13T14:04:25Z</time>
   </trkpt>
   <trkpt lat="49.6366930" lon="6.1359360">
    <ele>239.3</ele>
    <time>2025-09-13T14:04:30Z</time>
   </trkpt>
   <trkpt lat="49.6361520" lon="6.1359540">
    <ele>239.5</ele>
    <time>2025-09-13T14:04:39Z</time>
   </trkpt>
   <trkpt lat="49.6357250" lon="6.1359420">
    <ele>239.6</ele>
    <time>2025-09-13T14:04:46Z</time>
   </trkpt>
   <trkpt lat="49.6356700" lon="6.1359370">
    <ele>239.6</ele>
    <time>2025-09-13T14:04:47Z</time>
   </trkpt>
   <trkpt lat="49.6354930" lon="6.1359380">
    <ele>239.6</ele>
    <time>2025-09-13T14:04:50Z</time>
   </trkpt>
   <trkpt lat="49.6353110" lon="6.1359730">
    <ele>239.6</ele>
    <time>2025-09-13T14:04:53Z</time>
   </trkpt>
   <trkpt lat="49.6348980" lon="6.1360490">
    <ele>239.8</ele>
    <time>2025-09-13T14:05:00Z</time>
   </trkpt>
   <trkpt lat="49.6345600" lon="6.1361410">
    <ele>240.0</ele>
    <time>2025-09-13T14:05:06Z</time>
   </trkpt>
   <trkpt lat="49.6345050" lon="6.1361670">
    <ele>240.0</ele>
    <time>2025-09-13T14:05:07Z</time>
   </trkpt>
   <trkpt lat="49.6339950" lon="6.1363810">
    <ele>240.1</ele>
    <time>2025-09-13T14:05:16Z</time>
   </trkpt>
   <trkpt lat="49.6336830" lon="6.1365400">
    <ele>240.5</ele>
    <time>2025-09-13T14:05:22Z</time>
   </trkpt>
   <trkpt lat="49.6335840" lon="6.1365920">
    <ele>240.7</ele>
    <time>2025-09-13T14:05:24Z</time>
   </trkpt>
   <trkpt lat="49.6334270" lon="6.1366360">
    <ele>240.9</ele>
    <time>2025-09-13T14:05:27Z</time>
   </trkpt>
   <trkpt lat="49.6330130" lon="6.1367900">
    <ele>241.6</ele>
    <time>2025-09-13T14:05:35Z</time>
   </trkpt>
   <trkpt lat="49.6329650" lon="6.1367990">
    <ele>241.7</ele>
    <time>2025-09-13T14:05:36Z</time>
   </trkpt>
   <trkpt lat="49.6328220" lon="6.1368310">
    <ele>241.9</ele>
    <time>2025-09-13T14:05:39Z</time>
   </trkpt>
   <trkpt lat="49.6327290" lon="6.1368530">
    <ele>241.9</ele>
    <time>2025-09-13T14:05:41Z</time>
   </trkpt>
   <trkpt lat="49.6326810" lon="6.1368550">
    <ele>241.9</ele>
    <time>2025-09-13T14:05:42Z</time>
   </trkpt>
   <trkpt lat="49.6322620" lon="6.1368190">
    <ele>242.1</ele>
    <time>2025-09-13T14:05:50Z</time>
   </trkpt>
   <trkpt lat="49.6318340" lon="6.1367390">
    <ele>242.4</ele>
    <time>2025-09-13T14:05:58Z</time>
   </trkpt>
   <trkpt lat="49.6314560" lon="6.1365790">
    <ele>242.4</ele>
    <time>2025-09-13T14:06:05Z</time>
   </trkpt>
   <trkpt lat="49.6310850" lon="6.1363510">
    <ele>241.9</ele>
    <time>2025-09-13T14:06:12Z</time>
   </trkpt>
   <trkpt lat="49.6307240" lon="6.1360250">
    <ele>241.2</ele>
    <time>2025-09-13T14:06:19Z</time>
   </trkpt>
   <trkpt lat="49.6303860" lon="6.1356870">
    <ele>240.9</ele>
    <time>2025-09-13T14:06:25Z</time>
   </trkpt>
   <trkpt lat="49.6300800" lon="6.1353960">
    <ele>241.2</ele>
    <time>2025-09-13T14:06:31Z</time>
   </trkpt>
   <trkpt lat="49.6297750" lon="6.1351560">
    <ele>241.7</ele>
    <time>2025-09-13T14:06:37Z</time>
   </trkpt>
   <trkpt lat="49.6294180" lon="6.1349260">
    <ele>242.5</ele>
    <time>2025-09-13T14:06:44Z</time>
   </trkpt>
   <trkpt lat="49.6291050" lon="6.1347500">
    <ele>243.3</ele>
    <time>2025-09-13T14:06:50Z</time>
   </trkpt>
   <trkpt lat="49.6290580" lon="6.1347110">
    <ele>243.4</ele>
    <time>2025-09-13T14:06:51Z</time>
   </trkpt>
   <trkpt lat="49.6288910" lon="6.1345230">
    <ele>243.9</ele>
    <time>2025-09-13T14:06:55Z</time>
   </trkpt>
   <trkpt lat="49.6286970" lon="6.1342400">
    <ele>243.4</ele>
    <time>2025-09-13T14:07:00Z</time>
   </trkpt>
   <trkpt lat="49.6286500" lon="6.1341880">
    <ele>243.2</ele>
    <time>2025-09-13T14:07:01Z</time>
   </trkpt>
   <trkpt lat="49.6284940" lon="6.1340700">
    <ele>242.7</ele>
    <time>2025-09-13T14:07:04Z</time>
   </trkpt>
   <trkpt lat="49.6282060" lon="6.1337780">
    <ele>242.0</ele>
    <time>2025-09-13T14:07:10Z</time>
   </trkpt>
   <trkpt lat="49.6280690" lon="6.1336390">
    <ele>241.9</ele>
    <time>2025-09-13T14:07:14Z</time>
   </trkpt>
   <trkpt lat="49.6279260" lon="6.1334830">
    <ele>241.7</ele>
    <time>2025-09-13T14:07:19Z</time>
   </trkpt>
   <trkpt lat="49.6278150" lon="6.1333340">
    <ele>241.5</ele>
    <time>2025-09-13T14:07:22Z</time>
   </trkpt>
   <trkpt lat="49.6277400" lon="6.1332370">
    <ele>241.5</ele>
    <time>2025-09-13T14:07:24Z</time>
   </trkpt>
   <trkpt lat="49.6275400" lon="6.1330040">
    <ele>241.6</ele>
    <time>2025-09-13T14:07:29Z</time>
   </trkpt>
   <trkpt lat="49.6271840" lon="6.1326010">
    <ele>242.1</ele>
    <time>2025-09-13T14:07:37Z</time>
   </trkpt>
   <trkpt lat="49.6271020" lon="6.1324870">
    <ele>242.3</ele>
    <time>2025-09-13T14:07:39Z</time>
   </trkpt>
   <trkpt lat="49.6269890" lon="6.1323290">
    <ele>242.4</ele>
    <time>2025-09-13T14:07:42Z</time>
   </trkpt>
   <trkpt lat="49.6269250" lon="6.1321840">
    <ele>244.4</ele>
    <time>2025-09-13T14:07:46Z</time>
   </trkpt>
   <trkpt lat="49.6269250" lon="6.1321840">
    <ele>244.4</ele>
    <time>2025-09-13T14:07:47Z</time>
   </trkpt>
   <trkpt lat="49.6269490" lon="6.1322660">
    <ele>242.9</ele>
    <time>2025-09-13T14:07:57Z</time>
   </trkpt>
   <trkpt lat="49.6269810" lon="6.1323170">
    <ele>242.5</ele>
    <time>2025-09-13T14:07:59Z</time>
   </trkpt>
   <trkpt lat="49.6269940" lon="6.1323070">
    <ele>242.4</ele>
    <time>2025-09-13T14:08:00Z</time>
   </trkpt>
   <trkpt lat="49.6270240" lon="6.1322760">
    <ele>242.4</ele>
    <time>2025-09-13T14:08:02Z</time>
   </trkpt>
   <trkpt lat="49.6270360" lon="6.1322710">
    <ele>242.4</ele>
    <time>2025-09-13T14:08:03Z</time>
   </trkpt>
   <trkpt lat="49.6270540" lon="6.1321160">
    <ele>242.1</ele>
    <time>2025-09-13T14:08:07Z</time>
   </trkpt>
   <trkpt lat="49.6270480" lon="6.1320440">
    <ele>241.9</ele>
    <time>2025-09-13T14:08:08Z</time>
   </trkpt>
   <trkpt lat="49.6270410" lon="6.1319190">
    <ele>241.4</ele>
    <time>2025-09-13T14:08:10Z</time>
   </trkpt>
   <trkpt lat="49.6270490" lon="6.1318520">
    <ele>241.2</ele>
    <time>2025-09-13T14:08:11Z</time>
   </trkpt>
   <trkpt lat="49.6271000" lon="6.1316890">
    <ele>240.8</ele>
    <time>2025-09-13T14:08:14Z</time>
   </trkpt>
   <trkpt lat="49.6271160" lon="6.1316010">
    <ele>240.6</ele>
    <time>2025-09-13T14:08:16Z</time>
   </trkpt>
   <trkpt lat="49.6271100" lon="6.1315610">
    <ele>240.6</ele>
    <time>2025-09-13T14:08:17Z</time>
   </trkpt>
   <trkpt lat="49.6270430" lon="6.1314050">
    <ele>240.6</ele>
    <time>2025-09-13T14:08:20Z</time>
   </trkpt>
   <trkpt lat="49.6268600" lon="6.1312920">
    <ele>240.7</ele>
    <time>2025-09-13T14:08:25Z</time>
   </trkpt>
   <trkpt lat="49.6266710" lon="6.1311920">
    <ele>240.8</ele>
    <time>2025-09-13T14:08:30Z</time>
   </trkpt>
   <trkpt lat="49.6266280" lon="6.1311760">
    <ele>240.9</ele>
    <time>2025-09-13T14:08:31Z</time>
   </trkpt>
   <trkpt lat="49.6265430" lon="6.1311380">
    <ele>240.9</ele>
    <time>2025-09-13T14:08:33Z</time>
   </trkpt>
   <trkpt lat="49.6264490" lon="6.1311030">
    <ele>241.0</ele>
    <time>2025-09-13T14:08:35Z</time>
   </trkpt>
   <trkpt lat="49.6264020" lon="6.1310820">
    <ele>241.0</ele>
    <time>2025-09-13T14:08:36Z</time>
   </trkpt>
   <trkpt lat="49.6263040" lon="6.1310380">
    <ele>241.1</ele>
    <time>2025-09-13T14:08:38Z</time>
   </trkpt>
   <trkpt lat="49.6262540" lon="6.1310270">
    <ele>241.1</ele>
    <time>2025-09-13T14:08:39Z</time>
   </trkpt>
   <trkpt lat="49.6260150" lon="6.1309780">
    <ele>240.9</ele>
    <time>2025-09-13T14:08:44Z</time>
   </trkpt>
   <trkpt lat="49.6259640" lon="6.1309800">
    <ele>240.9</ele>
    <time>2025-09-13T14:08:45Z</time>
   </trkpt>
   <trkpt lat="49.6255880" lon="6.1310370">
    <ele>241.0</ele>
    <time>2025-09-13T14:08:52Z</time>
   </trkpt>
   <trkpt lat="49.6252790" lon="6.1311190">
    <ele>241.3</ele>
    <time>2025-09-13T14:08:58Z</time>
   </trkpt>
   <trkpt lat="49.6249190" lon="6.1312360">
    <ele>241.5</ele>
    <time>2025-09-13T14:09:05Z</time>
   </trkpt>
   <trkpt lat="49.6247770" lon="6.1312750">
    <ele>241.7</ele>
    <time>2025-09-13T14:09:08Z</time>
   </trkpt>
   <trkpt lat="49.6246900" lon="6.1313170">
    <ele>241.9</ele>
    <time>2025-09-13T14:09:10Z</time>
   </trkpt>
   <trkpt lat="49.6244320" lon="6.1314740">
    <ele>242.7</ele>
    <time>2025-09-13T14:09:16Z</time>
   </trkpt>
   <trkpt lat="49.6242400" lon="6.1316210">
    <ele>243.9</ele>
    <time>2025-09-13T14:09:21Z</time>
   </trkpt>
   <trkpt lat="49.6241290" lon="6.1317300">
    <ele>244.8</ele>
    <time>2025-09-13T14:09:25Z</time>
   </trkpt>
   <trkpt lat="49.6239860" lon="6.1317930">
    <ele>245.7</ele>
    <time>2025-09-13T14:09:29Z</time>
   </trkpt>
   <trkpt lat="49.6237930" lon="6.1319560">
    <ele>246.4</ele>
    <time>2025-09-13T14:09:34Z</time>
   </trkpt>
   <trkpt lat="49.6236480" lon="6.1320960">
    <ele>247.2</ele>
    <time>2025-09-13T14:09:39Z</time>
   </trkpt>
   <trkpt lat="49.6235010" lon="6.1322410">
    <ele>248.1</ele>
    <time>2025-09-13T14:09:44Z</time>
   </trkpt>
   <trkpt lat="49.6232900" lon="6.1324290">
    <ele>248.6</ele>
    <time>2025-09-13T14:09:50Z</time>
   </trkpt>
   <trkpt lat="49.6231410" lon="6.1325150">
    <ele>248.6</ele>
    <time>2025-09-13T14:09:54Z</time>
   </trkpt>
   <trkpt lat="49.6230490" lon="6.1325590">
    <ele>248.5</ele>
    <time>2025-09-13T14:09:56Z</time>
   </trkpt>
   <trkpt lat="49.6229610" lon="6.1325970">
    <ele>248.3</ele>
    <time>2025-09-13T14:09:58Z</time>
   </trkpt>
   <trkpt lat="49.6228680" lon="6.1326290">
    <ele>248.1</ele>
    <time>2025-09-13T14:10:00Z</time>
   </trkpt>
   <trkpt lat="49.6227510" lon="6.1326530">
    <ele>247.7</ele>
    <time>2025-09-13T14:10:02Z</time>
   </trkpt>
   <trkpt lat="49.6225530" lon="6.1326690">
    <ele>246.9</ele>
    <time>2025-09-13T14:10:06Z</time>
   </trkpt>
   <trkpt lat="49.6225210" lon="6.1326900">
    <ele>246.8</ele>
    <time>2025-09-13T14:10:07Z</time>
   </trkpt>
   <trkpt lat="49.6224560" lon="6.1327140">
    <ele>246.5</ele>
    <time>2025-09-13T14:10:09Z</time>
   </trkpt>
   <trkpt lat="49.6223050" lon="6.1326960">
    <ele>245.7</ele>
    <time>2025-09-13T14:10:13Z</time>
   </trkpt>
   <trkpt lat="49.6220150" lon="6.1327170">
    <ele>244.4</ele>
    <time>2025-09-13T14:10:18Z</time>
   </trkpt>
   <trkpt lat="49.6217570" lon="6.1327270">
    <ele>244.1</ele>
    <time>2025-09-13T14:10:23Z</time>
   </trkpt>
   <trkpt lat="49.6214940" lon="6.1326770">
    <ele>244.3</ele>
    <time>2025-09-13T14:10:29Z</time>
   </trkpt>
   <trkpt lat="49.6213630" lon="6.1326060">
    <ele>244.4</ele>
    <time>2025-09-13T14:10:32Z</time>
   </trkpt>
   <trkpt lat="49.6212160" lon="6.1325770">
    <ele>244.5</ele>
    <time>2025-09-13T14:10:35Z</time>
   </trkpt>
   <trkpt lat="49.6209210" lon="6.1325120">
    <ele>244.4</ele>
    <time>2025-09-13T14:10:40Z</time>
   </trkpt>
   <trkpt lat="49.6208690" lon="6.1324910">
    <ele>244.4</ele>
    <time>2025-09-13T14:10:41Z</time>
   </trkpt>
   <trkpt lat="49.6208290" lon="6.1324460">
    <ele>244.4</ele>
    <time>2025-09-13T14:10:42Z</time>
   </trkpt>
   <trkpt lat="49.6208240" lon="6.1323490">
    <ele>244.6</ele>
    <time>2025-09-13T14:10:44Z</time>
   </trkpt>
   <trkpt lat="49.6208310" lon="6.1322900">
    <ele>244.6</ele>
    <time>2025-09-13T14:10:45Z</time>
   </trkpt>
   <trkpt lat="49.6208510" lon="6.1320860">
    <ele>244.7</ele>
    <time>2025-09-13T14:10:48Z</time>
   </trkpt>
   <trkpt lat="49.6208610" lon="6.1316770">
    <ele>245.1</ele>
    <time>2025-09-13T14:10:54Z</time>
   </trkpt>
   <trkpt lat="49.6207990" lon="6.1315850">
    <ele>245.2</ele>
    <time>2025-09-13T14:10:56Z</time>
   </trkpt>
   <trkpt lat="49.6207570" lon="6.1315610">
    <ele>245.2</ele>
    <time>2025-09-13T14:10:57Z</time>
   </trkpt>
   <trkpt lat="49.6207120" lon="6.1315520">
    <ele>245.2</ele>
    <time>2025-09-13T14:10:58Z</time>
   </trkpt>
   <trkpt lat="49.6205780" lon="6.1315410">
    <ele>245.2</ele>
    <time>2025-09-13T14:11:01Z</time>
   </trkpt>
   <trkpt lat="49.6203220" lon="6.1314930">
    <ele>245.2</ele>
    <time>2025-09-13T14:11:06Z</time>
   </trkpt>
   <trkpt lat="49.6202090" lon="6.1314620">
    <ele>245.2</ele>
    <time>2025-09-13T14:11:08Z</time>
   </trkpt>
   <trkpt lat="49.6198280" lon="6.1313720">
    <ele>244.9</ele>
    <time>2025-09-13T14:11:15Z</time>
   </trkpt>
   <trkpt lat="49.6194320" lon="6.1312860">
    <ele>244.9</ele>
    <time>2025-09-13T14:11:22Z</time>
   </trkpt>
   <trkpt lat="49.6188710" lon="6.1311850">
    <ele>245.3</ele>
    <time>2025-09-13T14:11:32Z</time>
   </trkpt>
   <trkpt lat="49.6184700" lon="6.1310920">
    <ele>245.8</ele>
    <time>2025-09-13T14:11:39Z</time>
   </trkpt>
   <trkpt lat="49.6182980" lon="6.1310520">
    <ele>245.9</ele>
    <time>2025-09-13T14:11:42Z</time>
   </trkpt>
   <trkpt lat="49.6181390" lon="6.1310230">
    <ele>246.0</ele>
    <time>2025-09-13T14:11:45Z</time>
   </trkpt>
   <trkpt lat="49.6177930" lon="6.1309570">
    <ele>246.2</ele>
    <time>2025-09-13T14:11:51Z</time>
   </trkpt>
   <trkpt lat="49.6173350" lon="6.1308670">
    <ele>246.7</ele>
    <time>2025-09-13T14:11:59Z</time>
   </trkpt>
   <trkpt lat="49.6170260" lon="6.1308330">
    <ele>247.2</ele>
    <time>2025-09-13T14:12:05Z</time>
   </trkpt>
   <trkpt lat="49.6167650" lon="6.1307980">
    <ele>247.4</ele>
    <time>2025-09-13T14:12:11Z</time>
   </trkpt>
   <trkpt lat="49.6165900" lon="6.1308190">
    <ele>247.3</ele>
    <time>2025-09-13T14:12:17Z</time>
   </trkpt>
   <trkpt lat="49.6164010" lon="6.1309390">
    <ele>246.9</ele>
    <time>2025-09-13T14:12:23Z</time>
   </trkpt>
   <trkpt lat="49.6162010" lon="6.1310850">
    <ele>246.8</ele>
    <time>2025-09-13T14:12:29Z</time>
   </trkpt>
   <trkpt lat="49.6159830" lon="6.1311900">
    <ele>247.0</ele>
    <time>2025-09-13T14:12:36Z</time>
   </trkpt>
   <trkpt lat="49.6157780" lon="6.1312130">
    <ele>247.3</ele>
    <time>2025-09-13T14:12:42Z</time>
   </trkpt>
   <trkpt lat="49.6155830" lon="6.1312520">
    <ele>247.9</ele>
    <time>2025-09-13T14:12:47Z</time>
   </trkpt>
   <trkpt lat="49.6154660" lon="6.1313200">
    <ele>249.0</ele>
    <time>2025-09-13T14:12:52Z</time>
   </trkpt>
   <trkpt lat="49.6153760" lon="6.1314960">
    <ele>250.3</ele>
    <time>2025-09-13T14:12:58Z</time>
   </trkpt>
   <trkpt lat="49.6153250" lon="6.1315340">
    <ele>250.9</ele>
    <time>2025-09-13T14:13:00Z</time>
   </trkpt>
   <trkpt lat="49.6152240" lon="6.1315530">
    <ele>251.8</ele>
    <time>2025-09-13T14:13:03Z</time>
   </trkpt>
   <trkpt lat="49.6150870" lon="6.1315980">
    <ele>253.2</ele>
    <time>2025-09-13T14:13:09Z</time>
   </trkpt>
   <trkpt lat="49.6150740" lon="6.1315900">
    <ele>253.3</ele>
    <time>2025-09-13T14:13:10Z</time>
   </trkpt>
   <trkpt lat="49.6126310" lon="6.1332790">
    <ele>287.7</ele>
    <time>2025-09-13T14:21:32Z</time>
   </trkpt>
   <trkpt lat="49.6126570" lon="6.1332290">
    <ele>288.0</ele>
    <time>2025-09-13T14:21:34Z</time>
   </trkpt>
   <trkpt lat="49.6126570" lon="6.1330860">
    <ele>288.7</ele>
    <time>2025-09-13T14:21:38Z</time>
   </trkpt>
   <trkpt lat="49.6126740" lon="6.1329960">
    <ele>289.3</ele>
    <time>2025-09-13T14:21:41Z</time>
   </trkpt>
   <trkpt lat="49.6126960" lon="6.1329500">
    <ele>289.7</ele>
    <time>2025-09-13T14:21:43Z</time>
   </trkpt>
   <trkpt lat="49.6128090" lon="6.1328400">
    <ele>291.2</ele>
    <time>2025-09-13T14:21:49Z</time>
   </trkpt>
   <trkpt lat="49.6128980" lon="6.1327610">
    <ele>292.2</ele>
    <time>2025-09-13T14:21:54Z</time>
   </trkpt>
   <trkpt lat="49.6130110" lon="6.1326540">
    <ele>293.5</ele>
    <time>2025-09-13T14:22:00Z</time>
   </trkpt>
   <trkpt lat="49.6131360" lon="6.1325380">
    <ele>294.9</ele>
    <time>2025-09-13T14:22:07Z</time>
   </trkpt>
   <trkpt lat="49.6132310" lon="6.1324420">
    <ele>296.0</ele>
    <time>2025-09-13T14:22:13Z</time>
   </trkpt>
   <trkpt lat="49.6133350" lon="6.1322810">
    <ele>297.4</ele>
    <time>2025-09-13T14:22:20Z</time>
   </trkpt>
   <trkpt lat="49.6134350" lon="6.1320740">
    <ele>299.1</ele>
    <time>2025-09-13T14:22:28Z</time>
   </trkpt>
   <trkpt lat="49.6134980" lon="6.1319190">
    <ele>300.2</ele>
    <time>2025-09-13T14:22:35Z</time>
   </trkpt>
   <trkpt lat="49.6135940" lon="6.1317230">
    <ele>301.5</ele>
    <time>2025-09-13T14:22:43Z</time>
   </trkpt>
   <trkpt lat="49.6136980" lon="6.1315550">
    <ele>302.7</ele>
    <time>2025-09-13T14:22:50Z</time>
   </trkpt>
   <trkpt lat="49.6138520" lon="6.1313290">
    <ele>304.4</ele>
    <time>2025-09-13T14:23:00Z</time>
   </trkpt>
   <trkpt lat="49.6139420" lon="6.1311190">
    <ele>305.6</ele>
    <time>2025-09-13T14:23:08Z</time>
   </trkpt>
   <trkpt lat="49.6139410" lon="6.1309640">
    <ele>306.3</ele>
    <time>2025-09-13T14:23:14Z</time>
   </trkpt>
   <trkpt lat="49.6139420" lon="6.1309420">
    <ele>306.4</ele>
    <time>2025-09-13T14:23:15Z</time>
   </trkpt>
   <trkpt lat="49.6139370" lon="6.1308520">
    <ele>306.7</ele>
    <time>2025-09-13T14:24:07Z</time>
   </trkpt>
   <trkpt lat="49.6139290" lon="6.1307670">
    <ele>307.0</ele>
    <time>2025-09-13T14:24:10Z</time>
   </trkpt>
   <trkpt lat="49.6139160" lon="6.1307450">
    <ele>307.1</ele>
    <time>2025-09-13T14:24:11Z</time>
   </trkpt>
   <trkpt lat="49.6138690" lon="6.1307270">
    <ele>307.4</ele>
    <time>2025-09-13T14:24:14Z</time>
   </trkpt>
   <trkpt lat="49.6137980" lon="6.1308230">
    <ele>307.6</ele>
    <time>2025-09-13T14:24:18Z</time>
   </trkpt>
   <trkpt lat="49.6136480" lon="6.1309240">
    <ele>308.1</ele>
    <time>2025-09-13T14:24:23Z</time>
   </trkpt>
   <trkpt lat="49.6133750" lon="6.1310920">
    <ele>309.1</ele>
    <time>2025-09-13T14:24:31Z</time>
   </trkpt>
   <trkpt lat="49.6132000" lon="6.1311650">
    <ele>309.6</ele>
    <time>2025-09-13T14:24:36Z</time>
   </trkpt>
   <trkpt lat="49.6131190" lon="6.1311690">
    <ele>309.8</ele>
    <time>2025-09-13T14:24:39Z</time>
   </trkpt>
   <trkpt lat="49.6130990" lon="6.1311470">
    <ele>309.9</ele>
    <time>2025-09-13T14:24:40Z</time>
   </trkpt>
   <trkpt lat="49.6130690" lon="6.1309130">
    <ele>310.0</ele>
    <time>2025-09-13T14:24:45Z</time>
   </trkpt>
   <trkpt lat="49.6130580" lon="6.1305540">
    <ele>310.6</ele>
    <time>2025-09-13T14:24:52Z</time>
   </trkpt>
   <trkpt lat="49.6130360" lon="6.1304260">
    <ele>310.9</ele>
    <time>2025-09-13T14:24:55Z</time>
   </trkpt>
   <trkpt lat="49.6130070" lon="6.1304030">
    <ele>310.9</ele>
    <time>2025-09-13T14:24:56Z</time>
   </trkpt>
   <trkpt lat="49.6128690" lon="6.1304100">
    <ele>311.2</ele>
    <time>2025-09-13T14:25:00Z</time>
   </trkpt>
   <trkpt lat="49.6126820" lon="6.1304690">
    <ele>311.6</ele>
    <time>2025-09-13T14:25:07Z</time>
   </trkpt>
   <trkpt lat="49.6126650" lon="6.1304980">
    <ele>311.6</ele>
    <time>2025-09-13T14:25:08Z</time>
   </trkpt>
   <trkpt lat="49.6126470" lon="6.1305970">
    <ele>311.6</ele>
    <time>2025-09-13T14:25:10Z</time>
   </trkpt>
   <trkpt lat="49.6126370" lon="6.1308980">
    <ele>311.5</ele>
    <time>2025-09-13T14:25:15Z</time>
   </trkpt>
   <trkpt lat="49.6127220" lon="6.1313020">
    <ele>311.2</ele>
    <time>2025-09-13T14:25:22Z</time>
   </trkpt>
   <trkpt lat="49.6127070" lon="6.1313740">
    <ele>311.2</ele>
    <time>2025-09-13T14:25:24Z</time>
   </trkpt>
   <trkpt lat="49.6126800" lon="6.1313940">
    <ele>311.2</ele>
    <time>2025-09-13T14:25:25Z</time>
   </trkpt>
   <trkpt lat="49.6125180" lon="6.1314320">
    <ele>311.5</ele>
    <time>2025-09-13T14:25:30Z</time>
   </trkpt>
   <trkpt lat="49.6123790" lon="6.1315030">
    <ele>311.6</ele>
    <time>2025-09-13T14:25:34Z</time>
   </trkpt>
   <trkpt lat="49.6121420" lon="6.1315700">
    <ele>311.4</ele>
    <time>2025-09-13T14:25:40Z</time>
   </trkpt>
   <trkpt lat="49.6119950" lon="6.1315780">
    <ele>311.1</ele>
    <time>2025-09-13T14:25:43Z</time>
   </trkpt>
   <trkpt lat="49.6119550" lon="6.1315810">
    <ele>311.0</ele>
    <time>2025-09-13T14:25:44Z</time>
   </trkpt>
   <trkpt lat="49.6118430" lon="6.1316050">
    <ele>310.9</ele>
    <time>2025-09-13T14:25:47Z</time>
   </trkpt>
   <trkpt lat="49.6116470" lon="6.1316240">
    <ele>310.8</ele>
    <time>2025-09-13T14:25:52Z</time>
   </trkpt>
   <trkpt lat="49.6114720" lon="6.1316050">
    <ele>310.5</ele>
    <time>2025-09-13T14:25:57Z</time>
   </trkpt>
   <trkpt lat="49.6113680" lon="6.1315930">
    <ele>310.2</ele>
    <time>2025-09-13T14:26:00Z</time>
   </trkpt>
   <trkpt lat="49.6112580" lon="6.1316310">
    <ele>309.7</ele>
    <time>2025-09-13T14:26:03Z</time>
   </trkpt>
   <trkpt lat="49.6110210" lon="6.1316780">
    <ele>308.8</ele>
    <time>2025-09-13T14:26:09Z</time>
   </trkpt>
   <trkpt lat="49.6108930" lon="6.1316760">
    <ele>308.4</ele>
    <time>2025-09-13T14:26:14Z</time>
   </trkpt>
   <trkpt lat="49.6108800" lon="6.1316830">
    <ele>308.4</ele>
    <time>2025-09-13T14:26:15Z</time>
   </trkpt>
   <trkpt lat="49.6108560" lon="6.1316910">
    <ele>308.3</ele>
    <time>2025-09-13T14:26:17Z</time>
   </trkpt>
   <trkpt lat="49.6107090" lon="6.1317750">
    <ele>307.7</ele>
    <time>2025-09-13T14:26:45Z</time>
   </trkpt>
   <trkpt lat="49.6106810" lon="6.1318030">
    <ele>307.5</ele>
    <time>2025-09-13T14:26:47Z</time>
   </trkpt>
   <trkpt lat="49.6105570" lon="6.1318870">
    <ele>306.8</ele>
    <time>2025-09-13T14:26:53Z</time>
   </trkpt>
   <trkpt lat="49.6103310" lon="6.1320490">
    <ele>305.6</ele>
    <time>2025-09-13T14:27:00Z</time>
   </trkpt>
   <trkpt lat="49.6101720" lon="6.1321470">
    <ele>304.7</ele>
    <time>2025-09-13T14:27:06Z</time>
   </trkpt>
   <trkpt lat="49.6101530" lon="6.1321420">
    <ele>304.6</ele>
    <time>2025-09-13T14:27:07Z</time>
   </trkpt>
   <trkpt lat="49.6101180" lon="6.1320810">
    <ele>304.2</ele>
    <time>2025-09-13T14:27:09Z</time>
   </trkpt>
   <trkpt lat="49.6100960" lon="6.1319130">
    <ele>303.9</ele>
    <time>2025-09-13T14:27:13Z</time>
   </trkpt>
   <trkpt lat="49.6100880" lon="6.1315860">
    <ele>303.5</ele>
    <time>2025-09-13T14:27:19Z</time>
   </trkpt>
   <trkpt lat="49.6100780" lon="6.1312820">
    <ele>303.2</ele>
    <time>2025-09-13T14:27:24Z</time>
   </trkpt>
   <trkpt lat="49.6100620" lon="6.1310290">
    <ele>303.1</ele>
    <time>2025-09-13T14:27:29Z</time>
   </trkpt>
   <trkpt lat="49.6100520" lon="6.1307660">
    <ele>302.8</ele>
    <time>2025-09-13T14:27:34Z</time>
   </trkpt>
   <trkpt lat="49.6100440" lon="6.1305140">
    <ele>302.6</ele>
    <time>2025-09-13T14:27:41Z</time>
   </trkpt>
   <trkpt lat="49.6100390" lon="6.1303410">
    <ele>302.5</ele>
    <time>2025-09-13T14:27:49Z</time>
   </trkpt>
   <trkpt lat="49.6099650" lon="6.1302660">
    <ele>302.6</ele>
    <time>2025-09-13T14:28:32Z</time>
   </trkpt>
   <trkpt lat="49.6099620" lon="6.1303260">
    <ele>302.5</ele>
    <time>2025-09-13T14:28:34Z</time>
   </trkpt>
   <trkpt lat="49.6099930" lon="6.1304960">
    <ele>302.6</ele>
    <time>2025-09-13T14:28:38Z</time>
   </trkpt>
   <trkpt lat="49.6100080" lon="6.1305440">
    <ele>302.7</ele>
    <time>2025-09-13T14:28:39Z</time>
   </trkpt>
   <trkpt lat="49.6100490" lon="6.1308410">
    <ele>302.9</ele>
    <time>2025-09-13T14:28:46Z</time>
   </trkpt>
   <trkpt lat="49.6100770" lon="6.1310040">
    <ele>303.0</ele>
    <time>2025-09-13T14:28:51Z</time>
   </trkpt>
   <trkpt lat="49.6100980" lon="6.1310240">
    <ele>303.0</ele>
    <time>2025-09-13T14:28:52Z</time>
   </trkpt>
   <trkpt lat="49.6101640" lon="6.1310390">
    <ele>303.1</ele>
    <time>2025-09-13T14:28:56Z</time>
   </trkpt>
   <trkpt lat="49.6101200" lon="6.1315660">
    <ele>303.4</ele>
    <time>2025-09-13T14:35:08Z</time>
   </trkpt>
   <trkpt lat="49.6101200" lon="6.1315660">
    <ele>303.4</ele>
    <time>2025-09-13T14:35:09Z</time>
   </trkpt>
   <trkpt lat="49.6100930" lon="6.1312460">
    <ele>303.2</ele>
    <time>2025-09-13T14:36:19Z</time>
   </trkpt>
   <trkpt lat="49.6100850" lon="6.1312080">
    <ele>303.2</ele>
    <time>2025-09-13T14:36:20Z</time>
   </trkpt>
   <trkpt lat="49.6100710" lon="6.1310170">
    <ele>303.0</ele>
    <time>2025-09-13T14:36:25Z</time>
   </trkpt>
   <trkpt lat="49.6100560" lon="6.1307340">
    <ele>302.8</ele>
    <time>2025-09-13T14:36:30Z</time>
   </trkpt>
   <trkpt lat="49.6100280" lon="6.1304730">
    <ele>302.6</ele>
    <time>2025-09-13T14:36:36Z</time>
   </trkpt>
   <trkpt lat="49.6100220" lon="6.1304360">
    <ele>302.6</ele>
    <time>2025-09-13T14:36:38Z</time>
   </trkpt>
   <trkpt lat="49.6099900" lon="6.1304200">
    <ele>302.5</ele>
    <time>2025-09-13T14:36:45Z</time>
   </trkpt>
   <trkpt lat="49.6099710" lon="6.1304150">
    <ele>302.5</ele>
    <time>2025-09-13T14:36:46Z</time>
   </trkpt>
   <trkpt lat="49.6098900" lon="6.1303830">
    <ele>302.3</ele>
    <time>2025-09-13T14:36:50Z</time>
   </trkpt>
   <trkpt lat="49.6097080" lon="6.1302820">
    <ele>301.8</ele>
    <time>2025-09-13T14:37:02Z</time>
   </trkpt>
   <trkpt lat="49.6096940" lon="6.1302590">
    <ele>301.7</ele>
    <time>2025-09-13T14:37:03Z</time>
   </trkpt>
   <trkpt lat="49.6096430" lon="6.1302180">
    <ele>301.6</ele>
    <time>2025-09-13T14:37:07Z</time>
   </trkpt>
   <trkpt lat="49.6096330" lon="6.1302210">
    <ele>301.5</ele>
    <time>2025-09-13T14:37:08Z</time>
   </trkpt>
   <trkpt lat="49.6095810" lon="6.1302710">
    <ele>301.3</ele>
    <time>2025-09-13T14:37:11Z</time>
   </trkpt>
   <trkpt lat="49.6095340" lon="6.1302740">
    <ele>301.2</ele>
    <time>2025-09-13T14:37:13Z</time>
   </trkpt>
   <trkpt lat="49.6094000" lon="6.1302900">
    <ele>300.8</ele>
    <time>2025-09-13T14:37:18Z</time>
   </trkpt>
   <trkpt lat="49.6093510" lon="6.1303470">
    <ele>300.7</ele>
    <time>2025-09-13T14:37:20Z</time>
   </trkpt>
   <trkpt lat="49.6093330" lon="6.1304020">
    <ele>300.6</ele>
    <time>2025-09-13T14:37:21Z</time>
   </trkpt>
   <trkpt lat="49.6092980" lon="6.1305320">
    <ele>300.4</ele>
    <time>2025-09-13T14:37:23Z</time>
   </trkpt>
   <trkpt lat="49.6092230" lon="6.1306950">
    <ele>300.1</ele>
    <time>2025-09-13T14:37:26Z</time>
   </trkpt>
   <trkpt lat="49.6090330" lon="6.1311140">
    <ele>299.5</ele>
    <time>2025-09-13T14:37:33Z</time>
   </trkpt>
   <trkpt lat="49.6089690" lon="6.1312430">
    <ele>299.3</ele>
    <time>2025-09-13T14:37:35Z</time>
   </trkpt>
   <trkpt lat="49.6088720" lon="6.1314440">
    <ele>299.1</ele>
    <time>2025-09-13T14:37:38Z</time>
   </trkpt>
   <trkpt lat="49.6088120" lon="6.1315840">
    <ele>299.0</ele>
    <time>2025-09-13T14:37:40Z</time>
   </trkpt>
   <trkpt lat="49.6087110" lon="6.1317760">
    <ele>298.8</ele>
    <time>2025-09-13T14:37:43Z</time>
   </trkpt>
   <trkpt lat="49.6086710" lon="6.1319360">
    <ele>298.5</ele>
    <time>2025-09-13T14:37:45Z</time>
   </trkpt>
   <trkpt lat="49.6086570" lon="6.1320140">
    <ele>298.4</ele>
    <time>2025-09-13T14:37:46Z</time>
   </trkpt>
   <trkpt lat="49.6086290" lon="6.1320720">
    <ele>298.2</ele>
    <time>2025-09-13T14:37:47Z</time>
   </trkpt>
   <trkpt lat="49.6085280" lon="6.1321820">
    <ele>297.8</ele>
    <time>2025-09-13T14:37:50Z</time>
   </trkpt>
   <trkpt lat="49.6083620" lon="6.1322870">
    <ele>297.1</ele>
    <time>2025-09-13T14:37:55Z</time>
   </trkpt>
   <trkpt lat="49.6081490" lon="6.1324160">
    <ele>296.3</ele>
    <time>2025-09-13T14:38:00Z</time>
   </trkpt>
   <trkpt lat="49.6079350" lon="6.1325860">
    <ele>295.5</ele>
    <time>2025-09-13T14:38:05Z</time>
   </trkpt>
   <trkpt lat="49.6077960" lon="6.1327500">
    <ele>295.1</ele>
    <time>2025-09-13T14:38:10Z</time>
   </trkpt>
   <trkpt lat="49.6076690" lon="6.1328540">
    <ele>294.8</ele>
    <time>2025-09-13T14:38:14Z</time>
   </trkpt>
   <trkpt lat="49.6074550" lon="6.1330010">
    <ele>294.2</ele>
    <time>2025-09-13T14:38:19Z</time>
   </trkpt>
   <trkpt lat="49.6071540" lon="6.1332210">
    <ele>293.5</ele>
    <time>2025-09-13T14:38:25Z</time>
   </trkpt>
   <trkpt lat="49.6068360" lon="6.1334490">
    <ele>293.3</ele>
    <time>2025-09-13T14:38:31Z</time>
   </trkpt>
   <trkpt lat="49.6067790" lon="6.1334780">
    <ele>293.1</ele>
    <time>2025-09-13T14:38:32Z</time>
   </trkpt>
   <trkpt lat="49.6066650" lon="6.1335160">
    <ele>292.9</ele>
    <time>2025-09-13T14:38:34Z</time>
   </trkpt>
   <trkpt lat="49.6065410" lon="6.1335310">
    <ele>292.7</ele>
    <time>2025-09-13T14:38:36Z</time>
   </trkpt>
   <trkpt lat="49.6061010" lon="6.1335220">
    <ele>291.8</ele>
    <time>2025-09-13T14:38:43Z</time>
   </trkpt>
   <trkpt lat="49.6056770" lon="6.1335210">
    <ele>291.1</ele>
    <time>2025-09-13T14:38:50Z</time>
   </trkpt>
   <trkpt lat="49.6052540" lon="6.1335140">
    <ele>290.7</ele>
    <time>2025-09-13T14:38:57Z</time>
   </trkpt>
   <trkpt lat="49.6049970" lon="6.1334580">
    <ele>290.6</ele>
    <time>2025-09-13T14:39:02Z</time>
   </trkpt>
   <trkpt lat="49.6048150" lon="6.1334080">
    <ele>290.8</ele>
    <time>2025-09-13T14:39:07Z</time>
   </trkpt>
   <trkpt lat="49.6047460" lon="6.1333630">
    <ele>290.9</ele>
    <time>2025-09-13T14:39:11Z</time>
   </trkpt>
   <trkpt lat="49.6047360" lon="6.1333560">
    <ele>290.9</ele>
    <time>2025-09-13T14:39:12Z</time>
   </trkpt>
   <trkpt lat="49.6046660" lon="6.1333190">
    <ele>291.0</ele>
    <time>2025-09-13T14:39:26Z</time>
   </trkpt>
   <trkpt lat="49.6046280" lon="6.1333110">
    <ele>291.1</ele>
    <time>2025-09-13T14:39:28Z</time>
   </trkpt>
   <trkpt lat="49.6045900" lon="6.1333000">
    <ele>291.1</ele>
    <time>2025-09-13T14:39:31Z</time>
   </trkpt>
   <trkpt lat="49.6045160" lon="6.1334850">
    <ele>291.2</ele>
    <time>2025-09-13T14:39:53Z</time>
   </trkpt>
   <trkpt lat="49.6045120" lon="6.1335210">
    <ele>291.1</ele>
    <time>2025-09-13T14:39:54Z</time>
   </trkpt>
   <trkpt lat="49.6044750" lon="6.1337430">
    <ele>291.4</ele>
    <time>2025-09-13T14:39:59Z</time>
   </trkpt>
   <trkpt lat="49.6043770" lon="6.1340850">
    <ele>291.6</ele>
    <time>2025-09-13T14:40:06Z</time>
   </trkpt>
   <trkpt lat="49.6043070" lon="6.1345320">
    <ele>291.5</ele>
    <time>2025-09-13T14:40:15Z</time>
   </trkpt>
   <trkpt lat="49.6045070" lon="6.1347590">
    <ele>289.3</ele>
    <time>2025-09-13T14:40:20Z</time>
   </trkpt>
   <trkpt lat="49.6045460" lon="6.1350750">
    <ele>288.1</ele>
    <time>2025-09-13T14:40:26Z</time>
   </trkpt>
   <trkpt lat="49.6045320" lon="6.1354840">
    <ele>288.2</ele>
    <time>2025-09-13T14:40:34Z</time>
   </trkpt>
   <trkpt lat="49.6046650" lon="6.1357100">
    <ele>286.8</ele>
    <time>2025-09-13T14:40:39Z</time>
   </trkpt>
   <trkpt lat="49.6047730" lon="6.1358840">
    <ele>285.7</ele>
    <time>2025-09-13T14:40:43Z</time>
   </trkpt>
   <trkpt lat="49.6047760" lon="6.1359260">
    <ele>285.8</ele>
    <time>2025-09-13T14:40:44Z</time>
   </trkpt>
   <trkpt lat="49.6047590" lon="6.1360570">
    <ele>286.2</ele>
    <time>2025-09-13T14:40:47Z</time>
   </trkpt>
   <trkpt lat="49.6047450" lon="6.1363200">
    <ele>287.1</ele>
    <time>2025-09-13T14:40:53Z</time>
   </trkpt>
   <trkpt lat="49.6046330" lon="6.1367390">
    <ele>290.5</ele>
    <time>2025-09-13T14:41:02Z</time>
   </trkpt>
   <trkpt lat="49.6045760" lon="6.1368950">
    <ele>291.5</ele>
    <time>2025-09-13T14:41:07Z</time>
   </trkpt>
   <trkpt lat="49.6045780" lon="6.1369100">
    <ele>291.5</ele>
    <time>2025-09-13T14:41:08Z</time>
   </trkpt>
   <trkpt lat="49.6045500" lon="6.1369470">
    <ele>291.8</ele>
    <time>2025-09-13T14:41:58Z</time>
   </trkpt>
   <trkpt lat="49.6045360" lon="6.1369680">
    <ele>291.8</ele>
    <time>2025-09-13T14:41:59Z</time>
   </trkpt>
   <trkpt lat="49.6045040" lon="6.1370700">
    <ele>292.3</ele>
    <time>2025-09-13T14:42:02Z</time>
   </trkpt>
   <trkpt lat="49.6045090" lon="6.1371480">
    <ele>292.5</ele>
    <time>2025-09-13T14:42:04Z</time>
   </trkpt>
   <trkpt lat="49.6045680" lon="6.1372150">
    <ele>292.8</ele>
    <time>2025-09-13T14:42:08Z</time>
   </trkpt>
   <trkpt lat="49.6045880" lon="6.1372310">
    <ele>292.8</ele>
    <time>2025-09-13T14:42:10Z</time>
   </trkpt>
   <trkpt lat="49.6046230" lon="6.1372800">
    <ele>292.8</ele>
    <time>2025-09-13T14:42:13Z</time>
   </trkpt>
   <trkpt lat="49.6046890" lon="6.1373330">
    <ele>293.2</ele>
    <time>2025-09-13T14:42:18Z</time>
   </trkpt>
   <trkpt lat="49.6047090" lon="6.1373350">
    <ele>293.1</ele>
    <time>2025-09-13T14:42:19Z</time>
   </trkpt>
   <trkpt lat="49.6047480" lon="6.1373520">
    <ele>293.0</ele>
    <time>2025-09-13T14:42:21Z</time>
   </trkpt>
   <trkpt lat="49.6048260" lon="6.1373710">
    <ele>292.9</ele>
    <time>2025-09-13T14:42:25Z</time>
   </trkpt>
   <trkpt lat="49.6048620" lon="6.1373620">
    <ele>292.5</ele>
    <time>2025-09-13T14:42:26Z</time>
   </trkpt>
   <trkpt lat="49.6050350" lon="6.1372660">
    <ele>290.7</ele>
    <time>2025-09-13T14:42:30Z</time>
   </trkpt>
   <trkpt lat="49.6050760" lon="6.1372380">
    <ele>290.2</ele>
    <time>2025-09-13T14:42:31Z</time>
   </trkpt>
   <trkpt lat="49.6052140" lon="6.1371410">
    <ele>288.3</ele>
    <time>2025-09-13T14:42:35Z</time>
   </trkpt>
   <trkpt lat="49.6053050" lon="6.1370950">
    <ele>286.9</ele>
    <time>2025-09-13T14:42:40Z</time>
   </trkpt>
   <trkpt lat="49.6053050" lon="6.1371140">
    <ele>287.1</ele>
    <time>2025-09-13T14:42:41Z</time>
   </trkpt>
  </trkseg>
 </trk>
</gpx>
